{"type":"FeatureCollection","features":[{"type":"Feature","id":1,"geometry":{"type":"Polygon","coordinates":[[[119.48978104100001,-5.1385767269999292],[119.48983078900005,-5.1385553999999729],[119.48989649600003,-5.1385859319999554],[119.48991540100008,-5.1385407219999593],[119.48995467400005,-5.13852024199997],[119.48994925200009,-5.1385059149999393],[119.4899950250001,-5.1383933429999615],[119.4900099030001,-5.1383858119999672],[119.48998976600001,-5.1383440419999715],[119.49000358400008,-5.1382940689999259],[119.48996328300007,-5.1382804759999772],[119.48995915400008,-5.1382918509999627],[119.4899130980001,-5.1381781439999372],[119.48989110600007,-5.1381193429999712],[119.48988865700005,-5.1381029119999653],[119.48981989300012,-5.1381297839999434],[119.48979211900007,-5.1381173379999723],[119.48978120100003,-5.1381463749999625],[119.48971988200003,-5.1381711259999747],[119.48969151800009,-5.1381604759999391],[119.48968118300002,-5.1381859239999699],[119.48961717900011,-5.1382103859999688],[119.48959148800009,-5.1381970349999619],[119.48958324800003,-5.1382245679999414],[119.48951925400002,-5.1382514219999393],[119.48953974900007,-5.1383087339999634],[119.48952916000007,-5.1383455419999677],[119.48955990000002,-5.1383540909999397],[119.48958307400005,-5.1384101969999278],[119.48956679200012,-5.1384398529999658],[119.48960143900001,-5.1384561579999399],[119.48962192100009,-5.1385101819999477],[119.48960892900004,-5.1385425159999727],[119.48964328200009,-5.1385600179999642],[119.48967038300009,-5.1386292609999487],[119.4896706610001,-5.1386296979999315],[119.48969255600002,-5.1385810489999812],[119.4897218210001,-5.1385934889999589],[119.48972453300007,-5.1386009519999334],[119.48974476300009,-5.1385922789999654],[119.48975975900009,-5.1385858499999699],[119.48978104100001,-5.1385767269999292]]]},"properties":{"OBJECTID":1,"Id":0,"KODE":"Masjid","BANGUNAN":"Masjid Ikhtiar Kampus Unhas","UNIT":"1","LOKASI":"Kampus Unhas Tamalanrea","TAHUN":2021,"Skala":"1 : 100","Luas_m2":1973.6500000000001,"FOTO":" ","Shape_Length":0.0018076275845524605,"Shape_Area":1.6079580456295857e-07}},{"type":"Feature","id":2,"geometry":{"type":"Polygon","coordinates":[[[119.48996340400004,-5.137957111999981],[119.48994041300011,-5.1378984089999449],[119.48976512800004,-5.1379638989999421],[119.48978443800002,-5.1380228899999452],[119.48996340400004,-5.137957111999981]]]},"properties":{"OBJECTID":2,"Id":1,"KODE":"PRK","BANGUNAN":"Parkir Motor Masjid Ikhtiar","UNIT":"1","LOKASI":"Kampus Unhas Tamalanrea","TAHUN":2021,"Skala":"1 : 100","Luas_m2":144.97999999999999,"FOTO":" ","Shape_Length":0.00050290674388653246,"Shape_Area":1.1811496217721441e-08}},{"type":"Feature","id":3,"geometry":{"type":"Polygon","coordinates":[[[119.48972332800008,-5.1378680499999518],[119.48972043400011,-5.13785993099998],[119.48977288500009,-5.137831227999925],[119.48977279300004,-5.1378310299999725],[119.4897612310001,-5.1378016619999585],[119.48970667500009,-5.1378174179999405],[119.48966719400005,-5.1378460299999347],[119.48967828800005,-5.1378775519999635],[119.48972332800008,-5.1378680499999518]]]},"properties":{"OBJECTID":3,"Id":2,"KODE":"GH","BANGUNAN":"Green House","UNIT":"1","LOKASI":"Kampus Unhas Tamalanrea","TAHUN":2021,"Skala":"1 : 100","Luas_m2":51.619999999999997,"FOTO":" ","Shape_Length":0.00028518357601076914,"Shape_Area":4.2051524395097071e-09}},{"type":"Feature","id":4,"geometry":{"type":"Polygon","coordinates":[[[119.48911753000004,-5.1382005479999293],[119.48908912800005,-5.138133939999932],[119.48902924300012,-5.1381289129999459],[119.48900013800005,-5.1381268739999655],[119.48898279400009,-5.1381441599999675],[119.48898173000009,-5.1381771639999556],[119.48899904900009,-5.1382148799999641],[119.48898395500009,-5.138234989999944],[119.48900443700006,-5.1382512069999393],[119.48901891000003,-5.1382317809999449],[119.48903872100004,-5.1382355299999745],[119.48908811700005,-5.1382422719999568],[119.48911753000004,-5.1382005479999293]]]},"properties":{"OBJECTID":4,"Id":3,"KODE":"GT","BANGUNAN":"Galeri dan Klinik Tanaman","UNIT":"1","LOKASI":"Kampus Unhas Tamalanrea","TAHUN":2021,"Skala":"1 : 100","Luas_m2":154.06,"FOTO":" ","Shape_Length":0.00045725285782307305,"Shape_Area":1.2551825926095273e-08}},{"type":"Feature","id":5,"geometry":{"type":"Polygon","coordinates":[[[119.49183097100001,-5.1352638879999404],[119.49183682000012,-5.1352397299999666],[119.49182939700006,-5.1352270679999492],[119.49180673300009,-5.135225481999953],[119.49179269700005,-5.1352346239999633],[119.4917908860001,-5.1352597399999809],[119.49179615700007,-5.1352659369999287],[119.49181908000003,-5.135272782999948],[119.49183097100001,-5.1352638879999404]]]},"properties":{"OBJECTID":5,"Id":4,"KODE":"1","BANGUNAN":"Bak Air Gudang Rambo","UNIT":" ","LOKASI":"Kampus Unhas Tamalanrea","TAHUN":2021,"Skala":"1 : 100","Luas_m2":20.699999999999999,"FOTO":" ","Shape_Length":0.00015109349433373899,"Shape_Area":1.6860813970331481e-09}},{"type":"Feature","id":6,"geometry":{"type":"Polygon","coordinates":[[[119.49168841700009,-5.135369614999945],[119.49161437700002,-5.1352554079999777],[119.49157988100001,-5.135277781999946],[119.49164759700011,-5.135395649999964],[119.49168841700009,-5.135369614999945]]]},"properties":{"OBJECTID":6,"Id":5,"KODE":" ","BANGUNAN":"Wisma Unhas Tamalanrea","UNIT":" ","LOKASI":"Kampus Unhas Tamalanrea","TAHUN":2021,"Skala":"1 : 100","Luas_m2":74.689999999999998,"FOTO":" ","Shape_Length":0.00036157453849854044,"Shape_Area":6.0853067269968605e-09}},{"type":"Feature","id":7,"geometry":{"type":"Polygon","coordinates":[[[119.49168841700009,-5.135369614999945],[119.49179510300007,-5.1353015719999462],[119.49179504100005,-5.1353009569999699],[119.49171686800003,-5.1351772889999552],[119.49161077100007,-5.1352480089999517],[119.49161437700002,-5.1352554079999777],[119.49168841700009,-5.135369614999945]]]},"properties":{"OBJECTID":7,"Id":6,"KODE":" ","BANGUNAN":"Wisma Unhas Tamalanrea","UNIT":" ","LOKASI":"Kampus Unhas Tamalanrea","TAHUN":2021,"Skala":"1 : 100","Luas_m2":228.00999999999999,"FOTO":" ","Shape_Length":0.0005453039849549284,"Shape_Area":1.8576078820144669e-08}},{"type":"Feature","id":8,"geometry":{"type":"Polygon","coordinates":[[[119.49181170500003,-5.1349705459999768],[119.49173876000009,-5.1348572429999422],[119.49129891300004,-5.1351521379999667],[119.49137304500005,-5.1352640029999748],[119.49137309600007,-5.135264005999943],[119.49181170500003,-5.1349705459999768]]]},"properties":{"OBJECTID":8,"Id":7,"KODE":" ","BANGUNAN":"Wisma Unhas Tamalanrea","UNIT":" ","LOKASI":"Kampus Unhas Tamalanrea","TAHUN":2021,"Skala":"1 : 100","Luas_m2":872.63999999999999,"FOTO":" ","Shape_Length":0.0013262863221187853,"Shape_Area":7.1094318966036871e-08}},{"type":"Feature","id":9,"geometry":{"type":"Polygon","coordinates":[[[119.4914978810001,-5.1354137289999358],[119.49149700800001,-5.1354138339999622],[119.49138706000008,-5.1354142629999728],[119.4913863810001,-5.1354850499999429],[119.49143933400001,-5.1354865169999471],[119.49144021600011,-5.1354680999999687],[119.49149674600005,-5.1354690749999463],[119.4914978810001,-5.1354137289999358]]]},"properties":{"OBJECTID":9,"Id":8,"KODE":" ","BANGUNAN":"Wisma Unhas Tamalanrea","UNIT":" ","LOKASI":"Kampus Unhas Tamalanrea","TAHUN":2021,"Skala":"1 : 100","Luas_m2":85.239999999999995,"FOTO":" ","Shape_Length":0.00036492585370087116,"Shape_Area":6.9445699236276909e-09}},{"type":"Feature","id":10,"geometry":{"type":"Polygon","coordinates":[[[119.49147405300005,-5.1355215339999631],[119.49147397000002,-5.1355002509999395],[119.49144415800004,-5.1355003679999527],[119.49144376400011,-5.1355216519999658],[119.49143493700001,-5.1355212089999327],[119.49143141800005,-5.1355975059999537],[119.49153136300004,-5.135600702999966],[119.49153297300006,-5.1355239339999343],[119.49147405300005,-5.1355215339999631]]]},"properties":{"OBJECTID":10,"Id":9,"KODE":" ","BANGUNAN":"Unit Penjernihan Air","UNIT":" ","LOKASI":"Kampus Unhas Tamalanrea","TAHUN":2021,"Skala":"1 : 100","Luas_m2":101.3,"FOTO":" ","Shape_Length":0.00039335011599571444,"Shape_Area":8.2533298619701236e-09}},{"type":"Feature","id":11,"geometry":{"type":"Polygon","coordinates":[[[119.49126108600001,-5.1355257139999253],[119.49124462700001,-5.1355250599999636],[119.49123668600009,-5.1356298319999496],[119.49130086800005,-5.1356362769999464],[119.49130855800001,-5.1355281589999322],[119.49126108600001,-5.1355257139999253]]]},"properties":{"OBJECTID":11,"Id":10,"KODE":" ","BANGUNAN":"Unit Penjernihan Air","UNIT":" ","LOKASI":"Kampus Unhas Tamalanrea","TAHUN":2021,"Skala":"1 : 100","Luas_m2":84.209999999999994,"FOTO":" ","Shape_Length":0.00034197533430692877,"Shape_Area":6.8603874904063114e-09}},{"type":"Feature","id":12,"geometry":{"type":"Polygon","coordinates":[[[119.49130855800001,-5.1355281589999322],[119.49135292800008,-5.1355303769999523],[119.49135470400006,-5.1355033319999279],[119.49134757500008,-5.1355031359999543],[119.49135038700001,-5.1354289939999376],[119.49126783600002,-5.1354214249999472],[119.49126108600001,-5.1355257139999253],[119.49130855800001,-5.1355281589999322]]]},"properties":{"OBJECTID":12,"Id":11,"KODE":" ","BANGUNAN":"Unit Penjernihan Air","UNIT":" ","LOKASI":"Kampus Unhas Tamalanrea","TAHUN":2021,"Skala":"1 : 100","Luas_m2":108.52,"FOTO":" ","Shape_Length":0.00038779506115770479,"Shape_Area":8.8412403176082517e-09}},{"type":"Feature","id":13,"geometry":{"type":"Polygon","coordinates":[[[119.49168521700005,-5.1356547519999367],[119.49164385400002,-5.1356286089999799],[119.49161729200011,-5.1356672129999765],[119.49160820400004,-5.1356607919999533],[119.4915616830001,-5.135728768999968],[119.49161001000004,-5.1357573949999278],[119.49164746600002,-5.1356988999999658],[119.49165727000002,-5.1357053179999639],[119.49168521700005,-5.1356547519999367]]]},"properties":{"OBJECTID":13,"Id":12,"KODE":" ","BANGUNAN":"Unit Penjernihan Air","UNIT":" ","LOKASI":"Kampus Unhas Tamalanrea","TAHUN":2021,"Skala":"1 : 100","Luas_m2":85.489999999999995,"FOTO":" ","Shape_Length":0.00038441196913165961,"Shape_Area":6.9648504846660668e-09}},{"type":"Feature","id":14,"geometry":{"type":"Polygon","coordinates":[[[119.49095961400008,-5.1351594089999253],[119.49089281500005,-5.1351546479999683],[119.49088895900002,-5.1352058379999335],[119.49075011400009,-5.1351965759999416],[119.49074875500003,-5.1352149939999663],[119.49071463600001,-5.1352117799999633],[119.49070827900005,-5.1352943059999347],[119.49070207600005,-5.1352938519999611],[119.49069978900002,-5.1353192089999311],[119.49069524900005,-5.1353782929999738],[119.49070168900005,-5.1353785069999276],[119.49069511100004,-5.135465576999934],[119.49073041700001,-5.1354675909999514],[119.4907288170001,-5.1354855329999509],[119.49108142200009,-5.1355104609999671],[119.4910825500001,-5.135493955999948],[119.49111070200001,-5.1354962379999733],[119.49111459200003,-5.1354536569999709],[119.49111680600004,-5.1354096469999604],[119.49112277100005,-5.1354103409999539],[119.49112818600008,-5.135330688999943],[119.49112871700004,-5.1353303159999655],[119.49112388700007,-5.1353292709999323],[119.49112784600004,-5.1352431669999419],[119.49110159800011,-5.1352399219999256],[119.49110224500009,-5.1352224619999447],[119.49095694700009,-5.1352096379999352],[119.49095961400008,-5.1351594089999253]]]},"properties":{"OBJECTID":14,"Id":13,"KODE":" ","BANGUNAN":"Lapangan Bulu Tangkis","UNIT":" ","LOKASI":"Kampus Unhas Tamalanrea","TAHUN":2021,"Skala":"1 : 100","Luas_m2":1509.1900000000001,"FOTO":" ","Shape_Length":0.0015338476019248588,"Shape_Area":1.2295474355872884e-07}},{"type":"Feature","id":15,"geometry":{"type":"Polygon","coordinates":[[[119.49048567700004,-5.1355141639999715],[119.49043158800009,-5.1354643769999484],[119.49040023800001,-5.1354984559999366],[119.49045195500003,-5.1355499079999731],[119.49048567700004,-5.1355141639999715]]]},"properties":{"OBJECTID":15,"Id":14,"KODE":" ","BANGUNAN":"Gasebo","UNIT":" ","LOKASI":"Kampus Unhas Tamalanrea","TAHUN":2021,"Skala":"1 : 100","Luas_m2":42.880000000000003,"FOTO":" ","Shape_Length":0.00024191232775022735,"Shape_Area":3.4938791390614753e-09}},{"type":"Feature","id":16,"geometry":{"type":"Polygon","coordinates":[[[119.49049731900004,-5.1351324409999393],[119.4905243820001,-5.1350998139999433],[119.49047698600009,-5.1350555199999803],[119.4904764580001,-5.1350423689999616],[119.49048856600007,-5.1350279739999678],[119.49020950600004,-5.1347794069999395],[119.49020166800005,-5.1347878069999524],[119.49017821200005,-5.134766615999979],[119.49015541200004,-5.1347913359999779],[119.49007979600003,-5.1347273039999664],[119.49007688300003,-5.1346527049999509],[119.49002797000003,-5.1346476349999648],[119.48998126200001,-5.1346573829999329],[119.48998513200002,-5.1347326949999683],[119.48994286400011,-5.1347806869999317],[119.48991336800009,-5.1348008889999619],[119.48989421500005,-5.1347820719999504],[119.48987118400009,-5.1348087059999443],[119.48986376300002,-5.1348017999999342],[119.48961894000001,-5.1350784769999791],[119.48962683900004,-5.1350858599999469],[119.48960523200003,-5.1351105749999419],[119.48975337700006,-5.1352424769999629],[119.48980395300009,-5.1351844089999759],[119.4898123270001,-5.1351913109999714],[119.48984057500002,-5.135156765999966],[119.48983602500005,-5.1351520009999376],[119.48989775600012,-5.1350797809999449],[119.48990421600001,-5.1350850159999482],[119.48999776400001,-5.1349763239999788],[119.49001858100007,-5.1349936989999492],[119.48992916200007,-5.1350908969999409],[119.48992821700006,-5.1351547499999697],[119.49001748500007,-5.1352335549999566],[119.49010381200003,-5.1352305879999562],[119.49018289500009,-5.135143472999971],[119.49018025800001,-5.1350784389999262],[119.49007974200003,-5.1349898729999381],[119.49010206300011,-5.1349644379999404],[119.49027605600008,-5.1351191959999483],[119.49028199800011,-5.1351139119999516],[119.49036144900003,-5.1351829509999334],[119.49036714700003,-5.1351762329999247],[119.49037791000001,-5.1351840819999666],[119.49039221500004,-5.1351828309999519],[119.49040908600011,-5.1351665039999261],[119.49041481100005,-5.1351667209999619],[119.49042810600008,-5.1351511249999362],[119.49042855400012,-5.1351437099999657],[119.49046227100007,-5.1351048389999505],[119.49049678900008,-5.1351331479999658],[119.49049731900004,-5.1351324409999393]]]},"properties":{"OBJECTID":16,"Id":15,"KODE":" ","BANGUNAN":"LPPM","UNIT":" ","LOKASI":"Kampus Unhas Tamalanrea","TAHUN":2021,"Skala":"1 : 100","Luas_m2":3271.6799999999998,"FOTO":" ","Shape_Length":0.0034205757590849172,"Shape_Area":2.6654688809711138e-07}},{"type":"Feature","id":17,"geometry":{"type":"Polygon","coordinates":[[[119.49072961700006,-5.134623888999954],[119.49060631300006,-5.1346243699999263],[119.4906046320001,-5.1347441829999525],[119.49066879200006,-5.1347448889999328],[119.49066936000008,-5.1348412559999588],[119.49066964200006,-5.1348410179999746],[119.49079008700005,-5.1348412649999773],[119.49079043000006,-5.1346839129999466],[119.49078756900008,-5.1346841639999639],[119.49078692800003,-5.1346418389999258],[119.49076969200007,-5.134625405999941],[119.49072962800005,-5.134626758999957],[119.49072961700006,-5.134623888999954]]]},"properties":{"OBJECTID":17,"Id":16,"KODE":" ","BANGUNAN":"PTIK","UNIT":" ","LOKASI":"Kampus Unhas Tamalanrea","TAHUN":2021,"Skala":"1 : 100","Luas_m2":411.54000000000002,"FOTO":" ","Shape_Length":0.00079380197643746464,"Shape_Area":3.3528635539569716e-08}},{"type":"Feature","id":18,"geometry":{"type":"Polygon","coordinates":[[[119.48947077800005,-5.1350622519999547],[119.48936384800004,-5.1350416259999747],[119.4893125100001,-5.135272051999948],[119.48909977000005,-5.1352271479999558],[119.4890762120001,-5.1353446549999262],[119.48940417000006,-5.1354140399999437],[119.48947077800005,-5.1350622519999547]]]},"properties":{"OBJECTID":18,"Id":17,"KODE":" ","BANGUNAN":"Puslitbang LH","UNIT":" ","LOKASI":"Kampus Unhas Tamalanrea","TAHUN":2021,"Skala":"1 : 100","Luas_m2":820.30999999999995,"FOTO":" ","Shape_Length":0.0013755051712799516,"Shape_Area":6.6831666769842906e-08}},{"type":"Feature","id":19,"geometry":{"type":"Polygon","coordinates":[[[119.48892042400007,-5.1351322019999657],[119.48856337200004,-5.1350675929999738],[119.48855496100009,-5.1351125839999554],[119.48867907500005,-5.1351364909999688],[119.48867197700008,-5.1351706979999676],[119.48852470600002,-5.1351422269999603],[119.48849850700003,-5.1352745699999787],[119.48836293900001,-5.1352492719999532],[119.48836153900004,-5.1352574079999727],[119.48833402700006,-5.1353892069999461],[119.48831469300001,-5.1353853369999456],[119.48834165200003,-5.1352537409999286],[119.48829423300003,-5.1352449969999725],[119.48822029900009,-5.1356142699999623],[119.48827018500003,-5.1356243579999727],[119.48829424200005,-5.1354932179999651],[119.48831262100009,-5.1354967339999575],[119.48828573900005,-5.1356374499999333],[119.48874640400004,-5.1357284369999547],[119.48876302000008,-5.1356465879999291],[119.4888248420001,-5.1356592599999544],[119.48886928400009,-5.1354340609999554],[119.48880675000009,-5.1354223489999526],[119.48882032400002,-5.1353555769999275],[119.48889527000006,-5.1353698719999556],[119.48892431200011,-5.1352193669999338],[119.48892426000009,-5.1352193429999602],[119.48890421100009,-5.1352155949999769],[119.48878140800002,-5.1351918539999701],[119.48878791700008,-5.1351580669999635],[119.48891250800011,-5.1351819729999306],[119.48892042400007,-5.1351322019999657]]]},"properties":{"OBJECTID":19,"Id":18,"KODE":" ","BANGUNAN":"Hotel Unhas","UNIT":" ","LOKASI":"Kampus Unhas Tamalanrea","TAHUN":2021,"Skala":"1 : 100","Luas_m2":3676.3800000000001,"FOTO":" ","Shape_Length":0.0036249980323174004,"Shape_Area":2.9951949181886728e-07}},{"type":"Feature","id":20,"geometry":{"type":"Polygon","coordinates":[[[119.48847204900005,-5.1359280369999283],[119.48847210000008,-5.1359277619999375],[119.48832203100005,-5.1358977729999538],[119.48829536400001,-5.1360323909999579],[119.48844502400004,-5.1360626549999324],[119.48847204900005,-5.1359280369999283]]]},"properties":{"OBJECTID":20,"Id":19,"KODE":" ","BANGUNAN":"Fakultas Vokasi","UNIT":" ","LOKASI":"Kampus Unhas Tamalanrea","TAHUN":2021,"Skala":"1 : 100","Luas_m2":257.81999999999999,"FOTO":" ","Shape_Length":0.00058054284200640294,"Shape_Area":2.1004893055685717e-08}},{"type":"Feature","id":21,"geometry":{"type":"Polygon","coordinates":[[[119.48833608300004,-5.1358309999999392],[119.48834131500007,-5.1357965439999589],[119.48821778400008,-5.1357694059999517],[119.48814304000007,-5.1361452579999423],[119.48825832400007,-5.1361674069999594],[119.48824575200001,-5.1362467289999358],[119.48841153300009,-5.1362826699999573],[119.4884269580001,-5.1362011839999582],[119.48854331000007,-5.1362222529999713],[119.48861353900008,-5.1358505209999521],[119.48849168600009,-5.135825729999965],[119.48848466400011,-5.1358601929999281],[119.48833608300004,-5.1358309999999392]],[[119.48847204900005,-5.1359280369999283],[119.48844502400004,-5.1360626549999324],[119.48829536400001,-5.1360323909999579],[119.48832203100005,-5.1358977729999538],[119.48847210000008,-5.1359277619999375],[119.48847204900005,-5.1359280369999283]]]},"properties":{"OBJECTID":21,"Id":20,"KODE":" ","BANGUNAN":"Fakultas Vokasi","UNIT":" ","LOKASI":"Kampus Unhas Tamalanrea","TAHUN":2021,"Skala":"1 : 100","Luas_m2":1743.0799999999999,"FOTO":" ","Shape_Length":0.0023828465462073694,"Shape_Area":1.4201084090484704e-07}},{"type":"Feature","id":22,"geometry":{"type":"Polygon","coordinates":[[[119.48848659400005,-5.136228836999976],[119.48846687900004,-5.1363321339999288],[119.48847141400006,-5.1363330729999461],[119.48845879900011,-5.1364012759999582],[119.48846620000006,-5.1364031599999294],[119.4884591980001,-5.1364424049999684],[119.48846545100002,-5.1364435929999672],[119.48846464700011,-5.1364485479999757],[119.48851500800004,-5.1364579169999729],[119.48851291000005,-5.1364703599999757],[119.48854847600001,-5.136477872999933],[119.48855176600011,-5.1364651859999526],[119.48858565800003,-5.1364715109999679],[119.48858670200002,-5.1364666189999753],[119.48859739300008,-5.1364686489999372],[119.48860439900011,-5.1364301209999326],[119.48867934100008,-5.1364434589999632],[119.48868027300011,-5.1364377169999784],[119.48871798500011,-5.136444982999933],[119.48872780400006,-5.1363940089999574],[119.48873066900001,-5.1363947149999376],[119.48874886200008,-5.1362891859999422],[119.48871257600001,-5.1362804789999359],[119.48871374400005,-5.1362742569999682],[119.48854831500012,-5.1362366409999254],[119.48854714100003,-5.1362414279999484],[119.48848659400005,-5.136228836999976]]]},"properties":{"OBJECTID":22,"Id":21,"KODE":" ","BANGUNAN":"P3M","UNIT":" ","LOKASI":"Kampus Unhas Tamalanrea","TAHUN":2021,"Skala":"1 : 100","Luas_m2":650.80999999999995,"FOTO":" ","Shape_Length":0.0010032209580495964,"Shape_Area":5.3022066144695949e-08}},{"type":"Feature","id":23,"geometry":{"type":"Polygon","coordinates":[[[119.48887018300002,-5.1365301839999802],[119.48877161100006,-5.1365123949999543],[119.48877301200002,-5.1365044979999652],[119.48872741600007,-5.1364936749999401],[119.48872017100007,-5.1365322039999342],[119.48872613900005,-5.1365333769999779],[119.48872356600009,-5.1365465389999372],[119.48867618700001,-5.1365380209999785],[119.48866531900001,-5.136594592999927],[119.48870828800011,-5.1366044689999626],[119.48870642400004,-5.1366157159999375],[119.48870141200007,-5.1366147789999559],[119.48869440700003,-5.1366535459999341],[119.48874668300004,-5.1366648199999645],[119.48874714400006,-5.1366607529999442],[119.48902571400004,-5.1367213629999355],[119.48903133700003,-5.1366952749999655],[119.48907310900006,-5.1367039599999771],[119.48909346400001,-5.1366022489999636],[119.48905217400011,-5.1365949969999747],[119.48905779100005,-5.1365672349999727],[119.48887018300002,-5.1365301839999802]]]},"properties":{"OBJECTID":23,"Id":22,"KODE":" ","BANGUNAN":"Ika Unhas","UNIT":" ","LOKASI":"Kampus Unhas Tamalanrea","TAHUN":2021,"Skala":"1 : 100","Luas_m2":727.55999999999995,"FOTO":" ","Shape_Length":0.0011966902847907676,"Shape_Area":5.9275326936315452e-08}},{"type":"Feature","id":24,"geometry":{"type":"Polygon","coordinates":[[[119.48924373600005,-5.1365155179999533],[119.48929002600005,-5.1365294629999312],[119.48930389000009,-5.1364758419999248],[119.4892592330001,-5.1364611899999773],[119.48924393800007,-5.1365148159999308],[119.48924373600005,-5.1365155179999533]]]},"properties":{"OBJECTID":24,"Id":23,"KODE":" ","BANGUNAN":"Gasebo","UNIT":" ","LOKASI":"Kampus Unhas Tamalanrea","TAHUN":2021,"Skala":"1 : 100","Luas_m2":32.700000000000003,"FOTO":" ","Shape_Length":0.0002072234655958462,"Shape_Area":2.6642708729525384e-09}},{"type":"Feature","id":25,"geometry":{"type":"Polygon","coordinates":[[[119.48893338300002,-5.1360159869999507],[119.4889141110001,-5.1361142029999769],[119.48887917200011,-5.1361084079999273],[119.48885299000005,-5.1362451039999542],[119.48892842600003,-5.1363611249999508],[119.48896819400011,-5.1363328469999487],[119.48902925200002,-5.1364315149999697],[119.48917058100005,-5.1363326869999355],[119.48915815800001,-5.1363133579999385],[119.4891669110001,-5.1363070109999285],[119.48914695700012,-5.1362785839999674],[119.48913763100006,-5.1362847419999298],[119.48908007300008,-5.1362030869999558],[119.48909858800005,-5.1361065959999337],[119.48910851400001,-5.1361077049999722],[119.48911410800008,-5.1360740129999272],[119.48908890400003,-5.1360693289999517],[119.48909169600006,-5.1360513349999337],[119.48907413000006,-5.1360481509999545],[119.48907824500009,-5.1360268999999334],[119.48902821400009,-5.1360163819999798],[119.48902559700002,-5.1360305489999405],[119.48893338300002,-5.1360159869999507]]]},"properties":{"OBJECTID":25,"Id":24,"KODE":" ","BANGUNAN":"IPTEKS","UNIT":" ","LOKASI":"Kampus Unhas Tamalanrea","TAHUN":2021,"Skala":"1 : 100","Luas_m2":972.32000000000005,"FOTO":" ","Shape_Length":0.0013145805458128824,"Shape_Area":7.9215889266996121e-08}},{"type":"Feature","id":26,"geometry":{"type":"Polygon","coordinates":[[[119.4864946030001,-5.1367721099999812],[119.48642185800009,-5.1367716759999666],[119.48642131800011,-5.136817113999939],[119.48635836300002,-5.1368197499999724],[119.4863523360001,-5.1371105619999753],[119.48642246600002,-5.1371129189999465],[119.48642236600006,-5.1371509499999775],[119.48648819700009,-5.1371497289999297],[119.48648829900003,-5.1371145749999414],[119.48649474000001,-5.137114788999952],[119.48649645000012,-5.1370023889999743],[119.48652793600002,-5.1370032229999651],[119.48652766000009,-5.1369319619999487],[119.48649879700008,-5.1369308789999764],[119.48650075800003,-5.136821586999929],[119.48649384100008,-5.1368216139999276],[119.4864946030001,-5.1367721099999812]]]},"properties":{"OBJECTID":26,"Id":25,"KODE":" ","BANGUNAN":"Kolam Renang Unhas","UNIT":" ","LOKASI":"Kampus Unhas Tamalanrea","TAHUN":2021,"Skala":"1 : 100","Luas_m2":611.63999999999999,"FOTO":" ","Shape_Length":0.0010975052696123853,"Shape_Area":4.9830984931371958e-08}},{"type":"Feature","id":27,"geometry":{"type":"Polygon","coordinates":[[[119.48643579300006,-5.1371671839999635],[119.48636566900007,-5.137165988999925],[119.48636234600008,-5.1372932219999257],[119.48643223500005,-5.1372951019999391],[119.48643579300006,-5.1371671839999635]]]},"properties":{"OBJECTID":27,"Id":26,"KODE":" ","BANGUNAN":"Kolam Renang Unhas","UNIT":" ","LOKASI":"Kampus Unhas Tamalanrea","TAHUN":2021,"Skala":"1 : 100","Luas_m2":109.69,"FOTO":" ","Shape_Length":0.00039529232208035939,"Shape_Area":8.9364040064395112e-09}},{"type":"Feature","id":28,"geometry":{"type":"Polygon","coordinates":[[[119.48631878200001,-5.1372324109999568],[119.48632883300002,-5.1367696469999373],[119.48612752000008,-5.1367656489999263],[119.48611643800007,-5.1372293749999471],[119.48631870200006,-5.1372324129999356],[119.48631878200001,-5.1372324109999568]]]},"properties":{"OBJECTID":28,"Id":27,"KODE":" ","BANGUNAN":"Kolam Renang Unhas","UNIT":" ","LOKASI":"Kampus Unhas Tamalanrea","TAHUN":2021,"Skala":"1 : 100","Luas_m2":1148.05,"FOTO":" ","Shape_Length":0.001330451071323607,"Shape_Area":9.3533529620937944e-08}},{"type":"Feature","id":29,"geometry":{"type":"Polygon","coordinates":[[[119.48605421900004,-5.1367451299999516],[119.48586888400007,-5.1367405919999669],[119.48586527500004,-5.1368556289999674],[119.48593397700006,-5.1368589489999295],[119.48593289500002,-5.1368874099999289],[119.48595889500007,-5.136888264999925],[119.48596021600008,-5.1368598029999362],[119.48605181300002,-5.1368627939999669],[119.48605206700006,-5.1368626249999352],[119.48605421900004,-5.1367451299999516]]]},"properties":{"OBJECTID":29,"Id":28,"KODE":" ","BANGUNAN":"Kolam Renang Unhas","UNIT":" ","LOKASI":"Kampus Unhas Tamalanrea","TAHUN":2021,"Skala":"1 : 100","Luas_m2":275.85000000000002,"FOTO":" ","Shape_Length":0.00066172018435039647,"Shape_Area":2.2473969639171171e-08}},{"type":"Feature","id":30,"geometry":{"type":"Polygon","coordinates":[[[119.48669404700001,-5.1369826909999574],[119.48669371700009,-5.1369592579999335],[119.48665773200003,-5.1369596349999256],[119.48665923100009,-5.1369842619999417],[119.48669404700001,-5.1369826909999574]]]},"properties":{"OBJECTID":30,"Id":29,"KODE":" ","BANGUNAN":"Pos Satpam Kolam Renang Unhas","UNIT":" ","LOKASI":"Kampus Unhas Tamalanrea","TAHUN":2021,"Skala":"1 : 100","Luas_m2":10.449999999999999,"FOTO":" ","Shape_Length":0.00011894630289112208,"Shape_Area":8.515647386020437e-10}},{"type":"Feature","id":31,"geometry":{"type":"Polygon","coordinates":[[[119.48685285900001,-5.1369744199999445],[119.48682948500004,-5.1369742719999749],[119.48682855800007,-5.1370251529999678],[119.48682872800009,-5.1370252109999797],[119.48685329700004,-5.1370258319999493],[119.48685285900001,-5.1369744199999445]]]},"properties":{"OBJECTID":31,"Id":30,"KODE":" ","BANGUNAN":"Bangku Cadangan","UNIT":" ","LOKASI":"Kampus Unhas Tamalanrea","TAHUN":2021,"Skala":"1 : 100","Luas_m2":15.109999999999999,"FOTO":" ","Shape_Length":0.00015043424669178613,"Shape_Area":1.2311665924159753e-09}},{"type":"Feature","id":32,"geometry":{"type":"Polygon","coordinates":[[[119.48685586000011,-5.1368873629999712],[119.48685715400006,-5.1367905089999795],[119.48683425200011,-5.1367891629999463],[119.48683129500012,-5.1368876979999527],[119.48685578900006,-5.13688867999997],[119.48685586000011,-5.1368873629999712]]]},"properties":{"OBJECTID":32,"Id":31,"KODE":" ","BANGUNAN":"Tribun Kecil","UNIT":" ","LOKASI":"Kampus Unhas Tamalanrea","TAHUN":2021,"Skala":"1 : 100","Luas_m2":28.670000000000002,"FOTO":" ","Shape_Length":0.00024421611190487822,"Shape_Area":2.3358710132983718e-09}},{"type":"Feature","id":33,"geometry":{"type":"Polygon","coordinates":[[[119.48686094700008,-5.1366615999999681],[119.48683590400003,-5.1366614589999813],[119.48683490100007,-5.1367104849999805],[119.48685948800005,-5.1367111879999356],[119.48686094700008,-5.1366615999999681]]]},"properties":{"OBJECTID":33,"Id":32,"KODE":" ","BANGUNAN":"Bangku Cadangan","UNIT":" ","LOKASI":"Kampus Unhas Tamalanrea","TAHUN":2021,"Skala":"1 : 100","Luas_m2":15.02,"FOTO":" ","Shape_Length":0.00014828616299908566,"Shape_Area":1.2240726874145937e-09}},{"type":"Feature","id":34,"geometry":{"type":"Polygon","coordinates":[[[119.48530205300005,-5.1351823879999756],[119.48523000900002,-5.1351783649999447],[119.48523176900005,-5.1350786389999712],[119.48503999600007,-5.1350746029999641],[119.48502919100008,-5.1353927049999584],[119.48522370300009,-5.1353974369999378],[119.48522646800006,-5.1353108589999579],[119.48529945600001,-5.1353124879999541],[119.48530205300005,-5.1351823879999756]]]},"properties":{"OBJECTID":34,"Id":33,"KODE":" ","BANGUNAN":"Lapangan Tenis","UNIT":" ","LOKASI":"Kampus Unhas Tamalanrea","TAHUN":2021,"Skala":"1 : 100","Luas_m2":874.27999999999997,"FOTO":" ","Shape_Length":0.0011663224709161236,"Shape_Area":7.1228939913272061e-08}},{"type":"Feature","id":35,"geometry":{"type":"Polygon","coordinates":[[[119.48527429600006,-5.1354668279999487],[119.48523994400011,-5.135465930999942],[119.48523935700007,-5.1354980519999458],[119.48527346600008,-5.1354988759999287],[119.48527429600006,-5.1354668279999487]]]},"properties":{"OBJECTID":35,"Id":34,"KODE":" ","BANGUNAN":"Gasebo Lapangan Tenis","UNIT":" ","LOKASI":"Kampus Unhas Tamalanrea","TAHUN":2021,"Skala":"1 : 100","Luas_m2":13.49,"FOTO":" ","Shape_Length":0.00013266777006489086,"Shape_Area":1.0988781405116247e-09}},{"type":"Feature","id":36,"geometry":{"type":"Polygon","coordinates":[[[119.48529568200001,-5.1355107359999579],[119.4852157790001,-5.1355067529999587],[119.48521293700003,-5.1356351789999621],[119.48529332100009,-5.135637256999928],[119.48529568200001,-5.1355107359999579]]]},"properties":{"OBJECTID":36,"Id":35,"KODE":" ","BANGUNAN":"Gasebo Lapangan Tenis","UNIT":" ","LOKASI":"Kampus Unhas Tamalanrea","TAHUN":2021,"Skala":"1 : 100","Luas_m2":125.48999999999999,"FOTO":" ","Shape_Length":0.00041541353459228814,"Shape_Area":1.022405629007837e-08}},{"type":"Feature","id":37,"geometry":{"type":"Polygon","coordinates":[[[119.48526998500006,-5.1356469589999278],[119.48523516000012,-5.1356460929999344],[119.48523361200012,-5.1356774249999262],[119.48526963200004,-5.1356789589999607],[119.48526998500006,-5.1356469589999278]]]},"properties":{"OBJECTID":37,"Id":36,"KODE":" ","BANGUNAN":"Gasebo Lapangan Tenis","UNIT":" ","LOKASI":"Kampus Unhas Tamalanrea","TAHUN":2021,"Skala":"1 : 100","Luas_m2":13.779999999999999,"FOTO":" ","Shape_Length":0.00013426057967252865,"Shape_Area":1.122829483377569e-09}},{"type":"Feature","id":38,"geometry":{"type":"Polygon","coordinates":[[[119.48518336100005,-5.1354634999999575],[119.48508461400002,-5.1354607759999453],[119.48507709300009,-5.1356741129999364],[119.48517680300006,-5.135678028999962],[119.48518336100005,-5.1354634999999575]]]},"properties":{"OBJECTID":38,"Id":37,"KODE":" ","BANGUNAN":"Lapangan Tenis","UNIT":" ","LOKASI":"Kampus Unhas Tamalanrea","TAHUN":2021,"Skala":"1 : 100","Luas_m2":260.85000000000002,"FOTO":" ","Shape_Length":0.00062667017828231281,"Shape_Area":2.1251621831397413e-08}},{"type":"Feature","id":39,"geometry":{"type":"Polygon","coordinates":[[[119.48542857100006,-5.1354694789999371],[119.48532981900007,-5.1354667549999249],[119.48532403600007,-5.1356812839999293],[119.48542367500011,-5.1356832849999705],[119.48542857100006,-5.1354694789999371]]]},"properties":{"OBJECTID":39,"Id":38,"KODE":" ","BANGUNAN":"Lapangan Tenis","UNIT":" ","LOKASI":"Kampus Unhas Tamalanrea","TAHUN":2021,"Skala":"1 : 100","Luas_m2":260.91000000000003,"FOTO":" ","Shape_Length":0.0006269176344608511,"Shape_Area":2.1257066819779938e-08}},{"type":"Feature","id":40,"geometry":{"type":"Polygon","coordinates":[[[119.48543099800008,-5.1353573159999542],[119.48543732500002,-5.1351435039999274],[119.48533833400006,-5.135140541999931],[119.48533200600002,-5.1353538749999643],[119.48543097700008,-5.1353574449999542],[119.48543099800008,-5.1353573159999542]]]},"properties":{"OBJECTID":40,"Id":39,"KODE":" ","BANGUNAN":"Lapangan Tenis","UNIT":" ","LOKASI":"Kampus Unhas Tamalanrea","TAHUN":2021,"Skala":"1 : 100","Luas_m2":259.82999999999998,"FOTO":" ","Shape_Length":0.00062553379237485979,"Shape_Area":2.116854074464712e-08}},{"type":"Feature","id":41,"geometry":{"type":"Polygon","coordinates":[[[119.48619299600011,-5.1351113259999579],[119.48574933800012,-5.1351008589999765],[119.4857435130001,-5.1351979699999788],[119.48566551800002,-5.1351968389999456],[119.48566510300009,-5.1352128629999356],[119.48558759100001,-5.1352134039999555],[119.48558452500004,-5.1352839609999705],[119.48557045400003,-5.1352840159999573],[119.48555974600004,-5.1355980419999696],[119.48557262500003,-5.135598229999971],[119.48557290700001,-5.135670781999977],[119.48557338400008,-5.1356709249999426],[119.48564971900009,-5.1356744529999787],[119.48564978000002,-5.135689996999929],[119.48625256500009,-5.1357120399999303],[119.4862536820001,-5.1356924259999346],[119.48633216200005,-5.1356957079999574],[119.48633450200009,-5.1356225229999382],[119.48634690400002,-5.1356224749999342],[119.48635666000007,-5.1353089309999405],[119.48634401600009,-5.1353080239999258],[119.48634517000005,-5.1352365179999424],[119.48626883400004,-5.1352327499999433],[119.48626925100007,-5.1352174439999771],[119.48619124300001,-5.135212964999937],[119.48619299600011,-5.1351113259999579]]]},"properties":{"OBJECTID":41,"Id":40,"KODE":" ","BANGUNAN":"Gor","UNIT":" ","LOKASI":"Kampus Unhas Tamalanrea","TAHUN":2021,"Skala":"1 : 100","Luas_m2":5202.9099999999999,"FOTO":" ","Shape_Length":0.0027458336947933076,"Shape_Area":4.238889381538011e-07}},{"type":"Feature","id":42,"geometry":{"type":"Polygon","coordinates":[[[119.4915273790001,-5.1356373969999254],[119.49152666300006,-5.1356365629999345],[119.49140763300011,-5.1356322449999539],[119.49140597300004,-5.135695860999931],[119.4915250040001,-5.1357006569999726],[119.4915273790001,-5.1356373969999254]]]},"properties":{"OBJECTID":42,"Id":41,"KODE":" ","BANGUNAN":"Unit Penjernihan Air","UNIT":" ","LOKASI":"Kampus Unhas Tamalanrea","TAHUN":2021,"Skala":"1 : 100","Luas_m2":93.680000000000007,"FOTO":" ","Shape_Length":0.00036627728504235086,"Shape_Area":7.6318923765705216e-09}},{"type":"Feature","id":43,"geometry":{"type":"Polygon","coordinates":[[[119.48707012200009,-5.134869766999941],[119.48696327200003,-5.134869465999941],[119.48677316400006,-5.1348642279999694],[119.48675985700004,-5.1348769549999247],[119.48675483200009,-5.1348726699999361],[119.48669353000003,-5.1348709949999716],[119.48669089100008,-5.1349286369999732],[119.48665940500007,-5.1349278029999255],[119.48665427600008,-5.1352951319999534],[119.48670614000002,-5.1352937369999268],[119.48670608300006,-5.1352791499999739],[119.4867511650001,-5.1352804089999609],[119.48675127600006,-5.1352474079999411],[119.4867064340001,-5.1352466259999687],[119.48670638800002,-5.1352346689999422],[119.48683710100011,-5.135237985999936],[119.48683700100003,-5.1352121599999805],[119.48687778600004,-5.1352124789999607],[119.48687773200004,-5.1351986099999749],[119.48691065000003,-5.135199676999946],[119.48691028500002,-5.1351671559999659],[119.48694439300004,-5.1351675009999553],[119.48694450500011,-5.135134978999929],[119.48697741800004,-5.135134849999929],[119.48697801100002,-5.1351032819999318],[119.48700997100002,-5.1351033969999662],[119.48701104100007,-5.1350715879999598],[119.48702654400006,-5.1350717659999532],[119.48702614900003,-5.1350313539999775],[119.48704403400006,-5.1350308059999747],[119.48704545500004,-5.1349664729999631],[119.48709363800003,-5.1349679599999263],[119.48709151000003,-5.1349112929999592],[119.48707123600002,-5.1349108939999724],[119.48707012200009,-5.134869766999941]]]},"properties":{"OBJECTID":43,"Id":42,"KODE":" ","BANGUNAN":"PKM","UNIT":" ","LOKASI":"Kampus Unhas Tamalanrea","TAHUN":2021,"Skala":"1 : 100","Luas_m2":1595.28,"FOTO":" ","Shape_Length":0.0018174073802891197,"Shape_Area":1.2996967995530816e-07}},{"type":"Feature","id":44,"geometry":{"type":"Polygon","coordinates":[[[119.48663990600005,-5.1348966399999654],[119.48661557500009,-5.1348957789999758],[119.4866164450001,-5.1348740139999336],[119.48648653300006,-5.1348679999999263],[119.48648759200012,-5.1347968289999812],[119.48635819800006,-5.1347891069999605],[119.48636024200005,-5.134676418999959],[119.48620566900001,-5.1346707079999305],[119.48620437800002,-5.1348607059999267],[119.48633270500011,-5.1348637929999654],[119.48633228000006,-5.1349386439999307],[119.48646084900008,-5.1349426859999312],[119.48645948800004,-5.1350223229999301],[119.48660928600009,-5.1350267609999491],[119.48661098000002,-5.1349715149999611],[119.48661443700007,-5.1349713819999465],[119.48661621000008,-5.1349364609999384],[119.48664006200011,-5.1349369629999728],[119.48663990600005,-5.1348966399999654]]]},"properties":{"OBJECTID":44,"Id":43,"KODE":" ","BANGUNAN":"Sar Unhas","UNIT":" ","LOKASI":"Kampus Unhas Tamalanrea","TAHUN":2021,"Skala":"1 : 100","Luas_m2":893.15999999999997,"FOTO":" ","Shape_Length":0.0015536095131656346,"Shape_Area":7.2766619391145151e-08}},{"type":"Feature","id":45,"geometry":{"type":"Polygon","coordinates":[[[119.4863323300001,-5.1349298469999667],[119.48632043800001,-5.1349295109999389],[119.48631975100011,-5.1349366879999252],[119.48631140400005,-5.1349369589999583],[119.4863098830001,-5.1350366839999424],[119.48631775700005,-5.1350376099999266],[119.48631753200004,-5.1350411979999535],[119.4864262860001,-5.1350400569999692],[119.48642669700007,-5.1350230769999712],[119.48632747300007,-5.1350215499999763],[119.48632984300002,-5.1349560179999685],[119.48646055300003,-5.1349599979999425],[119.48646084900008,-5.1349426859999312],[119.48633228000006,-5.1349386439999307],[119.4863323300001,-5.1349298469999667]]]},"properties":{"OBJECTID":45,"Id":44,"KODE":" ","BANGUNAN":"Sar Unhas","UNIT":" ","LOKASI":"Kampus Unhas Tamalanrea","TAHUN":2021,"Skala":"1 : 100","Luas_m2":73.969999999999999,"FOTO":" ","Shape_Length":0.00071478818207963398,"Shape_Area":6.0261636278260188e-09}},{"type":"Feature","id":46,"geometry":{"type":"Polygon","coordinates":[[[119.48606841000003,-5.1350347759999408],[119.48607999700005,-5.1347013769999421],[119.4855552250001,-5.1346850069999732],[119.48554602900003,-5.1350200709999285],[119.4860682960001,-5.135037759999932],[119.48606841000003,-5.1350347759999408]]]},"properties":{"OBJECTID":46,"Id":45,"KODE":" ","BANGUNAN":"Parkiran Gor","UNIT":" ","LOKASI":"Kampus Unhas Tamalanrea","TAHUN":2021,"Skala":"1 : 100","Luas_m2":2159.5,"FOTO":" ","Shape_Length":0.0017193703740157197,"Shape_Area":1.7593744750447411e-07}},{"type":"Feature","id":47,"geometry":{"type":"Polygon","coordinates":[[[119.48662211200008,-5.1354556569999659],[119.48648071500008,-5.1354525729999523],[119.48648041800004,-5.1354525959999364],[119.48647505700001,-5.1356664779999619],[119.48661798800003,-5.1356716599999572],[119.48662211200008,-5.1354556569999659]]]},"properties":{"OBJECTID":47,"Id":46,"KODE":" ","BANGUNAN":"Lapangan Voli","UNIT":" ","LOKASI":"Kampus Unhas Tamalanrea","TAHUN":2021,"Skala":"1 : 100","Luas_m2":375.72000000000003,"FOTO":" ","Shape_Length":0.00071474496586818189,"Shape_Area":3.0610634791632557e-08}},{"type":"Feature","id":48,"geometry":{"type":"Polygon","coordinates":[[[119.48682882600008,-5.1354747469999324],[119.48674811500007,-5.1354733399999759],[119.48674454100001,-5.1356353919999265],[119.48682507000001,-5.1356379479999532],[119.48682882600008,-5.1354747469999324]]]},"properties":{"OBJECTID":48,"Id":47,"KODE":" ","BANGUNAN":"Lapangan Basket Unhas","UNIT":" ","LOKASI":"Kampus Unhas Tamalanrea","TAHUN":2021,"Skala":"1 : 100","Luas_m2":161.02000000000001,"FOTO":" ","Shape_Length":0.00048662843902353439,"Shape_Area":1.3118210627359607e-08}},{"type":"Feature","id":49,"geometry":{"type":"Polygon","coordinates":[[[119.48699539600011,-5.135376148999967],[119.48691467900005,-5.1353741669999522],[119.48691219800003,-5.1355363169999464],[119.48691244600002,-5.1355364049999253],[119.48699316000011,-5.1355374299999426],[119.48699539600011,-5.135376148999967]]]},"properties":{"OBJECTID":49,"Id":48,"KODE":" ","BANGUNAN":"Lapangan Basket Unhas","UNIT":" ","LOKASI":"Kampus Unhas Tamalanrea","TAHUN":2021,"Skala":"1 : 100","Luas_m2":160.55000000000001,"FOTO":" ","Shape_Length":0.00048519046712853207,"Shape_Area":1.3080074266568183e-08}},{"type":"Feature","id":50,"geometry":{"type":"Polygon","coordinates":[[[119.48719284200001,-5.1352192719999721],[119.48705812500009,-5.1352167359999612],[119.48705277400006,-5.135460673999944],[119.48705253600008,-5.1354606209999361],[119.4870526310001,-5.1354607539999506],[119.48719001400002,-5.135461892999956],[119.48719284200001,-5.1352192719999721]]]},"properties":{"OBJECTID":50,"Id":49,"KODE":" ","BANGUNAN":"Lapangan Basket Unhas","UNIT":" ","LOKASI":"Kampus Unhas Tamalanrea","TAHUN":2021,"Skala":"1 : 100","Luas_m2":406.19999999999999,"FOTO":" ","Shape_Length":0.00075917002639533631,"Shape_Area":3.3094049578845955e-08}},{"type":"Feature","id":51,"geometry":{"type":"Polygon","coordinates":[[[119.48736047400007,-5.1350747869999509],[119.48722404600005,-5.1350738839999508],[119.4872201820001,-5.1353182969999693],[119.48735831900001,-5.1353184729999271],[119.48736047400007,-5.1350747869999509]]]},"properties":{"OBJECTID":51,"Id":50,"KODE":" ","BANGUNAN":"Lapangan Basket Unhas","UNIT":" ","LOKASI":"Kampus Unhas Tamalanrea","TAHUN":2021,"Skala":"1 : 100","Luas_m2":411.25,"FOTO":" ","Shape_Length":0.00076270717062403189,"Shape_Area":3.3505349099661437e-08}},{"type":"Feature","id":52,"geometry":{"type":"Polygon","coordinates":[[[119.48752331600008,-5.1349373669999636],[119.48739690500008,-5.1349361859999476],[119.48739463200002,-5.135176572999967],[119.48739473700005,-5.1351767639999366],[119.48752043700006,-5.1351789039999289],[119.48752331600008,-5.1349373669999636]]]},"properties":{"OBJECTID":52,"Id":51,"KODE":" ","BANGUNAN":"Lapangan Basket Unhas","UNIT":" ","LOKASI":"Kampus Unhas Tamalanrea","TAHUN":2021,"Skala":"1 : 100","Luas_m2":373.18000000000001,"FOTO":" ","Shape_Length":0.00073430459395381373,"Shape_Area":3.0403651353402431e-08}},{"type":"Feature","id":53,"geometry":{"type":"Polygon","coordinates":[[[119.48625256500009,-5.1357120399999303],[119.48614765100001,-5.1357082029999788],[119.48611366800003,-5.1357410089999576],[119.48611359100005,-5.1358443159999752],[119.48609655600001,-5.1364333719999422],[119.48612161500012,-5.1364375779999705],[119.48617884300006,-5.1364342469999542],[119.48624726700007,-5.1364272839999785],[119.48630041000001,-5.1364160769999785],[119.4863211390001,-5.1364107349999699],[119.48635806100003,-5.1363986339999315],[119.48640998200005,-5.1363800189999438],[119.4864571170001,-5.1363568779999582],[119.48652991800009,-5.1363102019999474],[119.48654919000001,-5.136298169999975],[119.48662504600009,-5.1362395259999403],[119.48667271500005,-5.1361697509999544],[119.48671186100012,-5.1361165109999547],[119.48674197200012,-5.1360702409999703],[119.48676706100002,-5.1360206419999486],[119.48677862200009,-5.1359883139999738],[119.48678733700001,-5.135960061999981],[119.48680255200009,-5.1358856319999404],[119.48681585400004,-5.135810251999942],[119.48682487300005,-5.1357372809999333],[119.48662543900002,-5.1357258619999584],[119.48635491700009,-5.1357108949999315],[119.48635470600004,-5.1357178309999654],[119.48625256500009,-5.1357120399999303]]]},"properties":{"OBJECTID":53,"Id":52,"KODE":" ","BANGUNAN":"Lapangan","UNIT":" ","LOKASI":"Kampus Unhas Tamalanrea","TAHUN":2021,"Skala":"1 : 100","Luas_m2":5027.3999999999996,"FOTO":" ","Shape_Length":0.0025549125601115998,"Shape_Area":4.095902949822434e-07}},{"type":"Feature","id":54,"geometry":{"type":"Polygon","coordinates":[[[119.48747618000004,-5.1363706009999532],[119.48687485700009,-5.1363578799999345],[119.48685169300006,-5.137333400999978],[119.48744800200006,-5.1373454229999425],[119.48747618000004,-5.1363706009999532]]]},"properties":{"OBJECTID":54,"Id":53,"KODE":" ","BANGUNAN":"Lapangan Bola Unhas","UNIT":" ","LOKASI":"Kampus Unhas Tamalanrea","TAHUN":2021,"Skala":"1 : 100","Luas_m2":7171.4099999999999,"FOTO":" ","Shape_Length":0.0031489128625188825,"Shape_Area":5.8426588570944005e-07}},{"type":"Feature","id":55,"geometry":{"type":"Polygon","coordinates":[[[119.48979078200011,-5.1369170199999417],[119.48973565800009,-5.1369093429999566],[119.48973091700009,-5.1369536969999672],[119.48973106000005,-5.1369538399999328],[119.48978499700002,-5.1369627169999603],[119.48979078200011,-5.1369170199999417]]]},"properties":{"OBJECTID":55,"Id":54,"KODE":" ","BANGUNAN":"Danau Unhas","UNIT":" ","LOKASI":"Kampus Unhas Tamalanrea","TAHUN":2021,"Skala":"1 : 100","Luas_m2":30.75,"FOTO":" ","Shape_Length":0.00020118923931997031,"Shape_Area":2.5056422958479768e-09}},{"type":"Feature","id":56,"geometry":{"type":"Polygon","coordinates":[[[119.48419945900002,-5.1328182459999425],[119.48384287900001,-5.1328136559999393],[119.48383941000009,-5.1329650419999666],[119.48381078900002,-5.132964913999956],[119.48380982600008,-5.1330242229999499],[119.48383964300001,-5.133025302999954],[119.48383631900003,-5.133152296999981],[119.48376691100009,-5.1331513709999399],[119.48376708400008,-5.1331346309999617],[119.48373631300001,-5.1331335549999721],[119.48373556600006,-5.1331868849999296],[119.48372488100006,-5.1331871059999798],[119.48372517400003,-5.1332134699999301],[119.48372544200004,-5.1332208819999323],[119.48377505500002,-5.1332221229999391],[119.48377294000011,-5.1333044589999304],[119.48412052100002,-5.1333129059999578],[119.4841214700001,-5.1332500099999265],[119.48423047100005,-5.1332510199999319],[119.48423072200001,-5.1331926699999713],[119.48423668500004,-5.1331928859999607],[119.48423702200012,-5.1331567749999749],[119.48419241600004,-5.1331552749999787],[119.48419473700005,-5.1330153719999316],[119.48418185600008,-5.1330149439999673],[119.48418244300001,-5.1329817019999382],[119.48419699300007,-5.1329821229999766],[119.48419945900002,-5.1328182459999425]]]},"properties":{"OBJECTID":56,"Id":55,"KODE":" ","BANGUNAN":"Workshop","UNIT":" ","LOKASI":"Kampus Unhas Tamalanrea","TAHUN":2021,"Skala":"1 : 100","Luas_m2":2331.0900000000001,"FOTO":" ","Shape_Length":0.0021287518625951241,"Shape_Area":1.8991722099095631e-07}},{"type":"Feature","id":57,"geometry":{"type":"Polygon","coordinates":[[[119.48366029600004,-5.1328427949999309],[119.48355891500012,-5.1328384069999515],[119.48355646100003,-5.1328824169999621],[119.48348227800011,-5.1328800759999353],[119.48347994700009,-5.1329556509999748],[119.48355508900011,-5.1329591849999474],[119.48355453600004,-5.1330012749999696],[119.48365728900001,-5.1330034979999368],[119.48366029600004,-5.1328427949999309]]]},"properties":{"OBJECTID":57,"Id":56,"KODE":" ","BANGUNAN":" ","UNIT":" ","LOKASI":"Kampus Unhas Tamalanrea","TAHUN":2021,"Skala":"1 : 100","Luas_m2":274.06999999999999,"FOTO":" ","Shape_Length":0.00067621201384504548,"Shape_Area":2.2328887760790767e-08}},{"type":"Feature","id":58,"geometry":{"type":"Polygon","coordinates":[[[119.48336386900007,-5.1328513259999795],[119.48326483800008,-5.1328380799999422],[119.48325374700005,-5.1329301909999572],[119.48335181000004,-5.1329415259999678],[119.48336386900007,-5.1328513259999795]]]},"properties":{"OBJECTID":58,"Id":57,"KODE":" ","BANGUNAN":" ","UNIT":" ","LOKASI":"Kampus Unhas Tamalanrea","TAHUN":2021,"Skala":"1 : 100","Luas_m2":112.01000000000001,"FOTO":" ","Shape_Length":0.00038240771648098562,"Shape_Area":9.1253635961926985e-09}},{"type":"Feature","id":59,"geometry":{"type":"Polygon","coordinates":[[[119.48407775200008,-5.132674409999936],[119.48407912800008,-5.1326245329999551],[119.48406934500008,-5.1326233749999801],[119.48406922700008,-5.1325930049999329],[119.48380518800002,-5.1325890109999364],[119.48380411200003,-5.1326191459999677],[119.48379719600007,-5.1326191729999664],[119.48379529700003,-5.1326822149999316],[119.48390896500007,-5.1326803679999671],[119.48390927100002,-5.1326752779999651],[119.48407775200008,-5.132674409999936]]]},"properties":{"OBJECTID":59,"Id":58,"KODE":" ","BANGUNAN":"Kandang Bus","UNIT":" ","LOKASI":"Kampus Unhas Tamalanrea","TAHUN":2021,"Skala":"1 : 100","Luas_m2":292.70999999999998,"FOTO":" ","Shape_Length":0.0007415929914212718,"Shape_Area":2.3847687626765307e-08}},{"type":"Feature","id":60,"geometry":{"type":"Polygon","coordinates":[[[119.48406820200012,-5.1324616689999516],[119.48379725200004,-5.1324591369999553],[119.48379390700006,-5.1325191729999347],[119.48380488000009,-5.1325196079999387],[119.48380503700002,-5.1325550849999786],[119.48406667500001,-5.1325601989999541],[119.48406820200012,-5.1324616689999516]]]},"properties":{"OBJECTID":60,"Id":59,"KODE":" ","BANGUNAN":"Kandang Bus","UNIT":" ","LOKASI":"Kampus Unhas Tamalanrea","TAHUN":2021,"Skala":"1 : 100","Luas_m2":320.13,"FOTO":" ","Shape_Length":0.00073777971700674015,"Shape_Area":2.6081752850136101e-08}},{"type":"Feature","id":61,"geometry":{"type":"Polygon","coordinates":[[[119.48311084700003,-5.1311079789999781],[119.48304893900001,-5.1311345249999363],[119.48306001700007,-5.1311622219999435],[119.48305144300002,-5.131165363999969],[119.48305698900003,-5.1311808859999246],[119.48296960200003,-5.1312180529999409],[119.48308646600003,-5.1314948049999316],[119.48308682200002,-5.1314945159999752],[119.48317469200003,-5.1314587819999247],[119.48318071400001,-5.1314743019999582],[119.48319095700003,-5.1314709149999658],[119.48320131300011,-5.1314969399999768],[119.48326631200007,-5.131467751999935],[119.48324587900004,-5.1314264609999327],[119.48337085200001,-5.1313640389999478],[119.48333833800007,-5.1312823809999486],[119.48330571400004,-5.1312956599999779],[119.48322509600007,-5.131109447999961],[119.48312913500001,-5.131149756999946],[119.48311084700003,-5.1311079789999781]]]},"properties":{"OBJECTID":61,"Id":60,"KODE":" ","BANGUNAN":"Teaching Industri Unhas","UNIT":" ","LOKASI":"Kampus Unhas Tamalanrea","TAHUN":2021,"Skala":"1 : 100","Luas_m2":1143.8099999999999,"FOTO":" ","Shape_Length":0.0014016794555882662,"Shape_Area":9.3187907292888304e-08}},{"type":"Feature","id":62,"geometry":{"type":"Polygon","coordinates":[[[119.48298906400009,-5.1305892299999414],[119.48290933200008,-5.1306321059999505],[119.48292471000002,-5.1306616989999725],[119.48290400700012,-5.1306737369999382],[119.48299360800002,-5.1308391089999645],[119.48298959600004,-5.1308501249999381],[119.48298654400003,-5.1308625719999554],[119.48298492400011,-5.1308754909999266],[119.48298402600005,-5.1308898429999772],[119.48298528600003,-5.130907294999929],[119.48298772200008,-5.1309204379999755],[119.48299254400001,-5.1309338109999771],[119.48299974800011,-5.1309466959999668],[119.48300790100006,-5.1309579039999562],[119.48301748500012,-5.1309693449999259],[119.48302945300009,-5.1309802989999298],[119.48303902000009,-5.1309871959999782],[119.48305264400005,-5.1309947959999249],[119.48306482200007,-5.1309985749999782],[119.48307843200007,-5.1310025869999549],[119.48309012400011,-5.1310039759999313],[119.48310348100006,-5.1310041639999326],[119.48311755000009,-5.1310033909999788],[119.48313303900011,-5.1309999829999811],[119.4831454240001,-5.1309953919999316],[119.48315708600001,-5.1309891289999427],[119.48317468200003,-5.1309754299999781],[119.4831846620001,-5.1309658249999757],[119.48319225500006,-5.1309557519999771],[119.48320173500008,-5.1309401709999634],[119.48320693400001,-5.1309277159999738],[119.48321211100006,-5.1309095219999676],[119.48321300900011,-5.1308951699999739],[119.48321197900009,-5.1308755649999398],[119.48321002000012,-5.1308621809999408],[119.48320301900003,-5.1308404469999687],[119.48319796200008,-5.130828031999954],[119.48318692000009,-5.1308096609999438],[119.48317471000007,-5.1307975129999477],[119.48316179400001,-5.1307879979999598],[119.48314840800003,-5.1307803969999668],[119.48313933100007,-5.1307768449999571],[119.48313192800003,-5.1307742439999515],[119.48312142300006,-5.1307714149999697],[119.48311927500004,-5.1307711839999683],[119.48307548500009,-5.1306900669999322],[119.48306912900011,-5.1306938989999367],[119.48302348600009,-5.1306091839999795],[119.48300563200007,-5.1306178619999514],[119.48298906400009,-5.1305892299999414]]]},"properties":{"OBJECTID":62,"Id":61,"KODE":" ","BANGUNAN":"Science Tekhno Park Unhas","UNIT":" ","LOKASI":"Kampus Unhas Tamalanrea","TAHUN":2021,"Skala":"1 : 100","Luas_m2":850.30999999999995,"FOTO":" ","Shape_Length":0.0011612516382851527,"Shape_Area":6.9275789838716573e-08}},{"type":"Feature","id":63,"geometry":{"type":"Polygon","coordinates":[[[119.48879148200001,-5.132948962999933],[119.48882142000002,-5.1329199109999308],[119.48872060800011,-5.1328160419999449],[119.48865547800006,-5.132872731999953],[119.48875941200004,-5.1329820889999382],[119.48879148200001,-5.132948962999933]]]},"properties":{"OBJECTID":63,"Id":62,"KODE":" ","BANGUNAN":"Rektorat","UNIT":" ","LOKASI":"Kampus Unhas Tamalanrea","TAHUN":2021,"Skala":"1 : 100","Luas_m2":157.5,"FOTO":" ","Shape_Length":0.00046978547093884024,"Shape_Area":1.2831704403225824e-08}},{"type":"Feature","id":64,"geometry":{"type":"Polygon","coordinates":[[[119.48865547800006,-5.132872731999953],[119.48863225000002,-5.1328486689999409],[119.48862345700002,-5.1328568339999379],[119.48859280300007,-5.1328244319999499],[119.48849000100006,-5.1328224409999734],[119.48833720200003,-5.132966516999943],[119.48837432100004,-5.1330055909999714],[119.48832110100011,-5.1330581689999804],[119.48836852500006,-5.133109875999935],[119.48833075400012,-5.1331490019999251],[119.48844067300001,-5.1332638359999692],[119.48847701600005,-5.1332256719999805],[119.48848371700001,-5.1332316249999508],[119.48849107900003,-5.1332234649999577],[119.48853131400006,-5.1332663529999536],[119.48857052400001,-5.1332296119999796],[119.48862415500002,-5.1332827299999622],[119.48874841600002,-5.1331600479999793],[119.48873475500011,-5.1331428829999481],[119.48873998500005,-5.1331385589999741],[119.4887857220001,-5.1331857289999334],[119.48878594400003,-5.1331857619999255],[119.4888603390001,-5.1331153719999634],[119.48886212800005,-5.133023297999955],[119.48879148200001,-5.132948962999933],[119.48875941200004,-5.1329820889999382],[119.48865547800006,-5.132872731999953]]]},"properties":{"OBJECTID":64,"Id":63,"KODE":" ","BANGUNAN":"Rektorat","UNIT":" ","LOKASI":"Kampus Unhas Tamalanrea","TAHUN":2021,"Skala":"1 : 100","Luas_m2":2004.01,"FOTO":" ","Shape_Length":0.0018390778430850251,"Shape_Area":1.6326882142078971e-07}},{"type":"Feature","id":65,"geometry":{"type":"Polygon","coordinates":[[[119.48844215800011,-5.1325397309999516],[119.48839096400002,-5.1324846509999702],[119.48838931200009,-5.1325506589999463],[119.48840005000011,-5.1325520519999372],[119.48839770000006,-5.1326226049999377],[119.4884630570001,-5.1326859599999466],[119.48846392900009,-5.1327263709999329],[119.48851996900009,-5.1327856969999743],[119.48851953400003,-5.1328230129999497],[119.48856340400005,-5.1328238619999524],[119.48856424500002,-5.1327791069999762],[119.48850794000009,-5.1327128469999366],[119.48850560300002,-5.13266359499994],[119.48844121400009,-5.132603822999954],[119.48844215800011,-5.1325397309999516]]]},"properties":{"OBJECTID":65,"Id":64,"KODE":" ","BANGUNAN":" ","UNIT":" ","LOKASI":"Kampus Unhas Tamalanrea","TAHUN":2021,"Skala":"1 : 100","Luas_m2":193.72999999999999,"FOTO":" ","Shape_Length":0.00084987349455277602,"Shape_Area":1.5783442681163232e-08}},{"type":"Feature","id":66,"geometry":{"type":"Polygon","coordinates":[[[119.48833940600002,-5.1325353089999339],[119.48839096400002,-5.1324846509999702],[119.48844215800011,-5.1325397309999516],[119.48845340600008,-5.1325497309999264],[119.48845887300001,-5.1325449269999694],[119.48849623700005,-5.1325854339999637],[119.48851880500001,-5.1325623899999755],[119.48854289700012,-5.1325632519999544],[119.48854233400004,-5.1325410149999584],[119.48855968200007,-5.1325249249999274],[119.48856518600007,-5.1325296859999412],[119.48875663400008,-5.1323271109999382],[119.48871711300001,-5.1322839809999437],[119.48872471200002,-5.1322753429999466],[119.4886727280001,-5.1322162399999343],[119.48873449000007,-5.132152150999957],[119.48870456600002,-5.1321235709999655],[119.48873901600007,-5.1320892409999601],[119.4887095680001,-5.1320601809999289],[119.48872619700001,-5.1320431379999718],[119.48874932800004,-5.1320423299999334],[119.48875044500005,-5.1320227169999271],[119.48877158400001,-5.1320001559999469],[119.48873613600006,-5.131961553999929],[119.48874064900008,-5.1319567539999298],[119.48866618200009,-5.1318812379999486],[119.48865665800008,-5.1318853409999292],[119.48854336500006,-5.1318843479999714],[119.48853283200003,-5.1318743449999715],[119.48851832300011,-5.1318844449999688],[119.48847897000007,-5.1318843589999688],[119.48846916000002,-5.1318762669999387],[119.48845917300002,-5.1318841969999767],[119.48841051800002,-5.1318839089999528],[119.48840429000006,-5.1318769979999388],[119.4883973960001,-5.131882763999954],[119.48834874400006,-5.1318834319999382],[119.48833750100005,-5.131874866999965],[119.48830992400008,-5.1318979319999585],[119.48827544300002,-5.1318626739999331],[119.48825238200004,-5.1318816559999618],[119.48822924900003,-5.1318822239999804],[119.48822977000009,-5.1318934609999474],[119.48820964600009,-5.1318703439999354],[119.48806588900004,-5.1320088849999479],[119.48808528900008,-5.1320298529999491],[119.48807384100007,-5.1320298969999385],[119.48807321300001,-5.1320523779999689],[119.48805063800012,-5.1320737489999715],[119.48808871800009,-5.1321144929999605],[119.48806319700009,-5.1321399009999595],[119.48807134600008,-5.1321501519999515],[119.48806748000004,-5.1322604079999792],[119.48805869600005,-5.1322707249999553],[119.48806659500008,-5.1322781069999337],[119.48806557600005,-5.1323228299999641],[119.48805583900003,-5.1323336289999588],[119.48806111100009,-5.1323400649999371],[119.48805728600007,-5.132460842999933],[119.48805253300009,-5.1324651649999282],[119.48806306400002,-5.1324746899999809],[119.48813061200008,-5.1325433609999322],[119.48813488700011,-5.1325388009999529],[119.48817128900009,-5.1325773989999561],[119.48819553400006,-5.1325560209999708],[119.48821485400003,-5.1325564239999721],[119.48821500600002,-5.132534183999951],[119.48823211600006,-5.1325180949999663],[119.48826252300012,-5.132548346999954],[119.48829531000001,-5.1325156969999739],[119.48832501000004,-5.1325481029999764],[119.48833940600002,-5.1325353089999339]]]},"properties":{"OBJECTID":66,"Id":65,"KODE":" ","BANGUNAN":"Perpustakan Unhas","UNIT":" ","LOKASI":"Kampus Unhas Tamalanrea","TAHUN":2021,"Skala":"1 : 100","Luas_m2":4989.8400000000001,"FOTO":" ","Shape_Length":0.002922713603784263,"Shape_Area":4.0652601365693055e-07}},{"type":"Feature","id":67,"geometry":{"type":"Polygon","coordinates":[[[119.48832144000005,-5.1327613619999397],[119.48821134600007,-5.1327614409999569],[119.48815401800005,-5.132815768999933],[119.48815130900005,-5.1329255929999249],[119.48815183300007,-5.1329375469999263],[119.48826130600003,-5.1329378379999753],[119.48832974000004,-5.1328720479999674],[119.4883331310001,-5.1327622729999689],[119.48832144000005,-5.1327613619999397]]]},"properties":{"OBJECTID":67,"Id":66,"KODE":" ","BANGUNAN":"Bank Mandiri","UNIT":" ","LOKASI":"Kampus Unhas Tamalanrea","TAHUN":2021,"Skala":"1 : 100","Luas_m2":338.04000000000002,"FOTO":" ","Shape_Length":0.00063685442336907359,"Shape_Area":2.7540046850862246e-08}},{"type":"Feature","id":68,"geometry":{"type":"Polygon","coordinates":[[[119.48832144000005,-5.1327613619999397],[119.48832209600005,-5.1327458149999643],[119.48833330400009,-5.1327455319999444],[119.48833940600002,-5.1325353089999339],[119.48832501000004,-5.1325481029999764],[119.48829531000001,-5.1325156969999739],[119.48826252300012,-5.132548346999954],[119.48824516500008,-5.1325310769999533],[119.48824240100009,-5.1326486229999659],[119.48812934400007,-5.132646910999938],[119.48813061200008,-5.1325433609999322],[119.48806306400002,-5.1324746899999809],[119.48806212400007,-5.1325397379999345],[119.48805959100002,-5.1326452059999497],[119.48804742700008,-5.13264501499998],[119.48804017800001,-5.1329284169999596],[119.48804568200001,-5.1329331789999628],[119.48813584100003,-5.1329345009999656],[119.48813580600006,-5.1329254139999421],[119.48815130900005,-5.1329255929999249],[119.48815401800005,-5.132815768999933],[119.48821134600007,-5.1327614409999569],[119.48832144000005,-5.1327613619999397]]]},"properties":{"OBJECTID":68,"Id":67,"KODE":" ","BANGUNAN":"Pos Indonesia","UNIT":" ","LOKASI":"Kampus Unhas Tamalanrea","TAHUN":2021,"Skala":"1 : 100","Luas_m2":900.40999999999997,"FOTO":" ","Shape_Length":0.00168877237711497,"Shape_Area":7.3356934472557986e-08}},{"type":"Feature","id":69,"geometry":{"type":"Polygon","coordinates":[[[119.48805896200008,-5.1324079289999531],[119.48794070700001,-5.1324032359999592],[119.48794050600009,-5.1323513449999609],[119.48790616100007,-5.1323512389999451],[119.48790493800004,-5.1324048099999686],[119.48789372900001,-5.1324050929999316],[119.48789584000008,-5.1323343009999576],[119.48720244700007,-5.1323173939999265],[119.4871986500001,-5.1324453459999404],[119.48761034400002,-5.1324552199999403],[119.48761007600001,-5.1325090259999797],[119.48767567400012,-5.1325116399999615],[119.48767569900008,-5.1324566389999404],[119.48789251400001,-5.1324608159999343],[119.48789243900001,-5.1324414469999624],[119.48790364800004,-5.1324411639999425],[119.48790200700012,-5.1325100409999322],[119.48793706700008,-5.1325101429999336],[119.48793898700001,-5.1324515479999491],[119.48805748600012,-5.1324545419999481],[119.48805896200008,-5.1324079289999531]]]},"properties":{"OBJECTID":69,"Id":68,"KODE":" ","BANGUNAN":" ","UNIT":" ","LOKASI":"Kampus Unhas Tamalanrea","TAHUN":2021,"Skala":"1 : 100","Luas_m2":1273.4100000000001,"FOTO":" ","Shape_Length":0.0023232764507168397,"Shape_Area":1.0374620760101955e-07}},{"type":"Feature","id":70,"geometry":{"type":"Polygon","coordinates":[[[119.48739682400003,-5.1324500989999251],[119.48737349900011,-5.1324495389999356],[119.48737326900005,-5.1324544699999706],[119.48734416800005,-5.1324533879999308],[119.48734441900001,-5.1324567339999589],[119.48729599800004,-5.1324554879999482],[119.48729616000003,-5.1324970969999413],[119.48732573900008,-5.1324984169999652],[119.48732659500001,-5.1325345229999471],[119.48739934700006,-5.1325368699999672],[119.48740046600005,-5.1325179739999385],[119.48745079200012,-5.1325182559999689],[119.48745089600004,-5.132483580999974],[119.48743706000005,-5.1324829169999475],[119.48743727100009,-5.1324757429999295],[119.48745062700004,-5.1324759299999414],[119.48744985700012,-5.1324618239999609],[119.48740119800004,-5.1324605789999396],[119.48740118100011,-5.1324562739999351],[119.48739664700008,-5.1324555739999482],[119.48739682400003,-5.1324500989999251]]]},"properties":{"OBJECTID":70,"Id":69,"KODE":" ","BANGUNAN":" ","UNIT":" ","LOKASI":"Kampus Unhas Tamalanrea","TAHUN":2021,"Skala":"1 : 100","Luas_m2":124.31999999999999,"FOTO":" ","Shape_Length":0.00050479528982087807,"Shape_Area":1.0128170627896226e-08}},{"type":"Feature","id":71,"geometry":{"type":"Polygon","coordinates":[[[119.48735731000011,-5.132535513999926],[119.48735661900002,-5.1325767959999666],[119.48713215900011,-5.1325693009999327],[119.48713195800008,-5.1325791059999801],[119.48708114700003,-5.1325764349999758],[119.48708120000003,-5.1325286079999728],[119.48703492700008,-5.1325278309999476],[119.48703437200004,-5.1325692039999353],[119.48656733600001,-5.1325569139999629],[119.48656713500009,-5.132566719999943],[119.48655115400004,-5.1325663039999654],[119.48654888600004,-5.1326581399999327],[119.48649736300001,-5.1326564279999616],[119.48650030900001,-5.1324933259999739],[119.48625867400006,-5.1324854199999663],[119.48625280700003,-5.1326946849999331],[119.48649371500005,-5.1326997249999522],[119.48655358300005,-5.1327006879999431],[119.48655425600009,-5.1326899239999761],[119.4865769160001,-5.1326903139999445],[119.48657673200012,-5.1327044239999395],[119.48658007200004,-5.1327046499999369],[119.48657988800005,-5.132718759999932],[119.48652168900003,-5.1327175519999741],[119.48652043900006,-5.1327644269999269],[119.48661441900003,-5.1327669299999457],[119.48661510000011,-5.1327580799999737],[119.4866656690001,-5.1327595569999289],[119.48666745200001,-5.1327272669999502],[119.48665432900009,-5.1327261219999514],[119.48665496400008,-5.1327053149999529],[119.48661656200011,-5.1327045079999607],[119.48661722500003,-5.1326908749999802],[119.48735426300004,-5.1327073729999597],[119.48734721900007,-5.1329821659999766],[119.48739658400007,-5.1329807779999328],[119.48739916000011,-5.1329071149999663],[119.48763007400009,-5.132918171999961],[119.48762933500007,-5.1327890419999562],[119.48759928100003,-5.1327884409999456],[119.48759876200006,-5.1327774429999522],[119.48740078500009,-5.1327724759999569],[119.48740339400001,-5.1327071819999333],[119.48755891000008,-5.1327104019999297],[119.48755939200009,-5.1325886799999694],[119.4874060190001,-5.1325844949999464],[119.48740676500006,-5.1325309259999585],[119.48739972800001,-5.1325304379999466],[119.48739934700006,-5.1325368699999672],[119.48735731000011,-5.132535513999926]]]},"properties":{"OBJECTID":71,"Id":70,"KODE":" ","BANGUNAN":" ","UNIT":" ","LOKASI":"Kampus Unhas Tamalanrea","TAHUN":2021,"Skala":"1 : 100","Luas_m2":2951.6100000000001,"FOTO":" ","Shape_Length":0.0047953159125071363,"Shape_Area":2.4047083958681136e-07}},{"type":"Feature","id":72,"geometry":{"type":"Polygon","coordinates":[[[119.48709881900004,-5.1327016549999485],[119.48705873800009,-5.1327007579999417],[119.48705899300001,-5.1327064429999609],[119.48701487000005,-5.1327063759999305],[119.48701433200006,-5.1327522919999637],[119.48709710300011,-5.1327550779999456],[119.48709881900004,-5.1327016549999485]]]},"properties":{"OBJECTID":72,"Id":71,"KODE":" ","BANGUNAN":" ","UNIT":" ","LOKASI":"Kampus Unhas Tamalanrea","TAHUN":2021,"Skala":"1 : 100","Luas_m2":50.890000000000001,"FOTO":" ","Shape_Length":0.0002720923814087198,"Shape_Area":4.1462103912701009e-09}},{"type":"Feature","id":73,"geometry":{"type":"Polygon","coordinates":[[[119.48658170300007,-5.1329080779999572],[119.4866067800001,-5.1329075029999558],[119.48660728600009,-5.1328673819999722],[119.48661682400007,-5.1328668659999721],[119.48661886800005,-5.1327788569999484],[119.48660861100007,-5.1327786579999497],[119.48660884500009,-5.132766781999976],[119.48658305000004,-5.1327660949999654],[119.48658309300004,-5.1327789959999564],[119.48657378900009,-5.1327783149999391],[119.48657174500011,-5.1328665639999258],[119.48658224200005,-5.1328672399999391],[119.48658170300007,-5.1329080779999572]]]},"properties":{"OBJECTID":73,"Id":72,"KODE":" ","BANGUNAN":" ","UNIT":" ","LOKASI":"Kampus Unhas Tamalanrea","TAHUN":2021,"Skala":"1 : 100","Luas_m2":65.269999999999996,"FOTO":" ","Shape_Length":0.00037259677465636737,"Shape_Area":5.3180500242548681e-09}},{"type":"Feature","id":74,"geometry":{"type":"Polygon","coordinates":[[[119.48722733500006,-5.1328932689999647],[119.48641101100009,-5.1329119929999365],[119.48641339800008,-5.1330356159999724],[119.48648590800008,-5.1330367689999434],[119.48648626300007,-5.1330668979999245],[119.48642162700003,-5.1330664329999536],[119.48642262700002,-5.1332629979999638],[119.48642730500001,-5.1334239169999591],[119.48658709100005,-5.1334209029999442],[119.48658706900005,-5.1334154029999581],[119.48662642000011,-5.1334147719999805],[119.48662738600001,-5.1334793339999578],[119.48665862700011,-5.1334787339999366],[119.4866612400001,-5.1335375509999608],[119.48669582200012,-5.1335371769999369],[119.48669573000006,-5.1335135029999606],[119.48671505000004,-5.1335136669999315],[119.48671508900009,-5.1335239499999261],[119.48674943000003,-5.1335228599999709],[119.48674877000008,-5.1334757529999706],[119.48681983600011,-5.1334735629999386],[119.48682393400009,-5.1336079399999335],[119.48696506300007,-5.1336050939999609],[119.48696518200006,-5.1336336949999577],[119.48705342200003,-5.1336321549999298],[119.4870522540001,-5.1336033359999647],[119.48717665300001,-5.1336008269999525],[119.48717635900005,-5.1334635649999427],[119.48724528700006,-5.1334637739999494],[119.48724518000006,-5.1334974929999362],[119.48729931500009,-5.1334963249999532],[119.48729989800006,-5.1335235839999314],[119.48740315900011,-5.1335207899999773],[119.48740352100003,-5.1335525939999798],[119.48776648000012,-5.1335416139999666],[119.48776124900007,-5.1334227839999471],[119.48769017300003,-5.1334221049999655],[119.48768732700012,-5.1333647239999323],[119.4875909750001,-5.1333655769999496],[119.48759125000004,-5.1333751419999771],[119.48756334300003,-5.1333745329999374],[119.48755979700002,-5.1332595229999356],[119.48762061400009,-5.1332592859999409],[119.48761669900011,-5.1331722559999662],[119.48742305300004,-5.1331770759999813],[119.48741778700003,-5.1329874629999495],[119.48741370900007,-5.1329815009999606],[119.48739658400007,-5.1329807779999328],[119.48734721900007,-5.1329821659999766],[119.48732594700004,-5.1329832769999371],[119.48732379000012,-5.1329189589999373],[119.48727943200004,-5.1329198489999612],[119.48727924800005,-5.1329339579999669],[119.48722964500007,-5.1329355869999631],[119.48722733500006,-5.1328932689999647]]]},"properties":{"OBJECTID":74,"Id":73,"KODE":" ","BANGUNAN":"PBV Vokasi","UNIT":" ","LOKASI":"Kampus Unhas Tamalanrea","TAHUN":2021,"Skala":"1 : 100","Luas_m2":8575.0400000000009,"FOTO":" ","Shape_Length":0.0047676891922093954,"Shape_Area":6.9861806216741495e-07}},{"type":"Feature","id":75,"geometry":{"type":"Polygon","coordinates":[[[119.48640424100006,-5.1334253059999355],[119.48640250700009,-5.1333386319999477],[119.48628765000001,-5.1333423619999508],[119.48628737900003,-5.1334263589999409],[119.48640424100006,-5.1334253059999355]]]},"properties":{"OBJECTID":75,"Id":74,"KODE":" ","BANGUNAN":"Pos Satpam","UNIT":" ","LOKASI":"Kampus Unhas Tamalanrea","TAHUN":2021,"Skala":"1 : 100","Luas_m2":121.38,"FOTO":" ","Shape_Length":0.00040247307494040873,"Shape_Area":9.8886777480055062e-09}},{"type":"Feature","id":76,"geometry":{"type":"Polygon","coordinates":[[[119.48590528000011,-5.1330682479999723],[119.48590519000004,-5.133044932999951],[119.48584804400002,-5.1329925459999686],[119.48584769900003,-5.1329802919999565],[119.48585932100002,-5.1329790509999498],[119.48586490800005,-5.132805057999974],[119.48585387600008,-5.1328048019999528],[119.48585323700001,-5.1327169229999754],[119.48581089800007,-5.1327155929999435],[119.48581124300006,-5.1328046689999383],[119.48579901800008,-5.1328041189999567],[119.48579701600011,-5.1329801899999552],[119.48582057400006,-5.132981592999954],[119.48582071500005,-5.1330180609999729],[119.48587395800007,-5.1330632889999492],[119.48587398900008,-5.1330713589999277],[119.48590528000011,-5.1330682479999723]]]},"properties":{"OBJECTID":76,"Id":75,"KODE":" ","BANGUNAN":"Fakultas Keperawatan", "kode_id" : "Areasbuilding1255" ,"UNIT":" ","LOKASI":"Kampus Unhas Tamalanrea","TAHUN":2021,"Skala":"1 : 100","Luas_m2":231.16999999999999,"FOTO":"IMG_0911.jpg","Shape_Length":0.00088698509000871659,"Shape_Area":1.8833749312713289e-08}},{"type":"Feature","id":77,"geometry":{"type":"Polygon","coordinates":[[[119.48587398900008,-5.1330713589999277],[119.48561945200004,-5.133088192999935],[119.48558111400007,-5.1331194299999652],[119.48558530800005,-5.1331244959999367],[119.48552200300003,-5.1331752589999269],[119.48551840800008,-5.1331707899999515],[119.48542390600005,-5.1332491749999463],[119.48551914200004,-5.1333603009999251],[119.48567545500009,-5.1332305599999586],[119.48586474400008,-5.1332244419999711],[119.48587101800001,-5.1333819479999647],[119.48592496700007,-5.1333787479999273],[119.4859246100001,-5.1333635049999771],[119.48596961900012,-5.1333612369999742],[119.48597013400001,-5.1333612759999596],[119.48596599900009,-5.1332733689999372],[119.48592217900011,-5.1332747349999295],[119.48592176000011,-5.133243350999976],[119.48595991600007,-5.1332423049999534],[119.48595952300002,-5.1332177949999505],[119.48601675700002,-5.1332160779999754],[119.48601663300008,-5.1331840939999438],[119.4860088800001,-5.1331835259999252],[119.4860088480001,-5.1331754559999467],[119.48594743900003,-5.1331768909999482],[119.48594469300008,-5.133083638999949],[119.48594139400006,-5.1330785699999524],[119.48592857100004,-5.1330777229999285],[119.48592882500009,-5.1330663629999549],[119.48590528000011,-5.1330682479999723],[119.48587398900008,-5.1330713589999277]]]},"properties":{"OBJECTID":77,"Id":76,"KODE":" ","BANGUNAN":"Fakultas Keperawatan","UNIT":" ","LOKASI":"Kampus Unhas Tamalanrea","TAHUN":2021,"Skala":"1 : 100","Luas_m2":1151.71,"FOTO":"IMG_0911.jpg","Shape_Length":0.0019032167752997848,"Shape_Area":9.3831309867245123e-08}},{"type":"Feature","id":78,"geometry":{"type":"Polygon","coordinates":[[[119.48578785900008,-5.1326402059999623],[119.48535198900004,-5.1326389139999264],[119.48535131800008,-5.1327734299999292],[119.48578630800012,-5.1327786109999352],[119.48578648000012,-5.1327786279999259],[119.48578785900008,-5.1326402059999623]]]},"properties":{"OBJECTID":78,"Id":77,"KODE":" ","BANGUNAN":"Kantin","UNIT":" ","LOKASI":"Kampus Unhas Tamalanrea","TAHUN":2021,"Skala":"1 : 100","Luas_m2":729.51999999999998,"FOTO":" ","Shape_Length":0.0011440121487175242,"Shape_Area":5.9434507279863617e-08}},{"type":"Feature","id":79,"geometry":{"type":"Polygon","coordinates":[[[119.4874851080001,-5.1313037149999445],[119.48748148100003,-5.1313033469999709],[119.48748140600003,-5.1312838339999303],[119.48742282700005,-5.1312832969999249],[119.48742313100001,-5.1313123739999469],[119.48748508200003,-5.1313135689999285],[119.4874851080001,-5.1313037149999445]]]},"properties":{"OBJECTID":79,"Id":78,"KODE":" ","BANGUNAN":" ","UNIT":" ","LOKASI":"Kampus Unhas Tamalanrea","TAHUN":2021,"Skala":"1 : 100","Luas_m2":21.52,"FOTO":" ","Shape_Length":0.00018263537442354553,"Shape_Area":1.7535544324216156e-09}},{"type":"Feature","id":80,"geometry":{"type":"Polygon","coordinates":[[[119.48731516700002,-5.1305569619999574],[119.48728034600003,-5.1305568579999772],[119.48727922600006,-5.130575753999949],[119.48724559100003,-5.1305739719999792],[119.4872291690001,-5.1313218109999639],[119.48730268200006,-5.1313973299999702],[119.48732701100005,-5.1313977129999557],[119.48732727700008,-5.1314048859999275],[119.48736376900001,-5.1314049829999249],[119.48736374000009,-5.1313975699999332],[119.48739665700009,-5.1313986379999506],[119.48739603100012,-5.1314215969999282],[119.48733139100011,-5.1314201749999597],[119.48732969900004,-5.1314758999999412],[119.48739457600004,-5.1314770819999467],[119.48739491700007,-5.131503385999963],[119.48729258800006,-5.1315004359999534],[119.48728005800001,-5.1318367079999803],[119.48730820100002,-5.1318365989999393],[119.48730607000005,-5.1319023689999312],[119.4873862280001,-5.1319053279999594],[119.4874108680001,-5.1319059219999303],[119.4875334620001,-5.1319068789999278],[119.48753386800001,-5.1317655489999652],[119.48751788600009,-5.1317648939999572],[119.48751957400009,-5.1316465149999431],[119.48753841700011,-5.1316469199999801],[119.48754096400012,-5.1315041469999301],[119.48750829000005,-5.1315042739999512],[119.48741956300012,-5.1315031849999286],[119.48741993800002,-5.1314768789999334],[119.48746525700005,-5.1314778979999573],[119.48746541200001,-5.1314563749999706],[119.48748998000008,-5.1314567579999562],[119.48749032800004,-5.1314235169999733],[119.48742091500003,-5.1314213959999506],[119.48742130500011,-5.1313989159999664],[119.48787616100003,-5.1314071869999793],[119.48787164800001,-5.1316580569999246],[119.48794421500008,-5.131735492999951],[119.48842888500008,-5.1317441259999441],[119.48842893300002,-5.1317565609999747],[119.48841677000007,-5.1317566079999324],[119.48841571200001,-5.1318529829999306],[119.4884235830001,-5.1318529529999637],[119.48842372200011,-5.1318839869999806],[119.48844963300007,-5.1318841409999436],[119.48845027900006,-5.1318513989999701],[119.48845982000012,-5.1318516009999371],[119.48846207700001,-5.1317568949999668],[119.48845182000002,-5.1317566959999681],[119.48845177300007,-5.131744499999968],[119.48855313900003,-5.1317450609999469],[119.48855987900004,-5.1315764449999506],[119.48855176800009,-5.1315759989999492],[119.48854463100008,-5.1313961969999582],[119.48841296100011,-5.1313919279999709],[119.4884096080001,-5.1315727259999449],[119.48804300400002,-5.1315660249999269],[119.48804334300007,-5.1315303919999451],[119.48811036500001,-5.1315313269999479],[119.48811195200005,-5.1314483409999525],[119.48806806300001,-5.1314473159999352],[119.48806868000008,-5.1314217259999282],[119.48810874500009,-5.1314210919999255],[119.48810946300011,-5.131360109999946],[119.48810278500002,-5.1313601359999552],[119.48810275300002,-5.1313517659999661],[119.48817304400006,-5.1313530469999478],[119.48817369000005,-5.1313351089999628],[119.48818084600009,-5.1313353199999483],[119.48818140000003,-5.1312937089999764],[119.48817472100006,-5.1312932569999248],[119.48817471400002,-5.131230124999945],[119.4880616590001,-5.1312286529999369],[119.48806359600007,-5.1311131429999364],[119.48803807200011,-5.131112046999931],[119.48803734100011,-5.1311079839999252],[119.48796435100007,-5.1311058769999249],[119.48796413400009,-5.1311113779999573],[119.4879402790001,-5.1311102759999585],[119.48794055700012,-5.1311820149999789],[119.48788307100006,-5.1311800869999615],[119.48788162400001,-5.1312374849999287],[119.48756415700007,-5.1312322649999373],[119.48756233100005,-5.1313150129999485],[119.48751033200006,-5.1313135409999404],[119.48751028000004,-5.1313001499999586],[119.48752316000002,-5.1313003389999494],[119.48752363500012,-5.1311767039999268],[119.48750782900004,-5.1311600269999644],[119.48755317500002,-5.1311062839999408],[119.4875246790001,-5.1310769809999783],[119.48747455200009,-5.1311278729999685],[119.48745659000008,-5.131108572999949],[119.48734855700002,-5.1311106679999625],[119.48734864900007,-5.1311345809999693],[119.48731764100012,-5.1311337449999428],[119.48731927800009,-5.1310639109999556],[119.48740371300005,-5.131065256999932],[119.48740742400003,-5.1309150649999538],[119.48740868700008,-5.1308717769999248],[119.48741424000002,-5.1305812069999774],[119.48731524600009,-5.1305772879999267],[119.48731516700002,-5.1305569619999574]],[[119.4874851080001,-5.1313037149999445],[119.48748508200003,-5.1313135689999285],[119.48742313100001,-5.1313123739999469],[119.48742282700005,-5.1312832969999249],[119.48748140600003,-5.1312838339999303],[119.48748148100003,-5.1313033469999709],[119.4874851080001,-5.1313037149999445]]]},"properties":{"OBJECTID":80,"Id":79,"KODE":" ","BANGUNAN":"MKU","UNIT":" ","LOKASI":"Kampus Unhas Tamalanrea","TAHUN":2021,"Skala":"1 : 100","Luas_m2":7064.1099999999997,"FOTO":" ","Shape_Length":0.0086882469364072401,"Shape_Area":5.7551871006337134e-07}},{"type":"Feature","id":81,"geometry":{"type":"Polygon","coordinates":[[[119.48740742400003,-5.1309150649999538],[119.48744833700005,-5.1309157799999525],[119.48744901700002,-5.1309681479999654],[119.4875443410001,-5.1310713219999684],[119.48764451600005,-5.1310723659999553],[119.48764171700009,-5.1311500959999421],[119.48771876300009,-5.131152664999945],[119.48772179500008,-5.1310734999999568],[119.48779335300003,-5.1310753729999306],[119.48779434300002,-5.1309615409999765],[119.48772827300002,-5.130960363999975],[119.48772842400001,-5.1309378849999803],[119.48784601300008,-5.1309395789999712],[119.48784612000009,-5.1309673179999322],[119.48788547300001,-5.1309674039999322],[119.48788560200001,-5.1309391849999315],[119.48789943500003,-5.1309391319999804],[119.48789963600007,-5.1309293259999436],[119.48791394500006,-5.1309290309999369],[119.48791484100002,-5.1309142019999285],[119.48792175600011,-5.1309136959999364],[119.48791965100008,-5.1308627689999753],[119.48789628400004,-5.1308645339999543],[119.4878950640001,-5.1308573649999403],[119.48788826900011,-5.1308272599999327],[119.48787838800001,-5.1308007549999388],[119.48786851000011,-5.130775205999953],[119.48785482300002,-5.1307513459999541],[119.4879208430001,-5.1306781519999731],[119.48784398600003,-5.1306012109999415],[119.48778980400004,-5.1306518799999594],[119.4877584840001,-5.130632392999928],[119.48772933200007,-5.1306181579999475],[119.4876920690001,-5.1306034769999656],[119.48764313800007,-5.130593623999971],[119.48758875400006,-5.1305921619999708],[119.48759034000011,-5.130632329999969],[119.48756219500001,-5.1306317229999649],[119.48756114800005,-5.1306692709999311],[119.48758833600004,-5.1306689259999416],[119.48758546500005,-5.1307899389999534],[119.48756257000002,-5.1307900279999785],[119.48756530100002,-5.1306948419999685],[119.48745415300004,-5.1306931229999577],[119.48744912300003,-5.1308722539999394],[119.48740868700008,-5.1308717769999248],[119.48740742400003,-5.1309150649999538]]]},"properties":{"OBJECTID":81,"Id":80,"KODE":" ","BANGUNAN":"Audit FK Unhas","UNIT":" ","LOKASI":"Kampus Unhas Tamalanrea","TAHUN":2021,"Skala":"1 : 100","Luas_m2":2208.3200000000002,"FOTO":" ","Shape_Length":0.0025519719998947209,"Shape_Area":1.7991327799601821e-07}},{"type":"Feature","id":82,"geometry":{"type":"Polygon","coordinates":[[[119.48736562900001,-5.1322095679999507],[119.48733557300011,-5.132208488999936],[119.4872417250001,-5.1323013999999603],[119.48724177100007,-5.1323183529999596],[119.48738000900005,-5.1323217229999614],[119.48738004900008,-5.132299426999964],[119.48736334900002,-5.1322982959999308],[119.48736562900001,-5.1322095679999507]]]},"properties":{"OBJECTID":82,"Id":81,"KODE":" ","BANGUNAN":" ","UNIT":" ","LOKASI":"Kampus Unhas Tamalanrea","TAHUN":2021,"Skala":"1 : 100","Luas_m2":118.42,"FOTO":" ","Shape_Length":0.00044515929212441492,"Shape_Area":9.6474762341639968e-09}},{"type":"Feature","id":83,"geometry":{"type":"Polygon","coordinates":[[[119.4873862280001,-5.1319053279999594],[119.48731496000005,-5.13190269699993],[119.48731522300011,-5.1319139179999524],[119.48738630300011,-5.1319155549999778],[119.4873862280001,-5.1319053279999594]]]},"properties":{"OBJECTID":83,"Id":82,"KODE":" ","BANGUNAN":" ","UNIT":" ","LOKASI":"Kampus Unhas Tamalanrea","TAHUN":2021,"Skala":"1 : 100","Luas_m2":9.3599999999999994,"FOTO":" ","Shape_Length":0.00016386675243930225,"Shape_Area":7.6290933167221852e-10}},{"type":"Feature","id":84,"geometry":{"type":"Polygon","coordinates":[[[119.48747614100012,-5.1319286859999806],[119.48741102400004,-5.1319272659999342],[119.4874108680001,-5.1319059219999303],[119.4873862280001,-5.1319053279999594],[119.48738630300011,-5.1319155549999778],[119.48738623500003,-5.1319198749999373],[119.48735293400011,-5.1319209459999797],[119.48735296900009,-5.1319300329999464],[119.48732768800005,-5.1319301309999332],[119.48732782000002,-5.1319640879999611],[119.48733712100011,-5.1319640509999545],[119.48733672100002,-5.1319839009999555],[119.4873753600001,-5.1319842289999542],[119.48737445800009,-5.1319976239999505],[119.48715859200001,-5.131992246999971],[119.48715888700008,-5.131945375999976],[119.48711356900003,-5.1319445959999257],[119.48711255800004,-5.1319914699999458],[119.48705841700007,-5.1319912029999273],[119.48697239000001,-5.1320714089999342],[119.48692937200008,-5.1321105559999296],[119.48682911000003,-5.1322101869999415],[119.48691650700005,-5.1322988049999481],[119.48695641100005,-5.1322563219999324],[119.48695915700011,-5.1322586679999631],[119.48710792500003,-5.1321168309999621],[119.48737912900003,-5.1321236659999272],[119.48737943900005,-5.1321420779999585],[119.48736751400008,-5.132142124999973],[119.48736562900001,-5.1322095679999507],[119.48736334900002,-5.1322982959999308],[119.48738004900008,-5.132299426999964],[119.48738000900005,-5.1323217229999614],[119.48740812700009,-5.1323224089999258],[119.48740793900004,-5.1323005669999588],[119.48741437900003,-5.132300541999939],[119.48741640300011,-5.1321460529999285],[119.48740542900009,-5.1321451389999311],[119.48740534400008,-5.1321233779999602],[119.48759830500001,-5.1321264519999659],[119.48760140700006,-5.1320037639999327],[119.48747402800007,-5.1319989999999507],[119.48747369700004,-5.1319750869999439],[119.48743720500011,-5.1319747509999729],[119.48743706400001,-5.1320000999999706],[119.48741511900005,-5.1319992289999732],[119.48741665500006,-5.1319647879999479],[119.48747604200003,-5.1319647949999307],[119.48747614100012,-5.1319286859999806]]]},"properties":{"OBJECTID":84,"Id":83,"KODE":" ","BANGUNAN":" ","UNIT":" ","LOKASI":"Kampus Unhas Tamalanrea","TAHUN":2021,"Skala":"1 : 100","Luas_m2":1492.4300000000001,"FOTO":" ","Shape_Length":0.0028481757640666651,"Shape_Area":1.2158976128643536e-07}},{"type":"Feature","id":85,"geometry":{"type":"Polygon","coordinates":[[[119.48697239000001,-5.1320714089999342],[119.48696442800008,-5.1320641449999584],[119.48702051200007,-5.1320117949999258],[119.48699490200011,-5.1319884599999455],[119.48697827100011,-5.1320050249999554],[119.48696653600007,-5.1319926349999605],[119.48697413700006,-5.1319844749999675],[119.48696432400004,-5.1319756649999704],[119.48696218700002,-5.1319780649999416],[119.48694494300003,-5.1319597189999513],[119.48690382300003,-5.1319959879999715],[119.48690338400002,-5.1320057949999409],[119.48689837400002,-5.1320055749999369],[119.48688662500001,-5.1319893599999773],[119.48686301100008,-5.1319887339999468],[119.48664452000003,-5.1319828899999607],[119.4866452660001,-5.1319293199999265],[119.48658683200006,-5.1319290699999556],[119.48658489100001,-5.131982164999954],[119.48637356200004,-5.1319782059999284],[119.48637462200008,-5.1319440049999798],[119.48632881900005,-5.1319413139999597],[119.48632800600001,-5.1319776659999548],[119.48624070300002,-5.1319748969999637],[119.48623617400006,-5.1320985469999414],[119.48648209300006,-5.1321045239999421],[119.48648170200011,-5.1321265259999791],[119.48656733100006,-5.1321283449999555],[119.48656748400003,-5.1321061049999344],[119.4868580000001,-5.1321111909999786],[119.48685884000008,-5.1320817739999711],[119.48690368600001,-5.1320837509999251],[119.4869293810001,-5.1321105479999574],[119.48697239000001,-5.1320714089999342]]]},"properties":{"OBJECTID":85,"Id":84,"KODE":" ","BANGUNAN":"Gedung Geofisika FMIPA" , "kode_id" : ["Areasbuilding1292", "Areasbuilding1045"] ,"UNIT":" ","LOKASI":"Kampus Unhas Tamalanrea","TAHUN":2021,"Skala":"1 : 100","Luas_m2":1192.3299999999999,"FOTO":" ","Shape_Length":0.0020873794011279155,"Shape_Area":9.7139942223237105e-08}},{"type":"Feature","id":86,"geometry":{"type":"Polygon","coordinates":[[[119.4861036210001,-5.1319872229999532],[119.48607928300009,-5.1319867469999281],[119.48607867300007,-5.132014010999967],[119.48610276400007,-5.1320146339999724],[119.4861036210001,-5.1319872229999532]]]},"properties":{"OBJECTID":86,"Id":85,"KODE":" ","BANGUNAN":" ","UNIT":" ","LOKASI":"Kampus Unhas Tamalanrea","TAHUN":2021,"Skala":"1 : 100","Luas_m2":8.1300000000000008,"FOTO":" ","Shape_Length":0.00010313692539440597,"Shape_Area":6.6236695277372273e-10}},{"type":"Feature","id":87,"geometry":{"type":"Polygon","coordinates":[[[119.48609762500007,-5.1319685949999325],[119.48608028500007,-5.1319684289999259],[119.48607928300009,-5.1319867469999281],[119.48623217500005,-5.1319897389999483],[119.4862326650001,-5.1319930839999301],[119.48624002600002,-5.1319933839999408],[119.48624070300002,-5.1319748969999637],[119.48609758700002,-5.1319711319999328],[119.48609762500007,-5.1319685949999325]]]},"properties":{"OBJECTID":87,"Id":86,"KODE":" ","BANGUNAN":" ","UNIT":" ","LOKASI":"Kampus Unhas Tamalanrea","TAHUN":2021,"Skala":"1 : 100","Luas_m2":31.510000000000002,"FOTO":" ","Shape_Length":0.0003635574528038803,"Shape_Area":2.5670693557579436e-09}},{"type":"Feature","id":88,"geometry":{"type":"Polygon","coordinates":[[[119.48609762500007,-5.1319685949999325],[119.48609929400004,-5.1318575359999272],[119.4860911830001,-5.1318570889999364],[119.48609076900004,-5.1318118949999416],[119.48607311400008,-5.1318102889999295],[119.48607372600009,-5.1317835039999409],[119.48605965200011,-5.1317830799999342],[119.48605937900004,-5.1317739939999569],[119.4857643360001,-5.1317701209999314],[119.48576436000008,-5.1317763389999413],[119.48575720300005,-5.131775887999936],[119.48575519400003,-5.131811526999968],[119.48572585700003,-5.1318111629999521],[119.48572309000008,-5.1319587199999432],[119.48573621100002,-5.1319596259999685],[119.4857356230001,-5.1319926289999671],[119.48574134700004,-5.1319926059999261],[119.48574116100008,-5.132006237999974],[119.48583895200011,-5.1320072919999689],[119.4858385550001,-5.1320280979999779],[119.48585334200004,-5.132028039999966],[119.48585384100011,-5.1320952349999516],[119.48596975900011,-5.1320966969999517],[119.48596990900012,-5.1320122819999483],[119.48607867300007,-5.132014010999967],[119.48607928300009,-5.1319867469999281],[119.48608028500007,-5.1319684289999259],[119.48609762500007,-5.1319685949999325]]]},"properties":{"OBJECTID":88,"Id":87,"KODE":" ","BANGUNAN":"Fakultas MIPA","UNIT":" ","LOKASI":"Kampus Unhas Tamalanrea","TAHUN":2021,"Skala":"1 : 100","Luas_m2":1166.6700000000001,"FOTO":"IMG_0912.jpg","Shape_Length":0.0013913418809190429,"Shape_Area":9.5049715850244558e-08}},{"type":"Feature","id":89,"geometry":{"type":"Polygon","coordinates":[[[119.48723334400006,-5.1311317169999597],[119.48707478800009,-5.1311314769999399],[119.48707629300009,-5.1310274479999407],[119.48692030300003,-5.1310251859999312],[119.48691814800009,-5.1308998879999308],[119.4867977020001,-5.1308991609999453],[119.48679555300009,-5.1310216059999334],[119.48648929100011,-5.131015146999971],[119.48619471800009,-5.131009358999961],[119.48619249300009,-5.1311124349999773],[119.48609660900001,-5.1311108949999493],[119.4861077380001,-5.1305974289999767],[119.48626658000001,-5.1305970499999489],[119.48627088800004,-5.1304779439999493],[119.48609845800001,-5.1304748889999701],[119.48609871000008,-5.1304782359999308],[119.48602834100006,-5.1304754009999556],[119.48602808600003,-5.13047109799993],[119.48576762100004,-5.1304658939999399],[119.48576763300002,-5.1304690029999733],[119.48570385100004,-5.1304673859999639],[119.48570383400011,-5.130462841999929],[119.48563609700011,-5.1304623889999448],[119.48563635200003,-5.1304666919999704],[119.48557863300005,-5.1304661989999545],[119.48557861100005,-5.1304604599999379],[119.48535987800005,-5.1304538979999279],[119.48535915200011,-5.1306358829999681],[119.48542665400009,-5.1306372939999392],[119.48542673000009,-5.1306569029999309],[119.48544986900004,-5.1306582479999747],[119.48545019200003,-5.1306800079999562],[119.48547332500004,-5.1306794389999482],[119.48547313400002,-5.1306918749999681],[119.48549239700003,-5.130692875999955],[119.48549291600011,-5.1307036349999748],[119.48552344400002,-5.1307035169999722],[119.48552161300006,-5.1307850689999555],[119.48554737200004,-5.1307852079999634],[119.48554755400005,-5.1307091619999596],[119.48561768500008,-5.1307119979999811],[119.48561802600011,-5.130676843999936],[119.48562041100001,-5.130676833999928],[119.48562037000011,-5.1306663119999598],[119.48561034800002,-5.1306649169999332],[119.48561075800001,-5.1306476969999721],[119.48562673800006,-5.1306478739999761],[119.48562685100001,-5.1306153509999604],[119.48561158600012,-5.1306151719999775],[119.48561133800001,-5.130612780999968],[119.48560370700011,-5.1306128109999349],[119.48560364800005,-5.1305977459999781],[119.48556882200012,-5.1305964469999594],[119.48556926100002,-5.1305866399999331],[119.48558094500004,-5.1305861169999503],[119.48558097900002,-5.1305947249999804],[119.48562534100006,-5.1305950309999275],[119.48562507400004,-5.1305876189999253],[119.48564510900007,-5.130587779999928],[119.48564585600002,-5.1305959079999752],[119.48569046000011,-5.1305969299999674],[119.48569042700001,-5.1305885599999783],[119.48570891200006,-5.1305887869999651],[119.48570894600005,-5.1305974559999754],[119.48575545900007,-5.1305987689999597],[119.48575542500009,-5.1305901009999388],[119.48577480600011,-5.1305906229999323],[119.48577483700001,-5.130598693999957],[119.48582105100002,-5.1305997089999664],[119.48582101700003,-5.1305910409999456],[119.48594326300008,-5.130594450999979],[119.48593039000002,-5.1312303249999331],[119.48609258500005,-5.1312337589999402],[119.48609506000003,-5.1311340299999415],[119.48619333400006,-5.1311367559999326],[119.4861934920001,-5.131177647999948],[119.4863499600001,-5.1311801469999523],[119.48639980700011,-5.1311801919999311],[119.48686159400006,-5.1311922639999352],[119.48686158200007,-5.1311891549999586],[119.48688185800006,-5.1311897929999759],[119.48690523300002,-5.131190419999939],[119.48691501200005,-5.1311903819999429],[119.48691502200006,-5.1311930119999261],[119.48707339600003,-5.1311952649999739],[119.48707419800007,-5.1311560439999653],[119.48723282800006,-5.1311551809999401],[119.48723334400006,-5.1311317169999597]]]},"properties":{"OBJECTID":89,"Id":88,"KODE":" ","BANGUNAN":"Fakultas Peternakan","UNIT":" ","LOKASI":"Kampus Unhas Tamalanrea","TAHUN":2021,"Skala":"1 : 100","Luas_m2":5079.7200000000003,"FOTO":"IMG_0918.jpg","Shape_Length":0.0067726488116168085,"Shape_Area":4.1384949285819247e-07}},{"type":"Feature","id":90,"geometry":{"type":"Polygon","coordinates":[[[119.48722708600008,-5.1313998509999692],[119.48722541800009,-5.131266658999948],[119.48706081300008,-5.1312672999999336],[119.48705869300011,-5.1313973979999332],[119.48708588300008,-5.1313975309999478],[119.48708598000007,-5.1314226399999257],[119.48720403700008,-5.1314221799999586],[119.48720371200011,-5.1313997029999427],[119.48722708600008,-5.1313998509999692]]]},"properties":{"OBJECTID":90,"Id":89,"KODE":" ","BANGUNAN":"Kantin","UNIT":" ","LOKASI":"Kampus Unhas Tamalanrea","TAHUN":2021,"Skala":"1 : 100","Luas_m2":303.41000000000003,"FOTO":" ","Shape_Length":0.00064413519090145577,"Shape_Area":2.4719517210917451e-08}},{"type":"Feature","id":91,"geometry":{"type":"Polygon","coordinates":[[[119.48685790900004,-5.131988597999964],[119.48686301100008,-5.1319887339999468],[119.48688662500001,-5.1319893599999773],[119.48689837400002,-5.1320055749999369],[119.48690338400002,-5.1320057949999409],[119.48690382300003,-5.1319959879999715],[119.48690859700002,-5.1319917779999287],[119.48690011700012,-5.1319909869999378],[119.48690283700012,-5.1318929309999248],[119.48698855100008,-5.1318934639999725],[119.48699047200012,-5.1318215449999798],[119.48701209300009,-5.1318216539999639],[119.48701397500008,-5.131753253999932],[119.48699229900001,-5.1317531259999782],[119.48699546500006,-5.1316345479999654],[119.4870185850001,-5.13163511099998],[119.4870211540001,-5.1315595349999512],[119.48699749400009,-5.1315585869999722],[119.48700069000006,-5.1314388959999633],[119.48701925600005,-5.13143877899995],[119.48702016000004,-5.1313644039999531],[119.48700269700009,-5.1313637319999543],[119.48700445000009,-5.1312980959999663],[119.48698274200001,-5.131296984999949],[119.48698337700012,-5.1312761769999611],[119.48697731900006,-5.1312762009999346],[119.48697711900002,-5.1312369359999366],[119.48695364600007,-5.131235687999947],[119.48695375800003,-5.1312154089999353],[119.48690510500001,-5.131215789999942],[119.48690550000003,-5.1311904189999495],[119.48690523300002,-5.131190419999939],[119.48688185800006,-5.1311897929999759],[119.48688011800004,-5.1312123699999574],[119.48681715300006,-5.1312121369999772],[119.48681704100011,-5.1312448989999666],[119.48685139200006,-5.1312464389999377],[119.48685148400011,-5.1312703519999445],[119.48684576300002,-5.1312710919999631],[119.48684490400001,-5.1312954869999317],[119.48677931200007,-5.1312945469999249],[119.48677860900011,-5.1313593549999723],[119.48675594700001,-5.1313582479999695],[119.48675551600002,-5.1314316639999333],[119.48677460100009,-5.1314330239999322],[119.48677363600007,-5.1315533129999267],[119.48675335700011,-5.1315517179999688],[119.48675007400004,-5.1316277749999699],[119.48677154500001,-5.1316291259999502],[119.48676723400001,-5.1317475149999723],[119.48674338000001,-5.1317466509999576],[119.48674272700009,-5.1318243729999722],[119.48676634100002,-5.1318249979999564],[119.48676588100011,-5.1318910009999286],[119.48686009400001,-5.1318920689999459],[119.48685790900004,-5.131988597999964]]]},"properties":{"OBJECTID":91,"Id":90,"KODE":" ","BANGUNAN":"Fakultas MIIPA","UNIT":" ","LOKASI":"Kampus Unhas Tamalanrea","TAHUN":2021,"Skala":"1 : 100","Luas_m2":1958.96,"FOTO":"IMG_0912.jpg","Shape_Length":0.002403381646876986,"Shape_Area":1.5959855059447933e-07}},{"type":"Feature","id":92,"geometry":{"type":"Polygon","coordinates":[[[119.48675621200005,-5.1312726959999395],[119.48675502200001,-5.1312261559999683],[119.48671477400001,-5.1312271829999645],[119.48671566900009,-5.1312733319999779],[119.48675621200005,-5.1312726959999395]]]},"properties":{"OBJECTID":92,"Id":91,"KODE":" ","BANGUNAN":"Fakultas MIPA","UNIT":" ","LOKASI":"Kampus Unhas Tamalanrea","TAHUN":2021,"Skala":"1 : 100","Luas_m2":22.989999999999998,"FOTO":"IMG_0912.jpg","Shape_Length":0.00017352197803899443,"Shape_Area":1.8729760873155744e-09}},{"type":"Feature","id":93,"geometry":{"type":"Polygon","coordinates":[[[119.48622187400008,-5.1317989879999573],[119.48617536300003,-5.1317982129999677],[119.48617310000009,-5.1319704179999803],[119.48626280300005,-5.1319726739999396],[119.48626324000008,-5.1319492429999514],[119.48627468900008,-5.1319494379999355],[119.48627512900009,-5.1319398709999291],[119.48627510300003,-5.1319025059999603],[119.48628774500003,-5.1319026959999405],[119.48628772500001,-5.1318976739999584],[119.48631634300011,-5.1318970839999452],[119.48631588100011,-5.131900911999935],[119.48634330900006,-5.1319010449999496],[119.48634323500005,-5.1318819139999619],[119.48624305100009,-5.131878477999976],[119.48624423500007,-5.1318148639999777],[119.48622181200005,-5.1318137549999392],[119.48622187400008,-5.1317989879999573]]]},"properties":{"OBJECTID":93,"Id":92,"KODE":" ","BANGUNAN":" ","UNIT":" ","LOKASI":"Kampus Unhas Tamalanrea","TAHUN":2021,"Skala":"1 : 100","Luas_m2":191.50999999999999,"FOTO":" ","Shape_Length":0.00068808679951408685,"Shape_Area":1.5602549950974699e-08}},{"type":"Feature","id":94,"geometry":{"type":"Polygon","coordinates":[[[119.48627512900009,-5.1319398709999291],[119.48632881900005,-5.1319413139999597],[119.48637462200008,-5.1319440049999798],[119.48637405800002,-5.1319622039999331],[119.48641246400007,-5.1319636999999716],[119.48641357300005,-5.1319421729999704],[119.48642598200001,-5.1319440379999719],[119.48642871200002,-5.1319098309999731],[119.48641702000009,-5.1319086809999703],[119.48641745900011,-5.1318988749999335],[119.48637571300003,-5.1318966459999729],[119.48637613100004,-5.1318813399999499],[119.48647152900003,-5.1318807289999313],[119.48647295900003,-5.1318179049999344],[119.48649907100003,-5.1318176689999291],[119.48649949500009,-5.1317425789999334],[119.48647468200011,-5.1317421589999412],[119.48647742200001,-5.1316217319999282],[119.48650117600005,-5.13162228799996],[119.48650279700007,-5.1315481499999578],[119.48647910500006,-5.1315477679999617],[119.48648179700001,-5.131429432999937],[119.48650233700005,-5.1314295409999318],[119.48650925400011,-5.1314295139999331],[119.48651038300011,-5.1313515519999555],[119.48650370300004,-5.1313510989999713],[119.48648357800005,-5.1313511499999436],[119.48648498000011,-5.1312895349999508],[119.48638479800002,-5.1312865769999689],[119.48638493500005,-5.1312605109999367],[119.4864483770001,-5.1312605029999645],[119.48644959400008,-5.1312052579999659],[119.48639879100006,-5.1312047389999407],[119.48639980700011,-5.1311801919999311],[119.4863499600001,-5.1311801469999523],[119.4863500240001,-5.1312023259999364],[119.48631639400003,-5.1312022179999417],[119.48631504500008,-5.1312232669999389],[119.48629143000005,-5.1312224019999348],[119.48628990100008,-5.131258756999955],[119.48636002700005,-5.1312603969999486],[119.48635941300006,-5.1312864649999597],[119.48625732800008,-5.1312849489999621],[119.48625590300003,-5.1313480869999353],[119.48623252900006,-5.1313479389999657],[119.48623019400009,-5.1314225579999402],[119.48625285900005,-5.1314243829999668],[119.48624926600007,-5.1315434859999414],[119.48622660800004,-5.1315433349999466],[119.48622570600003,-5.1316184269999781],[119.48624764700003,-5.1316181019999476],[119.48624572600011,-5.1317379159999632],[119.48622330400008,-5.1317370469999446],[119.48622187400008,-5.1317989879999573],[119.48622181200005,-5.1318137549999392],[119.48624423500007,-5.1318148639999777],[119.48624305100009,-5.131878477999976],[119.48634323500005,-5.1318819139999619],[119.48634330900006,-5.1319010449999496],[119.48631588100011,-5.131900911999935],[119.48631634300011,-5.1318970839999452],[119.48628772500001,-5.1318976739999584],[119.48628774500003,-5.1319026959999405],[119.48627510300003,-5.1319025059999603],[119.48627512900009,-5.1319398709999291]]]},"properties":{"OBJECTID":94,"Id":93,"KODE":" ","BANGUNAN":"Fakultas MIPA","UNIT":" ","LOKASI":"Kampus Unhas Tamalanrea","TAHUN":2021,"Skala":"1 : 100","Luas_m2":2025.52,"FOTO":"IMG_0912.jpg","Shape_Length":0.0028095194617549202,"Shape_Area":1.6502095643951444e-07}},{"type":"Feature","id":95,"geometry":{"type":"Polygon","coordinates":[[[119.48528710900007,-5.1314082939999253],[119.48535199600008,-5.1314014919999522],[119.48535219300004,-5.1314011059999416],[119.48533966600007,-5.1313074139999344],[119.48526218500001,-5.1313156069999764],[119.48519287600004,-5.131340267999974],[119.48522399300009,-5.1314307789999702],[119.48528710900007,-5.1314082939999253]]]},"properties":{"OBJECTID":95,"Id":94,"KODE":" ","BANGUNAN":"Substation Fakultas Farmasi","UNIT":" ","LOKASI":"Kampus Unhas Tamalanrea","TAHUN":2021,"Skala":"1 : 100","Luas_m2":166,"FOTO":" ","Shape_Length":0.0004743923336466257,"Shape_Area":1.3524168217897381e-08}},{"type":"Feature","id":96,"geometry":{"type":"Polygon","coordinates":[[[119.48559432900004,-5.1316003789999627],[119.4856098350001,-5.1316010359999495],[119.48561073000008,-5.1315859669999782],[119.48574120400008,-5.1315892849999614],[119.48574165200012,-5.131581869999934],[119.4858003280001,-5.1315828379999289],[119.48580035600003,-5.1315902509999773],[119.48593583900004,-5.1315935489999447],[119.48593605000008,-5.1315863749999266],[119.48599377200003,-5.131587584999977],[119.48599303200001,-5.13164282799994],[119.48606482700006,-5.1316444609999508],[119.4860665220001,-5.1315892139999733],[119.48613211400004,-5.131590393999943],[119.48613333000003,-5.1315349099999708],[119.4861426330001,-5.1315351129999272],[119.48614791900002,-5.13138181599993],[119.48614585500002,-5.1313817899999776],[119.4859898520001,-5.1313759409999307],[119.48599018900006,-5.1313398299999449],[119.48595345700005,-5.1313392549999435],[119.4859528720001,-5.131372975999966],[119.48579615800008,-5.1313683249999258],[119.48579625400009,-5.1313314979999518],[119.48575737400006,-5.1313304529999755],[119.4857563270001,-5.131368001999931],[119.48561607500005,-5.1313649609999743],[119.48561771700008,-5.1312960829999383],[119.48557538200009,-5.1312034639999524],[119.4854635260001,-5.13120413799993],[119.48541852300002,-5.131284662999974],[119.48541667300003,-5.1313614319999488],[119.48540618100003,-5.1313619519999634],[119.4854042820001,-5.1314258079999604],[119.48540873200011,-5.1315731829999436],[119.48540942600005,-5.1315961509999397],[119.48555492500009,-5.1315994109999679],[119.4855559340001,-5.1315994359999308],[119.48559432900004,-5.1316003789999627]]]},"properties":{"OBJECTID":96,"Id":95,"KODE":" ","BANGUNAN":"Laboratorium Farmasetika Farmasi","UNIT":" ","LOKASI":"Kampus Unhas Tamalanrea","TAHUN":2021,"Skala":"1 : 100","Luas_m2":4344.3599999999997,"FOTO":" ","Shape_Length":0.002457715610439721,"Shape_Area":1.9787318271507653e-07}},{"type":"Feature","id":97,"geometry":{"type":"Polygon","coordinates":[[[119.48537607100002,-5.1316893039999627],[119.48530873600009,-5.1315893539999706],[119.48526282700004,-5.1316208599999413],[119.48533095100004,-5.1317212699999573],[119.48537607100002,-5.1316893039999627]]]},"properties":{"OBJECTID":97,"Id":96,"KODE":" ","BANGUNAN":"Fakultas Farmasi","UNIT":" ","LOKASI":"Kampus Unhas Tamalanrea","TAHUN":2021,"Skala":"1 : 100","Luas_m2":82.349999999999994,"FOTO":"IMG_0914.jpg","Shape_Length":0.00035283008856129067,"Shape_Area":6.7091060213540031e-09}},{"type":"Feature","id":98,"geometry":{"type":"Polygon","coordinates":[[[119.4849965520001,-5.1314985539999611],[119.48494146400003,-5.1314387449999685],[119.48489989500001,-5.131482190999975],[119.48495417800007,-5.1315388709999752],[119.4849965520001,-5.1314985539999611]]]},"properties":{"OBJECTID":98,"Id":97,"KODE":" ","BANGUNAN":"Fakultas Pertanian" , "kode_id" : "Areasbuilding1500" ,"UNIT":" ","LOKASI":"Kampus Unhas Tamalanrea","TAHUN":2021,"Skala":"1 : 100","Luas_m2":58.119999999999997,"FOTO":"IMG_0915.jpg","Shape_Length":0.00027841278422349248,"Shape_Area":4.7349198043982599e-09}},{"type":"Feature","id":99,"geometry":{"type":"Polygon","coordinates":[[[119.48499804300002,-5.1314526339999702],[119.48505698200006,-5.1313983599999347],[119.48497938000003,-5.1313140089999365],[119.48492044400007,-5.1313687609999761],[119.48499793700012,-5.1314527609999345],[119.48499804300002,-5.1314526339999702]]]},"properties":{"OBJECTID":99,"Id":98,"KODE":" ","BANGUNAN":"Rumah Kaca","UNIT":" ","LOKASI":"Kampus Unhas Tamalanrea","TAHUN":2021,"Skala":"1 : 100","Luas_m2":112.89,"FOTO":" ","Shape_Length":0.00038963392616368992,"Shape_Area":9.1969598587992322e-09}},{"type":"Feature","id":100,"geometry":{"type":"Polygon","coordinates":[[[119.48508020500003,-5.1308893469999362],[119.48503793000009,-5.1308441989999665],[119.48495583800002,-5.1309233099999574],[119.48499894200006,-5.130968098999972],[119.48508020500003,-5.1308893469999362]]]},"properties":{"OBJECTID":100,"Id":99,"KODE":" ","BANGUNAN":"Bank Tanah","UNIT":" ","LOKASI":"Kampus Unhas Tamalanrea","TAHUN":2021,"Skala":"1 : 100","Luas_m2":86.439999999999998,"FOTO":" ","Shape_Length":0.00035118076883834041,"Shape_Area":7.0424609281995425e-09}},{"type":"Feature","id":101,"geometry":{"type":"Polygon","coordinates":[[[119.48571280400006,-5.1309086589999424],[119.48567790100003,-5.1309080959999278],[119.4856785930001,-5.1309635729999741],[119.48571126900003,-5.1309639239999569],[119.48571280400006,-5.1309086589999424]]]},"properties":{"OBJECTID":101,"Id":100,"KODE":" ","BANGUNAN":"Gazebo Tekpert","UNIT":" ","LOKASI":"Kampus Unhas Tamalanrea","TAHUN":2021,"Skala":"1 : 100","Luas_m2":22.969999999999999,"FOTO":" ","Shape_Length":0.00017835305469348533,"Shape_Area":1.8711510299208313e-09}},{"type":"Feature","id":102,"geometry":{"type":"Polygon","coordinates":[[[119.48571280400006,-5.1309086589999424],[119.48571608300006,-5.130790531999935],[119.48554737200004,-5.1307852079999634],[119.48552161300006,-5.1307850689999555],[119.48526210400007,-5.130777185999932],[119.48522527800003,-5.1308136779999813],[119.48515200300005,-5.1307379179999657],[119.48511398400001,-5.1307746539999357],[119.48518630400008,-5.1308499389999724],[119.48497862700003,-5.1310499469999513],[119.48497072400005,-5.1310416079999754],[119.48501539000006,-5.1309971939999741],[119.48499264000009,-5.1309733689999462],[119.48497980900004,-5.1309856149999291],[119.48497142200006,-5.130975603999957],[119.48497736100001,-5.1309696019999365],[119.48496634100002,-5.1309569709999323],[119.48496420000004,-5.1309581749999325],[119.48494623600004,-5.1309386359999394],[119.48489989100005,-5.1309806649999246],[119.48489318400004,-5.1309732779999422],[119.4850129460001,-5.1308587439999656],[119.48495282900001,-5.1307934549999459],[119.48445120300005,-5.1312722419999659],[119.48450340200009,-5.1313251269999682],[119.48449864600002,-5.1313289719999489],[119.48444859600011,-5.1312765569999783],[119.48442031200011,-5.1313017759999298],[119.48448233600004,-5.1313668189999362],[119.48444075600003,-5.1314076339999701],[119.48452864600006,-5.1315005539999561],[119.48451653100005,-5.1315130359999443],[119.48454862300002,-5.1315473469999802],[119.48454506200005,-5.1315516649999608],[119.48455296400004,-5.1315597649999631],[119.48450924600002,-5.1316027399999484],[119.48453256100004,-5.1316492809999659],[119.48457868600008,-5.131673492999937],[119.48462384300001,-5.1316324259999533],[119.48463269800004,-5.1316402829999674],[119.48463650000008,-5.1316366809999749],[119.48466907400007,-5.1316724239999303],[119.48468262000006,-5.131659696999975],[119.48477098500007,-5.1317521379999675],[119.48477598000011,-5.1317485309999711],[119.48481308800001,-5.1317847359999291],[119.48490648100005,-5.1316973269999266],[119.48487152200005,-5.131661592999933],[119.48490334600001,-5.131626793999942],[119.48490957100012,-5.1316329879999785],[119.4849789650001,-5.1315686289999576],[119.48491263300002,-5.1314997769999309],[119.48490788000004,-5.1315040999999724],[119.48481425600005,-5.1314088109999716],[119.48476244300002,-5.1314554039999507],[119.48473753600001,-5.1314289569999687],[119.48474086300007,-5.1314258359999485],[119.48468050800011,-5.1313605479999751],[119.4846833580001,-5.1313574279999443],[119.48466467800006,-5.1313376519999565],[119.4846485270001,-5.1313549329999546],[119.48457525300012,-5.131279650999943],[119.4848748820001,-5.1309893709999415],[119.48488374100009,-5.1309981839999637],[119.48487827700001,-5.1310039449999749],[119.48494078900001,-5.1310718549999592],[119.48494839400007,-5.1310646509999742],[119.48495486500008,-5.1310727569999699],[119.48484056900008,-5.1311824859999433],[119.48492653900007,-5.1312720669999408],[119.48531082800002,-5.1309035459999563],[119.48567790100003,-5.1309080959999278],[119.48571280400006,-5.1309086589999424]]]},"properties":{"OBJECTID":102,"Id":101,"KODE":" ","BANGUNAN":"Fakultas Pertanian","UNIT":" ","LOKASI":"Kampus Unhas Tamalanrea","TAHUN":2021,"Skala":"1 : 100","Luas_m2":4079.3899999999999,"FOTO":"IMG_0915.jpg","Shape_Length":0.0061241165104435032,"Shape_Area":3.323520131641349e-07}},{"type":"Feature","id":103,"geometry":{"type":"Polygon","coordinates":[[[119.48582842600001,-5.130748998999934],[119.4857485230001,-5.1307476359999669],[119.48574504200008,-5.1308880219999651],[119.48582563400009,-5.1308900989999415],[119.48582842600001,-5.130748998999934]]]},"properties":{"OBJECTID":103,"Id":102,"KODE":" ","BANGUNAN":"Lapangan Teknik Pertanian","UNIT":" ","LOKASI":"Kampus Unhas Tamalanrea","TAHUN":2021,"Skala":"1 : 100","Luas_m2":138.69999999999999,"FOTO":"IMG_0915.jpg","Shape_Length":0.00044209015495429599,"Shape_Area":1.1299668667797012e-08}},{"type":"Feature","id":104,"geometry":{"type":"Polygon","coordinates":[[[119.48535213800005,-5.1324169149999648],[119.48510336100003,-5.1324134729999287],[119.4848027490001,-5.1325112539999509],[119.48482158000002,-5.1325700079999592],[119.48511337800005,-5.1324748919999479],[119.48535476500001,-5.1324804089999247],[119.48535213800005,-5.1324169149999648]]]},"properties":{"OBJECTID":104,"Id":103,"KODE":" ","BANGUNAN":"Parkiran Motor","UNIT":" ","LOKASI":"Kampus Unhas Tamalanrea","TAHUN":2021,"Skala":"1 : 100","Luas_m2":423.06,"FOTO":" ","Shape_Length":0.0012385211317441349,"Shape_Area":3.4467739428039796e-08}},{"type":"Feature","id":105,"geometry":{"type":"Polygon","coordinates":[[[119.48441658800004,-5.1322588509999605],[119.48442773500005,-5.1322921489999658],[119.48446799500005,-5.1322800349999511],[119.4845762110001,-5.1323250499999631],[119.48459815000001,-5.1323857049999333],[119.48453980600004,-5.1324088889999757],[119.48453643400001,-5.1324002929999324],[119.48448166100002,-5.1324217889999773],[119.48450551700012,-5.1324848279999742],[119.48456171200007,-5.1324611739999568],[119.48455761900004,-5.1324511469999266],[119.48486824300005,-5.1323229889999311],[119.48504485800004,-5.1322634299999663],[119.48598860700008,-5.1322707079999645],[119.48598890700009,-5.1322250889999737],[119.48580362600001,-5.1322219869999799],[119.48558323000009,-5.1322168669999542],[119.48531275000005,-5.1322124199999735],[119.48517106000008,-5.1322074709999583],[119.48508065200008,-5.1322035189999724],[119.48506307800005,-5.1322042579999447],[119.48503269300011,-5.1322067229999675],[119.48498829800008,-5.1322285939999688],[119.48494058300003,-5.132247586999938],[119.48469315700004,-5.1323456389999365],[119.48465291700006,-5.1322396189999608],[119.48447327600002,-5.1321657079999454],[119.48439278900003,-5.1321983049999744],[119.48440605200005,-5.1322360369999274],[119.48447034700007,-5.1322099599999547],[119.48462417700011,-5.1322703399999341],[119.48465958500003,-5.132360116999962],[119.48463410500005,-5.1323704989999328],[119.48460351500012,-5.1322928999999249],[119.48447881700008,-5.1322414929999809],[119.48447142200007,-5.132241042999965],[119.48441658800004,-5.1322588509999605]]]},"properties":{"OBJECTID":105,"Id":104,"KODE":" ","BANGUNAN":"Parkiran Mobil Fakultas Pertanian","UNIT":" ","LOKASI":"Kampus Unhas Tamalanrea","TAHUN":2021,"Skala":"1 : 100","Luas_m2":1246.5699999999999,"FOTO":" ","Shape_Length":0.0044408390842129815,"Shape_Area":1.0155975787506163e-07}},{"type":"Feature","id":106,"geometry":{"type":"Polygon","coordinates":[[[119.48515508500009,-5.1301300019999303],[119.48527235800009,-5.1302536379999424],[119.48550778100002,-5.1302591779999602],[119.48550670600002,-5.1302895529999546],[119.48550909200003,-5.1302897819999771],[119.4855058170001,-5.1304294499999514],[119.48550438600012,-5.1304294559999448],[119.48550433300011,-5.1304582319999668],[119.48557861100005,-5.1304604599999379],[119.4855792840001,-5.1304285419999474],[119.48557761600011,-5.1304287879999606],[119.4855794660001,-5.1302907999999547],[119.48558161100004,-5.1302903129999322],[119.48558173700008,-5.1302611379999803],[119.48559485500004,-5.1302613259999248],[119.48559842500003,-5.1301362449999601],[119.48532960000011,-5.1301277259999551],[119.48478365400001,-5.1295601459999602],[119.48469910200004,-5.1296518249999394],[119.48481393000009,-5.1297753219999436],[119.48482685600004,-5.1297883719999504],[119.48482893100004,-5.1297864689999528],[119.48488306000002,-5.1298450859999321],[119.48488333500006,-5.1298453899999572],[119.48503663700001,-5.1300079179999329],[119.48515508500009,-5.1301300019999303]]]},"properties":{"OBJECTID":106,"Id":105,"KODE":" ","BANGUNAN":"Fakultas Kehutanan", "kode_id" : "Areasbuilding1256" ,"UNIT":" ","LOKASI":"Kampus Unhas Tamalanrea","TAHUN":2021,"Skala":"1 : 100","Luas_m2":3727.3600000000001,"FOTO":"IMG_0916.jpg","Shape_Length":0.0028688905689606852,"Shape_Area":1.5439883013285558e-07}},{"type":"Feature","id":107,"geometry":{"type":"Polygon","coordinates":[[[119.48506035900004,-5.1300328089999425],[119.48502461200007,-5.1299952999999618],[119.48496985800011,-5.1300462269999798],[119.48500745400008,-5.1300852989999726],[119.48506035900004,-5.1300328089999425]]]},"properties":{"OBJECTID":107,"Id":106,"KODE":" ","BANGUNAN":"Fakultas Kehutanan","UNIT":" ","LOKASI":"Kampus Unhas Tamalanrea","TAHUN":2021,"Skala":"1 : 100","Luas_m2":48.57,"FOTO":"IMG_0916.jpg","Shape_Length":0.00025534013446399295,"Shape_Area":3.9573867246383764e-09}},{"type":"Feature","id":108,"geometry":{"type":"Polygon","coordinates":[[[119.48488333500006,-5.1298453899999572],[119.48488306000002,-5.1298450859999321],[119.48482893100004,-5.1297864689999528],[119.48480326400011,-5.1298100039999781],[119.48484684800007,-5.1298555089999809],[119.4848280760001,-5.1298735179999539],[119.48483956000007,-5.1298864279999634],[119.48488333500006,-5.1298453899999572]]]},"properties":{"OBJECTID":108,"Id":107,"KODE":" ","BANGUNAN":" ","UNIT":" ","LOKASI":"Kampus Unhas Tamalanrea","TAHUN":2021,"Skala":"1 : 100","Luas_m2":39.270000000000003,"FOTO":" ","Shape_Length":0.00028132568756950797,"Shape_Area":3.1989912853433132e-09}},{"type":"Feature","id":109,"geometry":{"type":"Polygon","coordinates":[[[119.48490921200005,-5.1298739719999276],[119.48488333500006,-5.1298453899999572],[119.48483956000007,-5.1298864279999634],[119.4848659920001,-5.1299161439999352],[119.48490921200005,-5.1298739719999276]]]},"properties":{"OBJECTID":109,"Id":108,"KODE":" ","BANGUNAN":" ","UNIT":" ","LOKASI":"Kampus Unhas Tamalanrea","TAHUN":2021,"Skala":"1 : 100","Luas_m2":28.920000000000002,"FOTO":" ","Shape_Length":0.00019871516088700473,"Shape_Area":2.3560665983896087e-09}},{"type":"Feature","id":110,"geometry":{"type":"Polygon","coordinates":[[[119.48473184600005,-5.1302619099999447],[119.48475562800002,-5.1302406669999527],[119.4847310780001,-5.130214829999943],[119.48470818600003,-5.1302372629999695],[119.48473184600005,-5.1302619099999447]]]},"properties":{"OBJECTID":110,"Id":109,"KODE":" ","BANGUNAN":" ","UNIT":" ","LOKASI":"Kampus Unhas Tamalanrea","TAHUN":2021,"Skala":"1 : 100","Luas_m2":13.69,"FOTO":" ","Shape_Length":0.00013374526755903951,"Shape_Area":1.1154775437036488e-09}},{"type":"Feature","id":111,"geometry":{"type":"Polygon","coordinates":[[[119.48467122600005,-5.1301207399999385],[119.48463576300003,-5.1300833789999274],[119.48460490800005,-5.1301123579999626],[119.48464130700006,-5.1301502389999314],[119.48467122600005,-5.1301207399999385]]]},"properties":{"OBJECTID":111,"Id":110,"KODE":" ","BANGUNAN":" ","UNIT":" ","LOKASI":"Kampus Unhas Tamalanrea","TAHUN":2021,"Skala":"1 : 100","Luas_m2":26.93,"FOTO":" ","Shape_Length":0.00018839191320745415,"Shape_Area":2.1937758358858877e-09}},{"type":"Feature","id":112,"geometry":{"type":"Polygon","coordinates":[[[119.48462737600005,-5.1300745419999316],[119.48459322300005,-5.1300385609999353],[119.48456942000007,-5.130063234999966],[119.48460532500008,-5.130096812999966],[119.48462737600005,-5.1300745419999316]]]},"properties":{"OBJECTID":112,"Id":111,"KODE":" ","BANGUNAN":" ","UNIT":" ","LOKASI":"Kampus Unhas Tamalanrea","TAHUN":2021,"Skala":"1 : 100","Luas_m2":19.879999999999999,"FOTO":" ","Shape_Length":0.00016439323597883606,"Shape_Area":1.6196077992948338e-09}},{"type":"Feature","id":113,"geometry":{"type":"Polygon","coordinates":[[[119.48443718400006,-5.1298801859999799],[119.48429758200007,-5.129736768999976],[119.48418471600007,-5.1298460149999414],[119.48438801400005,-5.1300551849999465],[119.48450301800005,-5.1299437789999729],[119.48443718400006,-5.1298801859999799]]]},"properties":{"OBJECTID":113,"Id":112,"KODE":" ","BANGUNAN":"Fakultas FIKP","UNIT":" ","LOKASI":"Kampus Unhas Tamalanrea","TAHUN":2021,"Skala":"1 : 100","Luas_m2":564.28999999999996,"FOTO":"IMG_0917.jpg","Shape_Length":0.0009005577551962512,"Shape_Area":4.5973725387375874e-08}},{"type":"Feature","id":114,"geometry":{"type":"Polygon","coordinates":[[[119.48443718400006,-5.1298801859999799],[119.48444693500005,-5.1298732129999394],[119.48452331800002,-5.1299508739999737],[119.48458083600008,-5.1298992359999716],[119.48460394100005,-5.1299222229999373],[119.48464120600011,-5.1298859959999277],[119.48458038800004,-5.1298214149999808],[119.48464478700009,-5.1297606639999458],[119.48436318300003,-5.1294697749999614],[119.48430188000009,-5.1295295579999447],[119.48420825400001,-5.129433310999957],[119.48432349600012,-5.1293219039999371],[119.48431511300009,-5.1293126109999321],[119.48434101200007,-5.1292874009999423],[119.48425552200001,-5.1291982969999594],[119.48422843100002,-5.1292237499999374],[119.48422028700008,-5.1292146949999733],[119.48396413700004,-5.1294617609999591],[119.48399767000001,-5.1294984579999436],[119.48395419300005,-5.1295421499999634],[119.48390272300003,-5.1294926099999429],[119.48384616300007,-5.1295451999999386],[119.48383946300009,-5.1295394869999313],[119.48378693800009,-5.129587039999933],[119.48372659200004,-5.1295241429999692],[119.4836448420001,-5.1296005059999743],[119.48370543700003,-5.1296660319999319],[119.48365363700009,-5.1297159739999643],[119.48366034200001,-5.129723121999973],[119.48360211200009,-5.129775479999978],[119.48386889300002,-5.1300570999999309],[119.48393306600008,-5.1299994579999293],[119.48394049000001,-5.1300075599999673],[119.48411658000009,-5.129841871999929],[119.48410915400007,-5.1298335309999743],[119.48417140900006,-5.129773504999946],[119.4839867610001,-5.1295762189999436],[119.48403263300008,-5.1295351489999348],[119.48410518100002,-5.1296080419999726],[119.48420545900001,-5.1295124759999453],[119.48424473900002,-5.1295551289999253],[119.48423546900005,-5.1295632949999685],[119.48423834200003,-5.1295661539999742],[119.48420769100005,-5.1295961649999526],[119.48421702900009,-5.1296054549999326],[119.48420728800011,-5.1296152969999298],[119.48422788000005,-5.1296362609999733],[119.48423690700008,-5.1296268999999484],[119.48424600500005,-5.1296359509999547],[119.48428902700005,-5.1295977609999568],[119.48429788900012,-5.1296075319999659],[119.48423301700007,-5.1296694809999508],[119.48429758200007,-5.129736768999976],[119.48443718400006,-5.1298801859999799]]]},"properties":{"OBJECTID":114,"Id":113,"KODE":" ","BANGUNAN":"Fakultas Kelautan","UNIT":" ","LOKASI":"Kampus Unhas Tamalanrea","TAHUN":2021,"Skala":"1 : 100","Luas_m2":4343.4200000000001,"FOTO":"IMG_0917.jpg","Shape_Length":0.004661574277770311,"Shape_Area":3.5386277784337883e-07}},{"type":"Feature","id":115,"geometry":{"type":"Polygon","coordinates":[[[119.48425752900005,-5.1294263659999615],[119.48424136100004,-5.1294092409999621],[119.48421748500004,-5.1294325479999543],[119.48423386500008,-5.1294497019999312],[119.48425752900005,-5.1294263659999615]]]},"properties":{"OBJECTID":115,"Id":114,"KODE":" ","BANGUNAN":"Fakultas Kelautan","UNIT":" ","LOKASI":"Kampus Unhas Tamalanrea","TAHUN":2021,"Skala":"1 : 100","Luas_m2":9.6600000000000001,"FOTO":"IMG_0917.jpg","Shape_Length":0.00011387053711031234,"Shape_Area":7.8694000555533173e-10}},{"type":"Feature","id":116,"geometry":{"type":"Polygon","coordinates":[[[119.48464384800002,-5.1297963359999699],[119.48462796400008,-5.1297795909999309],[119.4845952500001,-5.1298111119999703],[119.48461105500007,-5.1298275509999485],[119.48464384800002,-5.1297963359999699]]]},"properties":{"OBJECTID":116,"Id":115,"KODE":" ","BANGUNAN":"Fakultas Kelautan","UNIT":" ","LOKASI":"Kampus Unhas Tamalanrea","TAHUN":2021,"Skala":"1 : 100","Luas_m2":12.77,"FOTO":"IMG_0917.jpg","Shape_Length":0.0001365876563605284,"Shape_Area":1.04045634646075e-09}},{"type":"Feature","id":117,"geometry":{"type":"Polygon","coordinates":[[[119.48467321800001,-5.1298053089999485],[119.48465741300004,-5.1297886319999293],[119.48464221000006,-5.1298044729999788],[119.48465681400012,-5.1298190039999554],[119.48467321800001,-5.1298053089999485]]]},"properties":{"OBJECTID":117,"Id":116,"KODE":" ","BANGUNAN":" ","UNIT":" ","LOKASI":"Kampus Unhas Tamalanrea","TAHUN":2021,"Skala":"1 : 100","Luas_m2":5.7800000000000002,"FOTO":" ","Shape_Length":8.6903432162946127e-05,"Shape_Area":4.7113786961430265e-10}},{"type":"Feature","id":118,"geometry":{"type":"Polygon","coordinates":[[[119.48467286100004,-5.1298711049999497],[119.48465291700006,-5.1298596719999523],[119.48464152500003,-5.1298740639999778],[119.48466160800001,-5.1298866599999542],[119.48467286100004,-5.1298711049999497]]]},"properties":{"OBJECTID":118,"Id":117,"KODE":" ","BANGUNAN":" ","UNIT":" ","LOKASI":"Kampus Unhas Tamalanrea","TAHUN":2021,"Skala":"1 : 100","Luas_m2":5.3499999999999996,"FOTO":" ","Shape_Length":8.4248547756322651e-05,"Shape_Area":4.3570631866117125e-10}},{"type":"Feature","id":119,"geometry":{"type":"Polygon","coordinates":[[[119.48451034400011,-5.1301101819999531],[119.48448617300005,-5.1300889929999585],[119.4845227400001,-5.1300470029999587],[119.48448266200012,-5.1300102829999332],[119.48448253000004,-5.1300103319999266],[119.48442244500006,-5.1300765669999464],[119.4844880280001,-5.1301368129999787],[119.48451034400011,-5.1301101819999531]]]},"properties":{"OBJECTID":119,"Id":118,"KODE":" ","BANGUNAN":" ","UNIT":" ","LOKASI":"Kampus Unhas Tamalanrea","TAHUN":2021,"Skala":"1 : 100","Luas_m2":74.530000000000001,"FOTO":" ","Shape_Length":0.00035554810992920806,"Shape_Area":6.0723959378938223e-09}},{"type":"Feature","id":120,"geometry":{"type":"Polygon","coordinates":[[[119.48466622400008,-5.1302762969999662],[119.48449337600005,-5.1302079919999528],[119.48441582700002,-5.130407360999925],[119.48458899700006,-5.1304736449999382],[119.48466622400008,-5.1302762969999662]]]},"properties":{"OBJECTID":120,"Id":119,"KODE":" ","BANGUNAN":"mushola","UNIT":" ","LOKASI":"Kampus Unhas Tamalanrea","TAHUN":2021,"Skala":"1 : 100","Luas_m2":485.14999999999998,"FOTO":" ","Shape_Length":0.00079711761504190908,"Shape_Area":3.9525592497442612e-08}},{"type":"Feature","id":121,"geometry":{"type":"Polygon","coordinates":[[[119.48415352900008,-5.1299284369999327],[119.48411616600004,-5.1298879289999491],[119.48404293600004,-5.1299537299999542],[119.48408104300006,-5.1299949589999301],[119.48415352900008,-5.1299284369999327]]]},"properties":{"OBJECTID":121,"Id":120,"KODE":" ","BANGUNAN":" ","UNIT":" ","LOKASI":"Kampus Unhas Tamalanrea","TAHUN":2021,"Skala":"1 : 100","Luas_m2":67.189999999999998,"FOTO":" ","Shape_Length":0.00030808437949375638,"Shape_Area":5.474201376790463e-09}},{"type":"Feature","id":122,"geometry":{"type":"Polygon","coordinates":[[[119.48406248900005,-5.1299788699999453],[119.48398349400009,-5.1300563179999585],[119.48408647700001,-5.1301666369999452],[119.4840829100001,-5.1301692809999508],[119.4841415840001,-5.1302314669999305],[119.48411283600001,-5.1302602759999445],[119.48407859200006,-5.1302245379999363],[119.48405624500003,-5.1302432779999663],[119.48405097200009,-5.1302366029999575],[119.48400391900009,-5.1302805469999271],[119.48403985100003,-5.130321060999961],[119.48400872000002,-5.1303501169999777],[119.48398047100011,-5.1303229659999374],[119.48385123900005,-5.1304557099999784],[119.48384693000003,-5.130574815999978],[119.48375843200006,-5.130571333999967],[119.48375545400006,-5.1306646089999504],[119.48384371400005,-5.1306680909999614],[119.4838420320001,-5.1307266859999459],[119.48384871500002,-5.1307278559999645],[119.48384609900006,-5.1307914759999562],[119.48396753000009,-5.1309232459999521],[119.48399676200006,-5.1308963489999542],[119.48402120100002,-5.130925427999955],[119.48398341200004,-5.1309597709999366],[119.48403011800008,-5.1310107649999281],[119.48403700900008,-5.1310042809999459],[119.48405713000011,-5.1310266819999697],[119.48409278000008,-5.1309942599999658],[119.4841205570001,-5.1310228479999296],[119.48405163300004,-5.1310852909999767],[119.48412927000004,-5.1311789689999614],[119.48434936900003,-5.1309839349999606],[119.48428685400006,-5.1309153069999525],[119.4844677530001,-5.1307598829999392],[119.48448026500012,-5.1305417429999807],[119.48434734500006,-5.130399256999965],[119.48441932200001,-5.130324605999931],[119.48416912300002,-5.1300754439999423],[119.48416508100001,-5.1300785689999771],[119.48406248900005,-5.1299788699999453]],[[119.48444581000001,-5.1305541729999504],[119.4844379220001,-5.1307345109999574],[119.48426824600006,-5.1308934789999512],[119.48426609000001,-5.1308910959999707],[119.48414701100012,-5.1309972569999331],[119.48409745000004,-5.1309479489999603],[119.48409863500001,-5.1309457919999772],[119.48405816400009,-5.1309036229999379],[119.48406124900009,-5.130899544999977],[119.48403178500007,-5.1308664199999612],[119.48407194300012,-5.1308277629999566],[119.48402978500008,-5.1307810569999788],[119.48403077500006,-5.1307286819999263],[119.48416387900011,-5.1307336639999335],[119.48416441100005,-5.130686313999945],[119.48417085200003,-5.1306865279999556],[119.48420488300007,-5.1306672639999533],[119.48419910500002,-5.1306534169999622],[119.4841962050001,-5.130643384999928],[119.48419473800004,-5.1306343029999653],[119.48419470800002,-5.1306264119999696],[119.48419610300004,-5.1306170799999791],[119.48419988000001,-5.1306070219999356],[119.48420675500006,-5.1305962339999382],[119.48417327400011,-5.1305729289999249],[119.48416755000005,-5.1305729509999765],[119.48416832300006,-5.1305260779999458],[119.48403379600006,-5.1305232529999785],[119.48403481800005,-5.1304790089999415],[119.4840837480001,-5.1304269259999273],[119.48404136600004,-5.1303838079999764],[119.48407676600004,-5.130348516999959],[119.48407508900004,-5.1303466109999363],[119.48411714700001,-5.1303060329999539],[119.48411523200002,-5.1303041279999775],[119.48416604500005,-5.1302555959999268],[119.48432413300009,-5.1304202519999649],[119.48432175700009,-5.1304226529999255],[119.48444581000001,-5.1305541729999504]]]},"properties":{"OBJECTID":122,"Id":121,"KODE":" ","BANGUNAN":"Fakultas Kehutanan","UNIT":" ","LOKASI":"Kampus Unhas Tamalanrea","TAHUN":2021,"Skala":"1 : 100","Luas_m2":3420.4099999999999,"FOTO":"IMG_0916.jpg","Shape_Length":0.0059757063488761995,"Shape_Area":2.7866474711855332e-07}},{"type":"Feature","id":123,"geometry":{"type":"Polygon","coordinates":[[[119.48416396300001,-5.1305088769999543],[119.48408661500002,-5.1304298559999779],[119.48403639300011,-5.1305163079999261],[119.48403902700011,-5.1305189279999581],[119.48415876200011,-5.1305208539999398],[119.48416396300001,-5.1305088769999543]]]},"properties":{"OBJECTID":123,"Id":122,"KODE":" ","BANGUNAN":"Fakultas Kehutanan","UNIT":" ","LOKASI":"Kampus Unhas Tamalanrea","TAHUN":2021,"Skala":"1 : 100","Luas_m2":76.430000000000007,"FOTO":"IMG_0916.jpg","Shape_Length":0.00034708005996808696,"Shape_Area":6.2266859109427658e-09}},{"type":"Feature","id":124,"geometry":{"type":"Polygon","coordinates":[[[119.48407717200007,-5.1308231989999626],[119.48414916700006,-5.1307530919999635],[119.48414625600003,-5.1307381529999248],[119.48403388700001,-5.1307315399999425],[119.48407288300007,-5.1308241719999614],[119.48407717200007,-5.1308231989999626]]]},"properties":{"OBJECTID":124,"Id":123,"KODE":" ","BANGUNAN":"Fakultas Kehutanan","UNIT":" ","LOKASI":"Kampus Unhas Tamalanrea","TAHUN":2021,"Skala":"1 : 100","Luas_m2":71.980000000000004,"FOTO":"IMG_0916.jpg","Shape_Length":0.00033317713464941259,"Shape_Area":5.8641215066121959e-09}},{"type":"Feature","id":125,"geometry":{"type":"Polygon","coordinates":[[[119.48456498100006,-5.13053335099994],[119.48455112300007,-5.1304985489999808],[119.48450336800011,-5.1305127859999402],[119.48451639400002,-5.1305507579999698],[119.48456498100006,-5.13053335099994]]]},"properties":{"OBJECTID":125,"Id":124,"KODE":" ","BANGUNAN":" ","UNIT":" ","LOKASI":"Kampus Unhas Tamalanrea","TAHUN":2021,"Skala":"1 : 100","Luas_m2":24.120000000000001,"FOTO":" ","Shape_Length":0.000179046819066927,"Shape_Area":1.9654775000437704e-09}},{"type":"Feature","id":126,"geometry":{"type":"Polygon","coordinates":[[[119.48439143100006,-5.1309114099999533],[119.48436820300003,-5.1308873479999306],[119.48434028600002,-5.1309121949999508],[119.48434039500012,-5.1309123259999296],[119.48436219900009,-5.1309383069999512],[119.48439143100006,-5.1309114099999533]]]},"properties":{"OBJECTID":126,"Id":125,"KODE":" ","BANGUNAN":" ","UNIT":" ","LOKASI":"Kampus Unhas Tamalanrea","TAHUN":2021,"Skala":"1 : 100","Luas_m2":15.970000000000001,"FOTO":" ","Shape_Length":0.00014462904527072845,"Shape_Area":1.3008046551511899e-09}},{"type":"Feature","id":127,"geometry":{"type":"Polygon","coordinates":[[[119.48731117200009,-5.1305569499999706],[119.4873116010001,-5.1304950499999791],[119.48761071000001,-5.1305020159999799],[119.4876126150001,-5.1303781369999797],[119.48757421000005,-5.1303766119999636],[119.48755083700007,-5.1303767029999676],[119.4874923970001,-5.1303747789999647],[119.48749273100009,-5.1303379509999445],[119.48735415100009,-5.130335142999968],[119.48735237400001,-5.1303691069999786],[119.48733662900008,-5.1303679719999309],[119.48733571100001,-5.1303158449999273],[119.48727059000009,-5.1303132289999667],[119.48727064600007,-5.1303275759999565],[119.48724822600002,-5.1303274249999617],[119.48724719400002,-5.1303687989999389],[119.48705567100001,-5.1303673929999718],[119.48703134400012,-5.130367486999944],[119.48699080000006,-5.130367883999952],[119.48696313000005,-5.1303667959999757],[119.48696309000002,-5.1303565139999705],[119.48687555100003,-5.1303542239999729],[119.4868758770001,-5.1303152439999735],[119.48678690800011,-5.1303131989999429],[119.4867861460001,-5.1303629419999766],[119.48666974700006,-5.1303602869999736],[119.48666538300006,-5.130526740999926],[119.48674528400011,-5.1305273869999724],[119.48674465700003,-5.13055034599995],[119.4870220470001,-5.1305533309999305],[119.48702394500003,-5.1304892359999599],[119.48728631600011,-5.1304939529999274],[119.4872865640001,-5.1305568769999468],[119.48731117200009,-5.1305569499999706]]]},"properties":{"OBJECTID":127,"Id":126,"KODE":" ","BANGUNAN":"Fakultas Kedokteran","UNIT":" ","LOKASI":"Kampus Unhas Tamalanrea","TAHUN":2021,"Skala":"1 : 100","Luas_m2":1894.99,"FOTO":"IMG_0921.jpg","Shape_Length":0.002662915895490918,"Shape_Area":1.5438595983727155e-07}},{"type":"Feature","id":128,"geometry":{"type":"Polygon","coordinates":[[[119.48757499900012,-5.1303766439999663],[119.48757570200007,-5.1303430919999755],[119.48764463500004,-5.1303444969999532],[119.48764545000006,-5.1303086239999516],[119.48765666100007,-5.1303090579999662],[119.48765799900002,-5.1302234429999771],[119.48778512700005,-5.130225338999935],[119.48778683000012,-5.1300493289999736],[119.48769427900004,-5.1300461029999269],[119.48769493200007,-5.1300298389999739],[119.48759331700001,-5.1300264089999246],[119.48759679300008,-5.1298771749999332],[119.48758653600009,-5.1298767369999609],[119.4875864390001,-5.1298518669999567],[119.48759860200005,-5.1298515809999685],[119.48760009800003,-5.1298068569999486],[119.48760262600001,-5.1297205189999318],[119.48755625800004,-5.1297198389999608],[119.48755496100011,-5.1297542799999292],[119.48751011700006,-5.129752779999933],[119.48750762600002,-5.1297869859999423],[119.48751836100007,-5.1297876619999556],[119.48751819800009,-5.1298072719999368],[119.48749601400004,-5.1298064009999393],[119.48749400000008,-5.1298406049999699],[119.48756341300009,-5.1298429659999556],[119.48756211300008,-5.129876688999957],[119.48755233400004,-5.1298764879999794],[119.48754691000011,-5.1300771429999372],[119.48753283600001,-5.130076479999957],[119.48752928100009,-5.1302053879999789],[119.48754335500007,-5.1302060499999698],[119.48754135500008,-5.1303055379999591],[119.48749699400003,-5.130305471999975],[119.4874961700001,-5.1303391929999407],[119.48750595100012,-5.1303396329999487],[119.48750603500002,-5.1303613939999764],[119.48755111700007,-5.1303626529999633],[119.48755083700007,-5.1303767029999676],[119.48757421000005,-5.1303766119999636],[119.48757499900012,-5.1303766439999663]]]},"properties":{"OBJECTID":128,"Id":127,"KODE":" ","BANGUNAN":"Fakultas Kedokteran","UNIT":" ","LOKASI":"Kampus Unhas Tamalanrea","TAHUN":2021,"Skala":"1 : 100","Luas_m2":1000.54,"FOTO":"IMG_0921.jpg","Shape_Length":0.0020868022684915554,"Shape_Area":8.1514626046663818e-08}},{"type":"Feature","id":129,"geometry":{"type":"Polygon","coordinates":[[[119.48716110100008,-5.1288126899999611],[119.48713319400008,-5.1288120809999782],[119.48713429300005,-5.1286030729999652],[119.48701669200011,-5.1285980309999672],[119.48699826200004,-5.1290985159999423],[119.48708031500007,-5.1291008269999452],[119.4870794630001,-5.1291271349999761],[119.48681995200002,-5.1291216889999305],[119.48659239700009,-5.1291154009999786],[119.48659378700006,-5.1290431769999714],[119.48650649100011,-5.1290418419999355],[119.4865055790001,-5.129114303999927],[119.48649937700009,-5.1291140889999269],[119.48649699400005,-5.1292379699999628],[119.48653659100012,-5.1292392509999445],[119.48653411400005,-5.129374620999954],[119.48651813200001,-5.1293742049999764],[119.48652019200006,-5.1292902599999479],[119.48642430300004,-5.1292872859999648],[119.48642424000002,-5.12927102499998],[119.48637987000006,-5.1292688059999705],[119.48637850400007,-5.1292855509999526],[119.48618363700007,-5.1292827219999708],[119.48618228500004,-5.1293647509999687],[119.48614460100009,-5.1293644189999554],[119.48614340000006,-5.1294239679999691],[119.48618013400005,-5.1294250209999745],[119.48617953500002,-5.1294551539999702],[119.48642712600008,-5.1294618429999446],[119.48642579800003,-5.129550088999963],[119.48652860900006,-5.129554470999949],[119.48652866600003,-5.1295691779999402],[119.48642515200004,-5.12956814599994],[119.4864225340001,-5.1296927459999324],[119.48643422400005,-5.1296936569999616],[119.48643424500005,-5.1296989179999741],[119.48651677600003,-5.1297014659999718],[119.48651592900001,-5.1297289699999737],[119.48645558200008,-5.1297275309999577],[119.48645452900007,-5.1297634049999488],[119.48651869200012,-5.1297650679999265],[119.48651895000012,-5.129770088999976],[119.48654971600001,-5.1297708619999298],[119.48655059200007,-5.129766075999953],[119.48660574900009,-5.1297670569999809],[119.48660591400005,-5.1297326809999504],[119.48659577700005,-5.1297324209999715],[119.48659599000007,-5.1297105989999636],[119.4865566310001,-5.12970895899997],[119.48655660700001,-5.1297026819999587],[119.48676680000005,-5.1297060479999459],[119.48676624300003,-5.1297162139999273],[119.48677429500003,-5.1297170789999313],[119.48677441900008,-5.1297490629999629],[119.48682272100007,-5.1297503689999644],[119.48682289800001,-5.1297189819999289],[119.48683124500008,-5.1297189499999263],[119.48683150700003,-5.129709681999941],[119.48703932100011,-5.1297145529999284],[119.48703905200011,-5.1297220269999571],[119.4869761440001,-5.1297213749999742],[119.48697627500007,-5.1297551519999729],[119.48700549800003,-5.1297568319999414],[119.48700592900002,-5.1297912059999362],[119.48704290400008,-5.1297928549999483],[119.48707092800009,-5.1297930449999285],[119.48707176800008,-5.1297789929999453],[119.48712543400006,-5.129779679999956],[119.48712649400011,-5.1297455999999784],[119.48711665500002,-5.1297453389999532],[119.48711657400008,-5.1297244149999415],[119.48707870900012,-5.1297236659999612],[119.48707897600002,-5.129715593999947],[119.4875560590001,-5.1297251309999297],[119.48755625800004,-5.1297198389999608],[119.48760262600001,-5.1297205189999318],[119.48775706400011,-5.1297226679999426],[119.48776135100002,-5.1295980619999568],[119.48773702200003,-5.1295974389999515],[119.48773685300011,-5.1295539179999423],[119.48754435900003,-5.1295479719999548],[119.48754358000008,-5.1295931709999536],[119.48753976300009,-5.1295929469999351],[119.48753958700001,-5.129547511999931],[119.48736308700006,-5.1295450899999651],[119.48728199200002,-5.1295439709999755],[119.48728111800006,-5.1295647799999529],[119.48725631600007,-5.1295653539999648],[119.4872561630001,-5.1295873549999556],[119.48708538900007,-5.129585628999962],[119.48709224300001,-5.1293232719999651],[119.48714710100012,-5.1293237749999321],[119.48714743400001,-5.1292867079999382],[119.48712644300008,-5.1292858329999262],[119.4871270540001,-5.1292629679999777],[119.48712956700001,-5.1291688839999665],[119.48712145600007,-5.1291684379999651],[119.48712249700009,-5.1291292159999671],[119.48711724800012,-5.1291287579999789],[119.48711808000007,-5.1290971889999355],[119.48712451900008,-5.1290971639999725],[119.48712923300002,-5.1289594039999429],[119.4871585730001,-5.1289604849999364],[119.48716110100008,-5.1288126899999611]],[[119.48681589600005,-5.1295781439999359],[119.48655207700006,-5.1295688889999269],[119.48655202500004,-5.1295552579999253],[119.48659590800003,-5.1295550869999715],[119.48660006200009,-5.1293960469999433],[119.48661055800005,-5.1293964839999262],[119.48661177600002,-5.129341477999958],[119.4866260870001,-5.1293416619999448],[119.48662762100003,-5.1293067419999261],[119.48663501700003,-5.129307191999942],[119.48663572000009,-5.129242382999962],[119.48671037600002,-5.1292437669999345],[119.48671022000008,-5.1292650499999581],[119.48674814800006,-5.1292665759999636],[119.48674830500011,-5.1292455319999704],[119.48687257600011,-5.1292486349999535],[119.48687265700005,-5.1292694399999732],[119.48691678600005,-5.1292711809999787],[119.48691694100012,-5.1292496579999352],[119.48704025600011,-5.1292520479999553],[119.48704161500007,-5.1292522189999659],[119.48704165900006,-5.1292635759999712],[119.48700916000007,-5.1292628049999394],[119.4870089530001,-5.1292864209999607],[119.4869997080001,-5.1292855599999712],[119.48699921500008,-5.129312165999977],[119.48697208400006,-5.1293119719999254],[119.48696911100001,-5.1293908979999401],[119.4869690810001,-5.1294085199999699],[119.48695418600005,-5.1294422959999793],[119.48694056900001,-5.1294366099999706],[119.48692379900001,-5.1294787629999519],[119.48693598200009,-5.12948373699993],[119.48689460500009,-5.1295769219999556],[119.48681589600005,-5.1295781439999359]]]},"properties":{"OBJECTID":129,"Id":128,"KODE":" ","BANGUNAN":"Fakultas Kedokteran Gigi","UNIT":" ","LOKASI":"Kampus Unhas Tamalanrea","TAHUN":2021,"Skala":"1 : 100","Luas_m2":6284.8599999999997,"FOTO":"IMG_0929.jpg","Shape_Length":0.0090898151737124951,"Shape_Area":5.1203085593591068e-07}},{"type":"Feature","id":130,"geometry":{"type":"Polygon","coordinates":[[[119.48775320400011,-5.1297226139999452],[119.48760262600001,-5.1297205189999318],[119.48760009800003,-5.1298068569999486],[119.48771313700001,-5.1298091069999714],[119.48771310800009,-5.1298016939999798],[119.48775175200001,-5.1298034559999337],[119.48775320400011,-5.1297226139999452]]]},"properties":{"OBJECTID":130,"Id":129,"KODE":" ","BANGUNAN":"Fakultas Kedokteran","UNIT":" ","LOKASI":"Kampus Unhas Tamalanrea","TAHUN":2021,"Skala":"1 : 100","Luas_m2":157.72999999999999,"FOTO":"IMG_0921.jpg","Shape_Length":0.00047698121032836542,"Shape_Area":1.2850112109184771e-08}},{"type":"Feature","id":131,"geometry":{"type":"Polygon","coordinates":[[[119.48746613100002,-5.130133743999977],[119.48746579600004,-5.1301336109999625],[119.48743371400008,-5.1301019319999455],[119.48740259400006,-5.1301338579999651],[119.48743372200011,-5.1301655409999398],[119.48746613100002,-5.130133743999977]]]},"properties":{"OBJECTID":131,"Id":130,"KODE":" ","BANGUNAN":"Gasebo FK","UNIT":" ","LOKASI":"Kampus Unhas Tamalanrea","TAHUN":2021,"Skala":"1 : 100","Luas_m2":24.77,"FOTO":" ","Shape_Length":0.00017984944705615969,"Shape_Area":2.0175901920701345e-09}},{"type":"Feature","id":132,"geometry":{"type":"Polygon","coordinates":[[[119.4874211340001,-5.1301792209999348],[119.48738942300008,-5.1301452459999268],[119.48735792400009,-5.130177314999969],[119.48738881400004,-5.130209238999953],[119.4874211340001,-5.1301792209999348]]]},"properties":{"OBJECTID":132,"Id":131,"KODE":" ","BANGUNAN":"Gasebo FK","UNIT":" ","LOKASI":"Kampus Unhas Tamalanrea","TAHUN":2021,"Skala":"1 : 100","Luas_m2":24.829999999999998,"FOTO":" ","Shape_Length":0.00017995765747905271,"Shape_Area":2.0230791430942361e-09}},{"type":"Feature","id":133,"geometry":{"type":"Polygon","coordinates":[[[119.48737598900004,-5.1302231579999784],[119.48734458800004,-5.1301903559999573],[119.4873137300001,-5.1302205309999636],[119.48734438300005,-5.130252933999941],[119.48737598900004,-5.1302231579999784]]]},"properties":{"OBJECTID":133,"Id":132,"KODE":" ","BANGUNAN":"Gasebo FK","UNIT":" ","LOKASI":"Kampus Unhas Tamalanrea","TAHUN":2021,"Skala":"1 : 100","Luas_m2":23.91,"FOTO":" ","Shape_Length":0.00017659614112385812,"Shape_Area":1.9482911163118594e-09}},{"type":"Feature","id":134,"geometry":{"type":"Polygon","coordinates":[[[119.48729768500004,-5.1301193369999396],[119.48729759600008,-5.1301192009999568],[119.48726694700008,-5.1300879939999504],[119.48723796400009,-5.130117519999942],[119.48726790300009,-5.130150164999975],[119.48729768500004,-5.1301193369999396]]]},"properties":{"OBJECTID":134,"Id":133,"KODE":" ","BANGUNAN":"Gasebo FK","UNIT":" ","LOKASI":"Kampus Unhas Tamalanrea","TAHUN":2021,"Skala":"1 : 100","Luas_m2":22.780000000000001,"FOTO":" ","Shape_Length":0.00017243604368465178,"Shape_Area":1.8562840396189612e-09}},{"type":"Feature","id":135,"geometry":{"type":"Polygon","coordinates":[[[119.48743161300001,-5.1299907419999613],[119.48739737200003,-5.1299557229999664],[119.48736434600005,-5.1299881339999729],[119.48739670200007,-5.1300242629999389],[119.48743161300001,-5.1299907419999613]]]},"properties":{"OBJECTID":135,"Id":134,"KODE":" ","BANGUNAN":"Gasebo FK","UNIT":" ","LOKASI":"Kampus Unhas Tamalanrea","TAHUN":2021,"Skala":"1 : 100","Luas_m2":28.309999999999999,"FOTO":" ","Shape_Length":0.00019214865067342812,"Shape_Area":2.3061137677564108e-09}},{"type":"Feature","id":136,"geometry":{"type":"Polygon","coordinates":[[[119.48721064100005,-5.1300064349999275],[119.48716675100002,-5.1300068119999764],[119.48716365100006,-5.1301283379999632],[119.48720777500012,-5.1301286439999672],[119.48721064100005,-5.1300064349999275]]]},"properties":{"OBJECTID":136,"Id":135,"KODE":" ","BANGUNAN":"Fakultas Kedokteran","UNIT":" ","LOKASI":"Kampus Unhas Tamalanrea","TAHUN":2021,"Skala":"1 : 100","Luas_m2":65.829999999999998,"FOTO":"IMG_0921.jpg","Shape_Length":0.00033182481426900876,"Shape_Area":5.3629171816652918e-09}},{"type":"Feature","id":137,"geometry":{"type":"Polygon","coordinates":[[[119.48655600200004,-5.1301783829999295],[119.48635142100011,-5.1301734559999659],[119.4863464770001,-5.1303748259999793],[119.48654972100007,-5.1303850349999607],[119.48655600200004,-5.1301783829999295]]]},"properties":{"OBJECTID":137,"Id":136,"KODE":" ","BANGUNAN":"Fakultas Kedokteran","UNIT":" ","LOKASI":"Kampus Unhas Tamalanrea","TAHUN":2021,"Skala":"1 : 100","Luas_m2":511.13999999999999,"FOTO":"IMG_0921.jpg","Shape_Length":0.00081631867316665861,"Shape_Area":4.1642868432753429e-08}},{"type":"Feature","id":138,"geometry":{"type":"Polygon","coordinates":[[[119.48619686900008,-5.1298032149999813],[119.48623080400012,-5.129697384999929],[119.48610233400007,-5.1296569929999691],[119.48607364700001,-5.1297630409999329],[119.48607217100005,-5.1297771999999782],[119.48619324700007,-5.1298172619999605],[119.48619686900008,-5.1298032149999813]]]},"properties":{"OBJECTID":138,"Id":137,"KODE":" ","BANGUNAN":"mushola","UNIT":" ","LOKASI":"Kampus Unhas Tamalanrea","TAHUN":2021,"Skala":"1 : 100","Luas_m2":201.52000000000001,"FOTO":" ","Shape_Length":0.00051194133918125841,"Shape_Area":1.6418228546940822e-08}},{"type":"Feature","id":139,"geometry":{"type":"Polygon","coordinates":[[[119.48578659300006,-5.1300026229999389],[119.48576833300001,-5.1299963539999567],[119.48575536800001,-5.1300356229999693],[119.48577232500008,-5.1300417739999489],[119.48578659300006,-5.1300026229999389]]]},"properties":{"OBJECTID":139,"Id":138,"KODE":" ","BANGUNAN":" ","UNIT":" ","LOKASI":"Kampus Unhas Tamalanrea","TAHUN":2021,"Skala":"1 : 100","Luas_m2":9.5099999999999998,"FOTO":" ","Shape_Length":0.00012036806747358549,"Shape_Area":7.7498775215313142e-10}},{"type":"Feature","id":140,"geometry":{"type":"Polygon","coordinates":[[[119.48694519100002,-5.129294075999951],[119.48696361300006,-5.1292738509999367],[119.48695035600008,-5.1292634909999606],[119.48693145700008,-5.1292844989999367],[119.48694012100009,-5.1292915209999705],[119.4869434420001,-5.1292942129999801],[119.48694437600011,-5.1292949699999326],[119.48694519100002,-5.129294075999951]]]},"properties":{"OBJECTID":140,"Id":139,"KODE":" ","BANGUNAN":"Gasebo FK","UNIT":" ","LOKASI":"Kampus Unhas Tamalanrea","TAHUN":2021,"Skala":"1 : 100","Luas_m2":5.8200000000000003,"FOTO":" ","Shape_Length":9.0279378961222856e-05,"Shape_Area":4.7428729694068056e-10}},{"type":"Feature","id":141,"geometry":{"type":"Polygon","coordinates":[[[119.48694948600007,-5.1293072079999433],[119.48694001000001,-5.1292944829999669],[119.48692363000009,-5.1292957679999631],[119.48691581100002,-5.1293091899999581],[119.48692587900007,-5.1293223039999702],[119.48694137500001,-5.1293205689999581],[119.48694948600007,-5.1293072079999433]]]},"properties":{"OBJECTID":141,"Id":140,"KODE":" ","BANGUNAN":"Gasebo FK","UNIT":" ","LOKASI":"Kampus Unhas Tamalanrea","TAHUN":2021,"Skala":"1 : 100","Luas_m2":8.0500000000000007,"FOTO":" ","Shape_Length":9.558555011700505e-05,"Shape_Area":6.5581947430879181e-10}},{"type":"Feature","id":142,"geometry":{"type":"Polygon","coordinates":[[[119.48663669300004,-5.1295379299999695],[119.4866280550001,-5.1295245719999798],[119.48661183800004,-5.1295248749999587],[119.48660248200008,-5.1295369319999509],[119.48660884300011,-5.1295521479999593],[119.48662601600006,-5.1295523199999593],[119.48663669300004,-5.1295379299999695]]]},"properties":{"OBJECTID":142,"Id":141,"KODE":" ","BANGUNAN":"Gasebo FK","UNIT":" ","LOKASI":"Kampus Unhas Tamalanrea","TAHUN":2021,"Skala":"1 : 100","Luas_m2":8.6199999999999992,"FOTO":" ","Shape_Length":9.8973059205182372e-05,"Shape_Area":7.0211276260129966e-10}},{"type":"Feature","id":143,"geometry":{"type":"Polygon","coordinates":[[[119.48696911100001,-5.1293908979999401],[119.48683792500003,-5.1293884199999411],[119.48683471200002,-5.1294825919999312],[119.4868174290001,-5.1294812889999548],[119.48681589600005,-5.1295781439999359],[119.48689460500009,-5.1295769219999556],[119.48693598200009,-5.12948373699993],[119.48692379900001,-5.1294787629999519],[119.48694056900001,-5.1294366099999706],[119.48695418600005,-5.1294422959999793],[119.4869690810001,-5.1294085199999699],[119.48696911100001,-5.1293908979999401]]]},"properties":{"OBJECTID":143,"Id":142,"KODE":" ","BANGUNAN":"Fakultas Kedokteran Gigi","UNIT":" ","LOKASI":"Kampus Unhas Tamalanrea","TAHUN":2021,"Skala":"1 : 100","Luas_m2":244.09999999999999,"FOTO":"IMG_0929.jpg","Shape_Length":0.00064813080520733919,"Shape_Area":1.9886778001154341e-08}},{"type":"Feature","id":144,"geometry":{"type":"Polygon","coordinates":[[[119.48689662300001,-5.1299543879999305],[119.48689721500011,-5.1299223419999294],[119.48688032600012,-5.1299222699999518],[119.48687969100001,-5.1299546929999451],[119.48689662300001,-5.1299543879999305]]]},"properties":{"OBJECTID":144,"Id":143,"KODE":" ","BANGUNAN":"Gasebo FK","UNIT":" ","LOKASI":"Kampus Unhas Tamalanrea","TAHUN":2021,"Skala":"1 : 100","Luas_m2":6.6900000000000004,"FOTO":" ","Shape_Length":9.8304585524300445e-05,"Shape_Area":5.4503003923873048e-10}},{"type":"Feature","id":145,"geometry":{"type":"Polygon","coordinates":[[[119.48689626900011,-5.1300332259999664],[119.48692727800005,-5.1300340619999361],[119.48692916400012,-5.1299668569999426],[119.48692487000005,-5.1299666349999598],[119.48692507900012,-5.1299589819999483],[119.48689645100001,-5.1299571799999626],[119.48689602000002,-5.1299688999999375],[119.48689626900011,-5.1300332259999664]]]},"properties":{"OBJECTID":145,"Id":144,"KODE":" ","BANGUNAN":" ","UNIT":" ","LOKASI":"Kampus Unhas Tamalanrea","TAHUN":2021,"Skala":"1 : 100","Luas_m2":29.399999999999999,"FOTO":" ","Shape_Length":0.00021494637599560698,"Shape_Area":2.3954046464315483e-09}},{"type":"Feature","id":146,"geometry":{"type":"Polygon","coordinates":[[[119.48689602000002,-5.1299688999999375],[119.48682541400001,-5.1299665439999558],[119.48682283300002,-5.1299158569999577],[119.48679468600005,-5.12991501099998],[119.48679419300004,-5.1299107079999544],[119.48667684000009,-5.1299082949999502],[119.48667662100002,-5.1299133179999785],[119.4866489530001,-5.1299127079999494],[119.48664820500005,-5.1299660379999636],[119.48658356600004,-5.1299646159999384],[119.48658394000006,-5.1298766129999649],[119.48654624900007,-5.1298746069999765],[119.48654971600001,-5.1297708619999298],[119.48652425100011,-5.1297702219999337],[119.48652246300003,-5.1298746439999263],[119.48624457900007,-5.1298671169999466],[119.48624457800008,-5.1298054199999683],[119.48619686900008,-5.1298032149999813],[119.48619324700007,-5.1298172619999605],[119.48607217100005,-5.1297771999999782],[119.48607364700001,-5.1297630409999329],[119.48607424600004,-5.1297329079999372],[119.48604920100001,-5.129732287999957],[119.48604934000002,-5.1297066999999288],[119.48598374100004,-5.1297038469999734],[119.4859837030001,-5.129694041999926],[119.48583819800001,-5.129689108999969],[119.48583331900011,-5.1298459999999295],[119.48579754100001,-5.1298451829999294],[119.48579613800007,-5.1299140589999297],[119.48579951000011,-5.129922654999973],[119.48580286700007,-5.1299271849999286],[119.48580645600009,-5.129930040999966],[119.48581123500003,-5.1299324139999385],[119.4858162490001,-5.129933828999981],[119.48581982600001,-5.1299338149999585],[119.48582364000004,-5.129933082999969],[119.48582649500008,-5.1299313979999397],[119.48583148600005,-5.1299268349999352],[119.48583092600006,-5.1299670119999519],[119.4858950900001,-5.12996891399996],[119.48589459900006,-5.130026786999963],[119.48595780800008,-5.1300282149999248],[119.48595167300005,-5.1302917649999813],[119.48604660300009,-5.1302933089999669],[119.48604394000006,-5.1304678879999415],[119.48605229000009,-5.1304685729999733],[119.4860521280001,-5.1304763599999319],[119.48607727300009,-5.130477371999973],[119.48607751600002,-5.1304706819999524],[119.48608777400011,-5.1304713599999445],[119.48609185600003,-5.1302936669999326],[119.48612047900008,-5.1302942729999472],[119.48612710300006,-5.1300340679999294],[119.48657863000005,-5.1300449849999268],[119.48657764800009,-5.1302841229999672],[119.48689342200009,-5.1302833719999512],[119.48689626900011,-5.1300332259999664],[119.48689602000002,-5.1299688999999375]]]},"properties":{"OBJECTID":146,"Id":145,"KODE":" ","BANGUNAN":" ","UNIT":" ","LOKASI":"Kampus Unhas Tamalanrea","TAHUN":2021,"Skala":"1 : 100","Luas_m2":4181.1000000000004,"FOTO":" ","Shape_Length":0.0045408235047916705,"Shape_Area":3.4063755518739411e-07}},{"type":"Feature","id":147,"geometry":{"type":"Polygon","coordinates":[[[119.48706758500009,-5.1297930219999444],[119.48704290400008,-5.1297928549999483],[119.48704284400003,-5.1298031959999548],[119.48694434100003,-5.1298026229999323],[119.48694437600011,-5.1298117099999558],[119.48692505500003,-5.1298110679999809],[119.48692478600003,-5.1298648739999635],[119.48691810700006,-5.1298646609999423],[119.48691697900006,-5.1299428629999397],[119.48693987800004,-5.1299434909999491],[119.48693725400005,-5.1300386519999392],[119.48691865000001,-5.1300377599999365],[119.48691782500009,-5.1300712419999286],[119.48693634200004,-5.1300716969999485],[119.48693485900003,-5.1301254919999337],[119.48691172100007,-5.1301246259999402],[119.48690939500011,-5.1302013969999507],[119.48693372800005,-5.1302029759999641],[119.48693159100003,-5.1302670729999704],[119.48703153400004,-5.1302697919999787],[119.48703161900005,-5.13029179199998],[119.48696412200002,-5.13029157699998],[119.48696355100003,-5.1303288839999368],[119.48703105700008,-5.1303312519999622],[119.48703105400011,-5.1303674899999692],[119.48703134400012,-5.130367486999944],[119.48705519100008,-5.1303673939999612],[119.48705495100012,-5.1303507679999711],[119.48710074900009,-5.1303522629999634],[119.48710090700001,-5.1303314579999437],[119.48711593300004,-5.1303316379999728],[119.48711579500002,-5.1302960079999593],[119.48705711400009,-5.1302936059999524],[119.48705655000003,-5.1302711289999365],[119.48715935200005,-5.1302731199999698],[119.48716124400005,-5.1302073509999673],[119.48718152200001,-5.1302087069999516],[119.48718288900011,-5.1301307439999277],[119.48716118700008,-5.1301310669999793],[119.48716548500011,-5.1299476339999615],[119.4871838470001,-5.1299470839999799],[119.48718498400001,-5.129871034999951],[119.48716828500005,-5.1298701439999377],[119.48716994600011,-5.1298062879999407],[119.48706762000006,-5.1298040559999549],[119.48706758500009,-5.1297930219999444]]]},"properties":{"OBJECTID":147,"Id":146,"KODE":" ","BANGUNAN":"Fakultas Kedokteran","UNIT":" ","LOKASI":"Kampus Unhas Tamalanrea","TAHUN":2021,"Skala":"1 : 100","Luas_m2":1499.5999999999999,"FOTO":"IMG_0921.jpg","Shape_Length":0.0020620377502721661,"Shape_Area":1.2217381173541409e-07}},{"type":"Feature","id":148,"geometry":{"type":"Polygon","coordinates":[[[119.48637001700001,-5.1296737269999539],[119.48635365200005,-5.1296553119999544],[119.48633463600004,-5.129671885999926],[119.48634877800009,-5.1296900049999294],[119.48637001700001,-5.1296737269999539]]]},"properties":{"OBJECTID":148,"Id":147,"KODE":" ","BANGUNAN":"Pos Satpam","UNIT":" ","LOKASI":"Kampus Unhas Tamalanrea","TAHUN":2021,"Skala":"1 : 100","Luas_m2":7.5899999999999999,"FOTO":" ","Shape_Length":9.9605066767036486e-05,"Shape_Area":6.18223032654599e-10}},{"type":"Feature","id":149,"geometry":{"type":"Polygon","coordinates":[[[119.48598255400009,-5.1291613319999669],[119.48610162900002,-5.1291639369999302],[119.4861014060001,-5.1291680029999611],[119.48623688900011,-5.1291715409999483],[119.48623715000008,-5.129177517999949],[119.48628127800009,-5.1291787809999505],[119.48628076900002,-5.1292321099999754],[119.48640252100006,-5.1292351079999321],[119.48640250200003,-5.1292345259999479],[119.48640270600004,-5.1292256769999653],[119.48641845000009,-5.1292265719999364],[119.48643117500001,-5.1287554269999305],[119.48644787100011,-5.1287556009999662],[119.48644759600006,-5.1287462759999585],[119.48648385200011,-5.1287473309999427],[119.48648442500007,-5.1287105019999331],[119.48651066700006,-5.1287120739999636],[119.48651194900003,-5.1286738069999274],[119.48649787500005,-5.1286731439999471],[119.48649898600002,-5.1286520959999393],[119.48648419800008,-5.1286516749999578],[119.48648552300006,-5.12862440899994],[119.48650341000007,-5.1286243389999413],[119.48650400700001,-5.1285937279999416],[119.48649899700001,-5.128593268999964],[119.48650382900007,-5.128424420999977],[119.48647425000001,-5.128423100999953],[119.48647495600005,-5.1283590099999401],[119.48641388900012,-5.1283563779999781],[119.48641152500011,-5.1284233449999306],[119.48599744000001,-5.1284113259999344],[119.48599520900007,-5.1285744249999539],[119.48600260500007,-5.1285751129999539],[119.48600243700002,-5.1285932879999336],[119.48597572300002,-5.1285929139999666],[119.48597551300008,-5.1286000889999741],[119.48597098200003,-5.1286003459999279],[119.4859705880001,-5.1286218689999714],[119.4859755980001,-5.1286220889999754],[119.4859743830001,-5.1286780509999517],[119.48597206600004,-5.1288186719999658],[119.48608805600009,-5.1288236209999809],[119.48608871500005,-5.1288090309999461],[119.48609897200004,-5.1288092299999448],[119.48610149800004,-5.1287226539999438],[119.48609720100001,-5.1287214749999634],[119.48609716800001,-5.1287128659999439],[119.48608232400011,-5.1286983359999567],[119.48606968000001,-5.1286974289999421],[119.48606987700009,-5.128686666999954],[119.48609301400006,-5.1286872949999633],[119.48609299400005,-5.1286820339999508],[119.48610611200002,-5.1286822219999522],[119.48610699900007,-5.1286650009999448],[119.48612178900009,-5.1286656599999674],[119.48612344600008,-5.1286141329999282],[119.48610869100003,-5.1286133819999691],[119.48610902300004,-5.1285760759999448],[119.48610913500011,-5.1285433139999554],[119.48637891200008,-5.1285515899999723],[119.48637818800012,-5.1286108989999661],[119.48629255900005,-5.1286090799999329],[119.48629234800001,-5.1286162549999403],[119.48621626200008,-5.1286151159999349],[119.48621303600009,-5.1286610959999734],[119.48620769200011,-5.1289231139999742],[119.48607817100003,-5.1289193129999262],[119.48607599700006,-5.129035301999977],[119.48598101700009,-5.1290328419999582],[119.48598255400009,-5.1291613319999669]]]},"properties":{"OBJECTID":149,"Id":148,"KODE":" ","BANGUNAN":"FKM","UNIT":" ","LOKASI":"Kampus Unhas Tamalanrea","TAHUN":2021,"Skala":"1 : 100","Luas_m2":6618.7600000000002,"FOTO":"IMG_0920.jpg","Shape_Length":0.0043005178489044825,"Shape_Area":2.9555873228278268e-07}},{"type":"Feature","id":150,"geometry":{"type":"Polygon","coordinates":[[[119.48905456200009,-5.131873718999941],[119.48902069300004,-5.1318731329999423],[119.4890202580001,-5.1318838959999766],[119.48898774600002,-5.1318828749999739],[119.4888465460001,-5.1318812729999763],[119.4888463420001,-5.1318901219999589],[119.48867404100008,-5.1318892079999614],[119.48874057600005,-5.1319566799999734],[119.48886186900006,-5.1319578559999286],[119.48886146000007,-5.1320370109999658],[119.48898358300005,-5.1320394049999436],[119.48920364900005,-5.1322669199999496],[119.48920325100005,-5.1322872479999546],[119.48915459700004,-5.1322874379999348],[119.48914944700005,-5.1324354819999485],[119.4892329380001,-5.1324393409999516],[119.48923308000008,-5.1324759279999626],[119.48923022000008,-5.1324764179999534],[119.48922940900002,-5.132513246999963],[119.48930501700011,-5.1325141479999274],[119.48930606400006,-5.1324765999999613],[119.48930224800006,-5.1324766149999732],[119.48930375100008,-5.1324335649999284],[119.4893781720001,-5.1324356659999353],[119.48938135500009,-5.1323340219999523],[119.48938265300001,-5.1322998199999574],[119.4893828700001,-5.1322943189999251],[119.48905445100002,-5.1319523359999266],[119.48905456200009,-5.131873718999941]]]},"properties":{"OBJECTID":150,"Id":149,"KODE":" ","BANGUNAN":"Pusat Bahasa","UNIT":" ","LOKASI":"Kampus Unhas Tamalanrea","TAHUN":2021,"Skala":"1 : 100","Luas_m2":1503.6700000000001,"FOTO":" ","Shape_Length":0.0024391612513431173,"Shape_Area":1.2250510205657576e-07}},{"type":"Feature","id":151,"geometry":{"type":"Polygon","coordinates":[[[119.48910398100008,-5.1315172159999634],[119.48907106400009,-5.131516147999946],[119.48894798300012,-5.1316357169999378],[119.48894515500001,-5.1318823919999659],[119.48896706700009,-5.131882639999958],[119.48897233800005,-5.1316427959999373],[119.48908117400003,-5.1315402619999304],[119.48910349700009,-5.1315406699999357],[119.48910398100008,-5.1315172159999634]]]},"properties":{"OBJECTID":151,"Id":150,"KODE":" ","BANGUNAN":"Pusat Bahasa","UNIT":" ","LOKASI":"Kampus Unhas Tamalanrea","TAHUN":2021,"Skala":"1 : 100","Luas_m2":122.95999999999999,"FOTO":" ","Shape_Length":0.000908351576616981,"Shape_Area":1.0017882786403703e-08}},{"type":"Feature","id":152,"geometry":{"type":"Polygon","coordinates":[[[119.48925790700002,-5.1312334809999811],[119.48922006100008,-5.1311915399999748],[119.4891300160001,-5.1312810889999696],[119.48912692800002,-5.1314073639999265],[119.48910713300006,-5.1314074409999648],[119.48910398100008,-5.1315172159999634],[119.48910349700009,-5.1315406699999357],[119.48921045100008,-5.1315426269999307],[119.48921725200012,-5.131270911999934],[119.48925790700002,-5.1312334809999811]]]},"properties":{"OBJECTID":152,"Id":151,"KODE":" ","BANGUNAN":"Baruga A.P Pettarani","UNIT":" ","LOKASI":"Kampus Unhas Tamalanrea","TAHUN":2021,"Skala":"1 : 100","Luas_m2":377.91000000000003,"FOTO":" ","Shape_Length":0.00089690613030150152,"Shape_Area":3.0788578447193675e-08}},{"type":"Feature","id":153,"geometry":{"type":"Polygon","coordinates":[[[119.48921045100008,-5.1315426269999307],[119.48921006100011,-5.1315648679999413],[119.48950605700009,-5.1315687359999629],[119.48978144300008,-5.1313012669999694],[119.48978295100005,-5.13101358199998],[119.48949266200009,-5.1310053879999487],[119.4894741280001,-5.1310231559999693],[119.48943835000011,-5.1310223389999692],[119.48943801200005,-5.1310582099999351],[119.48925790700002,-5.1312334809999811],[119.48921725200012,-5.131270911999934],[119.48921045100008,-5.1315426269999307]]]},"properties":{"OBJECTID":153,"Id":152,"KODE":" ","BANGUNAN":"Baruga A.P Pettarani","UNIT":" ","LOKASI":"Kampus Unhas Tamalanrea","TAHUN":2021,"Skala":"1 : 100","Luas_m2":3000.5100000000002,"FOTO":" ","Shape_Length":0.0019559658705986071,"Shape_Area":2.4445350938722531e-07}},{"type":"Feature","id":154,"geometry":{"type":"Polygon","coordinates":[[[119.48961750900003,-5.1314604879999592],[119.48968209900011,-5.1314621169999555],[119.48968465900009,-5.1313952679999488],[119.48961750900003,-5.1314604879999592]]]},"properties":{"OBJECTID":154,"Id":153,"KODE":" ","BANGUNAN":"Baruga A.P Pettarani","UNIT":" ","LOKASI":"Kampus Unhas Tamalanrea","TAHUN":2021,"Skala":"1 : 100","Luas_m2":26.52,"FOTO":" ","Shape_Length":0.00022511821215802857,"Shape_Area":2.1609735778401529e-09}},{"type":"Feature","id":155,"geometry":{"type":"Polygon","coordinates":[[[119.49021808800001,-5.1314503079999554],[119.49021807300005,-5.1314509039999621],[119.49016321100009,-5.1314492049999672],[119.49016262800001,-5.1314834029999474],[119.49017240500007,-5.1314831259999778],[119.49017249300005,-5.1315056039999263],[119.49021375400002,-5.131505681999954],[119.49021379600003,-5.1315164429999527],[119.49001224600011,-5.1315124469999773],[119.49001275800003,-5.1314600739999605],[119.48972963300002,-5.131454003999977],[119.48973259700006,-5.1313573829999655],[119.48975668200001,-5.1313563319999389],[119.48975890500003,-5.1313231569999402],[119.48968465900009,-5.1313952679999488],[119.48968209900011,-5.1314621169999555],[119.48961750900003,-5.1314604879999592],[119.48958177600002,-5.1314951939999673],[119.48962183100002,-5.1314810049999551],[119.48961877800002,-5.1315546699999572],[119.48965312400003,-5.1315550139999573],[119.48965390300009,-5.1315100539999321],[119.48968825000009,-5.1315106369999626],[119.4896871410001,-5.1315936209999791],[119.48995093700012,-5.1315968969999517],[119.48995108300005,-5.1316346799999337],[119.48995585400007,-5.1316348999999377],[119.48995611500004,-5.1316406379999648],[119.48996446300009,-5.1316408449999358],[119.48996349200002,-5.1316977629999769],[119.48997398500001,-5.1316977219999558],[119.48997160600004,-5.1317606229999342],[119.48999139800003,-5.1317595899999446],[119.4899894460001,-5.1318712729999447],[119.49002188400004,-5.1318718639999474],[119.49002073400004,-5.1319440869999653],[119.49014356800001,-5.1319455209999774],[119.49014753600011,-5.1317388929999765],[119.49008242100001,-5.1317379519999804],[119.49008277100006,-5.1317051889999448],[119.4900644060001,-5.1317050209999593],[119.49006606900002,-5.1316418829999293],[119.49034262300006,-5.131644749999964],[119.49034523500006,-5.131518716999949],[119.49032185900001,-5.1315180899999291],[119.49032204100001,-5.13150350199993],[119.49030916000004,-5.1315030739999656],[119.49031094200006,-5.1314705449999565],[119.49030593200007,-5.1314700869999683],[119.49030713100001,-5.1314520979999543],[119.49021808800001,-5.1314503079999554]]]},"properties":{"OBJECTID":155,"Id":154,"KODE":" ","BANGUNAN":"FISIP","UNIT":" ","LOKASI":"Kampus Unhas Tamalanrea","TAHUN":2021,"Skala":"1 : 100","Luas_m2":3459.3400000000001,"FOTO":"IMG_0922.jpg","Shape_Length":0.0032569903792038341,"Shape_Area":1.489450321215249e-07}},{"type":"Feature","id":156,"geometry":{"type":"Polygon","coordinates":[[[119.49048441500008,-5.1331155049999779],[119.49049090400001,-5.133024546999934],[119.49051516200007,-5.1326845259999345],[119.49062011300009,-5.1326872249999269],[119.49062009900001,-5.1326833989999727],[119.49068068600002,-5.1326855539999769],[119.49067922600011,-5.1327393649999635],[119.49076986600005,-5.1327418809999585],[119.49077037400002,-5.1326883129999601],[119.49084264400005,-5.1326892269999576],[119.49084621700001,-5.1325651019999441],[119.49064918600004,-5.1325579799999446],[119.49065090900001,-5.1325103849999323],[119.49061870300011,-5.1325081189999651],[119.4906198110001,-5.1324863539999797],[119.49052939600006,-5.1324804889999314],[119.49058904800006,-5.1316270259999328],[119.49056996200011,-5.131625425999971],[119.49057958000003,-5.1314724789999673],[119.49056781600007,-5.1314724129999263],[119.49056787100005,-5.1314250639999273],[119.49053983100009,-5.1314244469999721],[119.49052576700001,-5.1316226029999257],[119.49043009800005,-5.1316150849999644],[119.49038975400003,-5.1322024759999749],[119.49046879600007,-5.1322093409999638],[119.49046369200005,-5.1322686739999313],[119.4900903570001,-5.1322465279999392],[119.49008542800004,-5.1323283319999291],[119.4900265010001,-5.132324017999963],[119.49003190700012,-5.1322419739999532],[119.48960200600004,-5.1322111279999376],[119.48963812900001,-5.131685847999961],[119.48948520200008,-5.1316737709999529],[119.4894368570001,-5.132304061999946],[119.48938265300001,-5.1322998199999574],[119.48938135500009,-5.1323340219999523],[119.48943435100011,-5.1323367359999565],[119.48943276700004,-5.1323587429999407],[119.48951268500002,-5.1323639309999294],[119.48950743400007,-5.1324244529999419],[119.48943061800003,-5.132419729999981],[119.4893947920001,-5.1328983779999362],[119.48947781100003,-5.1329037929999686],[119.48947400400004,-5.1329674179999643],[119.48939050800004,-5.1329622439999412],[119.48938380600009,-5.1330728349999504],[119.48940609200008,-5.1330746989999625],[119.48940299500009,-5.1331153239999594],[119.48991069100009,-5.1331488919999515],[119.48991585800002,-5.1330668479999417],[119.48994592100007,-5.1330698399999619],[119.48994068700006,-5.1331346659999326],[119.48999675100004,-5.1331387509999331],[119.49000222200004,-5.1330736849999425],[119.49003538200009,-5.1330757079999785],[119.49002997800005,-5.1331582309999249],[119.49044937400004,-5.1331862469999692],[119.49045325900011,-5.1331424699999388],[119.49047430200005,-5.1331437709999364],[119.49048171300001,-5.1331446129999563],[119.49048441500008,-5.1331155049999779]],[[119.49029017300006,-5.1329057329999728],[119.49042543900009,-5.1329147709999461],[119.49041739500001,-5.1330305359999784],[119.49041730200008,-5.1330305439999506],[119.48954725900001,-5.1329727189999517],[119.48959118900007,-5.1323696899999618],[119.49045646800005,-5.1324292079999623],[119.49044563900009,-5.1325887519999469],[119.49031324300006,-5.1325818559999448],[119.49029017300006,-5.1329057329999728]]]},"properties":{"OBJECTID":156,"Id":155,"KODE":" ","BANGUNAN":"Fakultas Ilmu Budaya Dan Sastra","UNIT":" ","LOKASI":"Kampus Unhas Tamalanrea","TAHUN":2021,"Skala":"1 : 100","Luas_m2":9178.4599999999991,"FOTO":"IMG_0925.jpg","Shape_Length":0.011787770523999127,"Shape_Area":7.477753839307788e-07}},{"type":"Feature","id":157,"geometry":{"type":"Polygon","coordinates":[[[119.49042231700003,-5.132959699999958],[119.49042543900009,-5.1329147709999461],[119.49029280100001,-5.1329059089999305],[119.49028987000008,-5.1329506919999517],[119.49042231700003,-5.132959699999958]]]},"properties":{"OBJECTID":157,"Id":156,"KODE":" ","BANGUNAN":"Aula Mattulada","UNIT":" ","LOKASI":"Kampus Unhas Tamalanrea","TAHUN":2021,"Skala":"1 : 100","Luas_m2":73.310000000000002,"FOTO":" ","Shape_Length":0.0003556028459998875,"Shape_Area":5.9723681602288819e-09}},{"type":"Feature","id":158,"geometry":{"type":"Polygon","coordinates":[[[119.49028574700003,-5.1327904879999551],[119.49028567100004,-5.1327904879999551],[119.49021076400004,-5.1327859979999744],[119.49020526900006,-5.1329065429999332],[119.49028088000011,-5.1329079219999585],[119.49028574700003,-5.1327904879999551]]]},"properties":{"OBJECTID":158,"Id":157,"KODE":" ","BANGUNAN":"Aula Mattulada","UNIT":" ","LOKASI":"Kampus Unhas Tamalanrea","TAHUN":2021,"Skala":"1 : 100","Luas_m2":110.16,"FOTO":" ","Shape_Length":0.00038894601184328583,"Shape_Area":8.9745854072609347e-09}},{"type":"Feature","id":159,"geometry":{"type":"Polygon","coordinates":[[[119.49009538100006,-5.1324043709999501],[119.48999178700001,-5.132397244999936],[119.48998884900004,-5.1324651249999533],[119.49008976400012,-5.1324723839999251],[119.49009538100006,-5.1324043709999501]]]},"properties":{"OBJECTID":159,"Id":158,"KODE":" ","BANGUNAN":"Fakultas Ilmu Budaya Dan Sastra","UNIT":" ","LOKASI":"Kampus Unhas Tamalanrea","TAHUN":2021,"Skala":"1 : 100","Luas_m2":85.659999999999997,"FOTO":"IMG_0925.jpg","Shape_Length":0.00034120264514546453,"Shape_Area":6.9786013065823669e-09}},{"type":"Feature","id":160,"geometry":{"type":"Polygon","coordinates":[[[119.49155965800003,-5.1312398039999607],[119.49140247900004,-5.131238264999979],[119.49140034000004,-5.1313016439999615],[119.49139509200006,-5.1313014249999469],[119.49139455800002,-5.1313480579999577],[119.49139956600004,-5.1313480389999313],[119.49139914800003,-5.1313631059999807],[119.49139509200006,-5.1313628819999622],[119.49139423800011,-5.1313884729999586],[119.49138708200007,-5.1313882619999731],[119.49138669500007,-5.1314114589999349],[119.49139480400004,-5.1314114279999785],[119.4913905840001,-5.1315961029999357],[119.49137818200006,-5.1315961519999291],[119.49137876400005,-5.131561713999929],[119.49134489000005,-5.1315601729999685],[119.49134383600006,-5.1315958079999291],[119.49133787500011,-5.1315960699999437],[119.49133741000003,-5.1315991809999559],[119.49133144500001,-5.1315987259999361],[119.4913314050001,-5.1315882039999678],[119.49099318600008,-5.1315823489999275],[119.49098555400008,-5.1315822099999764],[119.49098539800002,-5.1315420129999438],[119.49096209000004,-5.1315416589999359],[119.49095861300009,-5.1315417839999782],[119.49095876800004,-5.1315817179999499],[119.49085335100006,-5.1315818909999393],[119.49085029200012,-5.1317155779999553],[119.49095500600004,-5.1317185179999569],[119.49095162200001,-5.1317685099999721],[119.49095782500001,-5.1317689639999458],[119.4909459270001,-5.1320832329999462],[119.49093185600009,-5.132083287999933],[119.49092950000011,-5.1321521669999584],[119.49087225400001,-5.132150716999945],[119.49087120200011,-5.13218706899994],[119.49093393600003,-5.1321889769999416],[119.49093272400012,-5.1322454169999787],[119.49094083400007,-5.1322458639999695],[119.49092690400005,-5.1326510109999504],[119.49105165500009,-5.1326545899999587],[119.49106653400008,-5.1322482429999354],[119.49112545200001,-5.1322501649999595],[119.49112449500001,-5.1323109089999548],[119.49140261000002,-5.1323165189999713],[119.49140501600004,-5.1322603129999607],[119.49144198400006,-5.1322604079999792],[119.49144489800005,-5.1322737879999636],[119.49144874500007,-5.1322819039999672],[119.49145354700011,-5.1322900159999563],[119.49145858100007,-5.1322966919999544],[119.49146576700002,-5.132304554999962],[119.49147366500006,-5.1323116979999668],[119.49148060000005,-5.1323164539999766],[119.49148801300009,-5.1323214469999812],[119.49148046100004,-5.1323420419999479],[119.49148786600006,-5.1323448829999734],[119.49149574600006,-5.1323474819999433],[119.49150505600005,-5.132349597999962],[119.49151460200005,-5.1323509959999569],[119.49152414300011,-5.1323514369999543],[119.4915332060001,-5.1323514009999371],[119.49154441400003,-5.1323508789999437],[119.49155370800008,-5.1323489299999778],[119.49156610000011,-5.1323462509999445],[119.49155861200006,-5.1323221279999416],[119.49156932900007,-5.1323180209999464],[119.49157432400011,-5.1323146529999804],[119.49158098600003,-5.132310322999956],[119.49158811600012,-5.1323038389999738],[119.4915938150001,-5.1322975989999691],[119.49159974700001,-5.132289683999943],[119.49160471900007,-5.1322803389999763],[119.4916077900001,-5.132272673999978],[119.49161084000002,-5.1322595099999262],[119.49161200300011,-5.1322520919999306],[119.49161290500001,-5.1322386969999343],[119.49161246800008,-5.1321875239999599],[119.49172456500003,-5.1321878039999547],[119.49172501900011,-5.1321203669999704],[119.49161362900008,-5.1321179319999715],[119.49161343000003,-5.1320667579999508],[119.49144956400005,-5.1320628539999689],[119.49145066100004,-5.1320382189999805],[119.49145638200002,-5.1320374789999619],[119.49145749100001,-5.1320159529999501],[119.49150853300011,-5.132016470999929],[119.49151633600002,-5.1316919359999247],[119.49153303000003,-5.1316916319999564],[119.49153321000006,-5.1317380229999685],[119.49156302400002,-5.1317383849999487],[119.49156378900011,-5.1316895989999693],[119.49159813300002,-5.1316894639999759],[119.49159834000011,-5.131681571999934],[119.49162362200002,-5.1316817129999777],[119.49163090100001,-5.1314064409999673],[119.49160585300001,-5.1314051039999526],[119.49160629500011,-5.1313960149999502],[119.49155906400006,-5.1313940469999579],[119.49156078800002,-5.1313466919999655],[119.49155005200009,-5.131345777999968],[119.49155133800002,-5.1313084679999292],[119.49156254800005,-5.1313084239999398],[119.49155965800003,-5.1312398039999607]],[[119.49137880400008,-5.1317143489999353],[119.49137110200002,-5.1320037309999407],[119.49138088100005,-5.1320036929999446],[119.49138081400008,-5.1320237019999695],[119.49138000500011,-5.132023783999955],[119.49132729500002,-5.132023510999943],[119.49132720700004,-5.1320622509999794],[119.49132243700001,-5.132062269999949],[119.49132043000009,-5.1320981479999546],[119.49107666800001,-5.1320947949999436],[119.49107661800008,-5.1320821209999394],[119.49107351800001,-5.1320821329999262],[119.49108461900005,-5.1317470629999775],[119.49098109600004,-5.1317436409999573],[119.4909812410001,-5.1317194869999412],[119.49134593600002,-5.1317259559999684],[119.49134589100004,-5.1317144779999353],[119.49137880400008,-5.1317143489999353]]]},"properties":{"OBJECTID":160,"Id":159,"KODE":" ","BANGUNAN":"Fakultas HUKUM","UNIT":" ","LOKASI":"Kampus Unhas Tamalanrea","TAHUN":2021,"Skala":"1 : 100","Luas_m2":5780.5200000000004,"FOTO":"IMG_0924.jpg","Shape_Length":0.0072175382407739085,"Shape_Area":4.7094146362907831e-07}},{"type":"Feature","id":161,"geometry":{"type":"Polygon","coordinates":[[[119.49095430000011,-5.1315193159999808],[119.49090025600003,-5.1315185889999384],[119.49090049000006,-5.1315439169999308],[119.49095439400003,-5.1315446639999323],[119.49095430000011,-5.1315193159999808]]]},"properties":{"OBJECTID":161,"Id":160,"KODE":" ","BANGUNAN":" ","UNIT":" ","LOKASI":"Kampus Unhas Tamalanrea","TAHUN":2021,"Skala":"1 : 100","Luas_m2":16.780000000000001,"FOTO":" ","Shape_Length":0.00015863532048733075,"Shape_Area":1.3674723431358509e-09}},{"type":"Feature","id":162,"geometry":{"type":"Polygon","coordinates":[[[119.49119619600003,-5.131723299999976],[119.4909812410001,-5.1317194869999412],[119.49098109600004,-5.1317436409999573],[119.49108461900005,-5.1317470629999775],[119.4910835390001,-5.131779670999947],[119.49119606800002,-5.131779938999955],[119.49119619600003,-5.131723299999976]]]},"properties":{"OBJECTID":162,"Id":161,"KODE":" ","BANGUNAN":"Fakultas HUKUM","UNIT":" ","LOKASI":"Kampus Unhas Tamalanrea","TAHUN":2021,"Skala":"1 : 100","Luas_m2":110.59999999999999,"FOTO":"IMG_0924.jpg","Shape_Length":0.00054451713751791188,"Shape_Area":9.0103063020452563e-09}},{"type":"Feature","id":163,"geometry":{"type":"Polygon","coordinates":[[[119.49130732700007,-5.1318101139999612],[119.49130591100004,-5.1317528609999385],[119.49121789800006,-5.1317511579999291],[119.49121956600004,-5.1318121309999469],[119.49130732700007,-5.1318101139999612]]]},"properties":{"OBJECTID":163,"Id":162,"KODE":" ","BANGUNAN":"Gasebo HUKUM","UNIT":" ","LOKASI":"Kampus Unhas Tamalanrea","TAHUN":2021,"Skala":"1 : 100","Luas_m2":63.770000000000003,"FOTO":" ","Shape_Length":0.00029407996846441526,"Shape_Area":5.1955063271478779e-09}},{"type":"Feature","id":164,"geometry":{"type":"Polygon","coordinates":[[[119.49133190600003,-5.13172570699993],[119.49131035500011,-5.1317253249999339],[119.49131018500009,-5.1317476889999512],[119.49133093400008,-5.1317476079999551],[119.49133190600003,-5.13172570699993]]]},"properties":{"OBJECTID":164,"Id":163,"KODE":" ","BANGUNAN":"Gasebo HUKUM","UNIT":" ","LOKASI":"Kampus Unhas Tamalanrea","TAHUN":2021,"Skala":"1 : 100","Luas_m2":5.75,"FOTO":" ","Shape_Length":8.6590748266327449e-05,"Shape_Area":4.6818830988918275e-10}},{"type":"Feature","id":165,"geometry":{"type":"Polygon","coordinates":[[[119.49126902700004,-5.1320689829999537],[119.49128162700003,-5.1320586509999657],[119.49127988400005,-5.1320397659999344],[119.49126792100003,-5.1320300079999583],[119.49125289500012,-5.1320298279999292],[119.49124029300003,-5.1320396809999806],[119.49124012700008,-5.1320585739999274],[119.49124083000004,-5.1320592159999592],[119.49125639300007,-5.1320707059999791],[119.49126902700004,-5.1320689829999537]]]},"properties":{"OBJECTID":165,"Id":164,"KODE":" ","BANGUNAN":"Gasebo HUKUM","UNIT":" ","LOKASI":"Kampus Unhas Tamalanrea","TAHUN":2021,"Skala":"1 : 100","Luas_m2":16.449999999999999,"FOTO":" ","Shape_Length":0.00013366311873168907,"Shape_Area":1.3400980024281491e-09}},{"type":"Feature","id":166,"geometry":{"type":"Polygon","coordinates":[[[119.49149978600008,-5.1320200419999651],[119.49146035700005,-5.1320194899999478],[119.49145985600001,-5.1320555889999468],[119.49149921800006,-5.1320580659999564],[119.49149978600008,-5.1320200419999651]]]},"properties":{"OBJECTID":166,"Id":165,"KODE":" ","BANGUNAN":"Gasebo HUKUM","UNIT":" ","LOKASI":"Kampus Unhas Tamalanrea","TAHUN":2021,"Skala":"1 : 100","Luas_m2":17.93,"FOTO":" ","Shape_Length":0.00015300344257756219,"Shape_Area":1.4608658248124306e-09}},{"type":"Feature","id":167,"geometry":{"type":"Polygon","coordinates":[[[119.49092887200004,-5.132593791999966],[119.49093009700005,-5.13255814799993],[119.49089568700003,-5.1325573419999273],[119.49089466500004,-5.1325398889999292],[119.4908927570001,-5.1325398969999583],[119.49089331300002,-5.1324987629999441],[119.49085991800007,-5.1324974589999783],[119.49085769700002,-5.1325397939999675],[119.49085364100006,-5.1325395709999384],[119.49085320800009,-5.1325508119999768],[119.49084820000007,-5.1325508309999464],[119.49084621700001,-5.1325651019999441],[119.49084515400011,-5.1326020129999392],[119.49085436300004,-5.1326026999999499],[119.49085352400004,-5.1326321159999679],[119.49087117500005,-5.1326327649999257],[119.49087097400002,-5.1326423309999427],[119.49091033100001,-5.1326433729999508],[119.49091204600006,-5.1325936259999594],[119.49092887200004,-5.132593791999966]]]},"properties":{"OBJECTID":167,"Id":166,"KODE":" ","BANGUNAN":" ","UNIT":" ","LOKASI":"Kampus Unhas Tamalanrea","TAHUN":2021,"Skala":"1 : 100","Luas_m2":97.340000000000003,"FOTO":" ","Shape_Length":0.0004499484920488713,"Shape_Area":7.930270943752328e-09}},{"type":"Feature","id":168,"geometry":{"type":"Polygon","coordinates":[[[119.49070795400007,-5.1324886839999522],[119.49071840400006,-5.1324774039999284],[119.49072097700002,-5.1324644799999533],[119.49071067000011,-5.1324511289999464],[119.49069349900003,-5.1324514349999504],[119.49068304500008,-5.1324617589999662],[119.49068119800006,-5.1324775489999297],[119.49069221400009,-5.1324889839999628],[119.49069286800011,-5.1324893999999404],[119.49070795400007,-5.1324886839999522]]]},"properties":{"OBJECTID":168,"Id":167,"KODE":" ","BANGUNAN":"Gasebo HUKUM","UNIT":" ","LOKASI":"Kampus Unhas Tamalanrea","TAHUN":2021,"Skala":"1 : 100","Luas_m2":14.390000000000001,"FOTO":" ","Shape_Length":0.00012494093972632066,"Shape_Area":1.172556329862247e-09}},{"type":"Feature","id":169,"geometry":{"type":"Polygon","coordinates":[[[119.49086389400009,-5.1323233289999735],[119.4908394470001,-5.1323246029999723],[119.49083857500011,-5.1323456499999338],[119.49086361900004,-5.1323460309999405],[119.49086389400009,-5.1323233289999735]]]},"properties":{"OBJECTID":169,"Id":168,"KODE":" ","BANGUNAN":"Gasebo HUKUM","UNIT":" ","LOKASI":"Kampus Unhas Tamalanrea","TAHUN":2021,"Skala":"1 : 100","Luas_m2":6.6399999999999997,"FOTO":" ","Shape_Length":9.3295792845758617e-05,"Shape_Area":5.4103937016276424e-10}},{"type":"Feature","id":170,"geometry":{"type":"Polygon","coordinates":[[[119.49079118400005,-5.1321980499999427],[119.49075850500003,-5.1321969819999254],[119.49075939400007,-5.1321802389999789],[119.49062174800008,-5.1321724069999277],[119.49062041600007,-5.1321723989999555],[119.49061691300005,-5.132278600999939],[119.49056920400005,-5.132276395999952],[119.49056527200003,-5.1323694339999406],[119.49061393300008,-5.1323711569999659],[119.49061381700005,-5.1324027239999737],[119.49075097400009,-5.1324074489999703],[119.49075882700004,-5.1322185029999332],[119.49077170400005,-5.1322179739999569],[119.49077126700001,-5.1322282589999304],[119.49079082700007,-5.1322288999999728],[119.49079118400005,-5.1321980499999427]]]},"properties":{"OBJECTID":170,"Id":169,"KODE":" ","BANGUNAN":" ","UNIT":" ","LOKASI":"Kampus Unhas Tamalanrea","TAHUN":2021,"Skala":"1 : 100","Luas_m2":456.19999999999999,"FOTO":" ","Shape_Length":0.00091601533077673722,"Shape_Area":3.71667433909107e-08}},{"type":"Feature","id":171,"geometry":{"type":"Polygon","coordinates":[[[119.49158305500009,-5.1317943029999356],[119.49153275900005,-5.1317932279999354],[119.49153030400009,-5.13196788099998],[119.49158158400007,-5.1319683979999695],[119.49158305500009,-5.1317943029999356]]]},"properties":{"OBJECTID":171,"Id":170,"KODE":" ","BANGUNAN":"Fakultas HUKUM","UNIT":" ","LOKASI":"Kampus Unhas Tamalanrea","TAHUN":2021,"Skala":"1 : 100","Luas_m2":108.72,"FOTO":"IMG_0924.jpg","Shape_Length":0.00045036156099370633,"Shape_Area":8.8576692637219257e-09}},{"type":"Feature","id":172,"geometry":{"type":"Polygon","coordinates":[[[119.49030779200007,-5.1319634169999517],[119.49024420900002,-5.1319424419999677],[119.4901902900001,-5.1321070569999279],[119.49035408300006,-5.1321585039999604],[119.4903984450001,-5.1320158589999778],[119.49040403100003,-5.1319946059999779],[119.49038659700011,-5.1319891159999429],[119.49030779200007,-5.1319634169999517]]]},"properties":{"OBJECTID":172,"Id":171,"KODE":" ","BANGUNAN":" ","UNIT":" ","LOKASI":"Kampus Unhas Tamalanrea","TAHUN":2021,"Skala":"1 : 100","Luas_m2":359.82999999999998,"FOTO":" ","Shape_Length":0.00068438285841333529,"Shape_Area":2.9315919990016433e-08}},{"type":"Feature","id":173,"geometry":{"type":"Polygon","coordinates":[[[119.48960862400008,-5.1321148949999724],[119.48968132100003,-5.1321208799999454],[119.4896804440001,-5.1321409699999663],[119.48975486300003,-5.1321425929999691],[119.48975577700003,-5.1321320679999758],[119.4900200940001,-5.1321468199999458],[119.49002157200005,-5.132158770999979],[119.49008739900012,-5.1321589919999724],[119.49010095200003,-5.1319638059999306],[119.48979034200011,-5.1319430169999691],[119.48978901600003,-5.1319702829999301],[119.48961909400009,-5.1319626349999794],[119.48960862400008,-5.1321148949999724]]]},"properties":{"OBJECTID":173,"Id":172,"KODE":" ","BANGUNAN":" ","UNIT":" ","LOKASI":"Kampus Unhas Tamalanrea","TAHUN":2021,"Skala":"1 : 100","Luas_m2":1071.8900000000001,"FOTO":" ","Shape_Length":0.0013776238535062944,"Shape_Area":8.7327908873211635e-08}},{"type":"Feature","id":174,"geometry":{"type":"Polygon","coordinates":[[[119.49035614600007,-5.1315023659999497],[119.49035700100001,-5.1314767749999532],[119.49033668400011,-5.1314653759999374],[119.49031664500001,-5.1314756359999478],[119.49031630400009,-5.131499172999952],[119.49033543400003,-5.1315120119999733],[119.49035614600007,-5.1315023659999497]]]},"properties":{"OBJECTID":174,"Id":173,"KODE":" ","BANGUNAN":"Gasebo","UNIT":" ","LOKASI":"Kampus Unhas Tamalanrea","TAHUN":2021,"Skala":"1 : 100","Luas_m2":17.550000000000001,"FOTO":" ","Shape_Length":0.00014084097018775472,"Shape_Area":1.4299502688101251e-09}},{"type":"Feature","id":175,"geometry":{"type":"Polygon","coordinates":[[[119.49043553400008,-5.131493685999942],[119.49041710200004,-5.1314765399999374],[119.49041702500006,-5.1314765599999532],[119.49040167600003,-5.1314962099999661],[119.49042177300009,-5.1315123919999337],[119.49043553400008,-5.131493685999942]]]},"properties":{"OBJECTID":175,"Id":174,"KODE":" ","BANGUNAN":"Gasebo","UNIT":" ","LOKASI":"Kampus Unhas Tamalanrea","TAHUN":2021,"Skala":"1 : 100","Luas_m2":7.5300000000000002,"FOTO":" ","Shape_Length":9.9212086605236246e-05,"Shape_Area":6.1343634568723019e-10}},{"type":"Feature","id":176,"geometry":{"type":"Polygon","coordinates":[[[119.49029717700012,-5.1316665019999732],[119.49017670700005,-5.1316636289999451],[119.49017672400009,-5.1316641019999452],[119.49017372900005,-5.1317525939999769],[119.49029775400004,-5.1317535449999809],[119.49029717700012,-5.1316665019999732]]]},"properties":{"OBJECTID":176,"Id":175,"KODE":" ","BANGUNAN":" ","UNIT":" ","LOKASI":"Kampus Unhas Tamalanrea","TAHUN":2021,"Skala":"1 : 100","Luas_m2":132.06,"FOTO":" ","Shape_Length":0.00042059378525082858,"Shape_Area":1.075910384956391e-08}},{"type":"Feature","id":177,"geometry":{"type":"Polygon","coordinates":[[[119.49038659700011,-5.1319891159999429],[119.49040044200001,-5.131946017999951],[119.49039208600004,-5.1319439579999653],[119.49040780100006,-5.1318919139999366],[119.49034619300005,-5.1318717989999527],[119.49032822400011,-5.1319277669999792],[119.49031777700009,-5.1319245189999378],[119.49030779200007,-5.1319634169999517],[119.49038659700011,-5.1319891159999429]]]},"properties":{"OBJECTID":177,"Id":176,"KODE":" ","BANGUNAN":" ","UNIT":" ","LOKASI":"Kampus Unhas Tamalanrea","TAHUN":2021,"Skala":"1 : 100","Luas_m2":89.129999999999995,"FOTO":" ","Shape_Length":0.00036581758700221859,"Shape_Area":7.2611387762161015e-09}},{"type":"Feature","id":178,"geometry":{"type":"Polygon","coordinates":[[[119.48769677500002,-5.127314705999936],[119.48771882200003,-5.1273110329999554],[119.48771429400006,-5.1272195819999524],[119.48769700100002,-5.1272190509999405],[119.48769435400004,-5.1271515059999615],[119.48769442900004,-5.1271512909999615],[119.48769196400008,-5.1271503199999415],[119.48724958000003,-5.1271592159999386],[119.48725164200005,-5.1272297519999483],[119.48723196600008,-5.1272298289999299],[119.48723146700002,-5.1272549399999434],[119.48721119900006,-5.1272562149999317],[119.48721196400004,-5.1272998539999435],[119.48723164300009,-5.1273003749999475],[119.48723233400005,-5.127324883999961],[119.48725439500004,-5.127324797999961],[119.48725586000012,-5.127395336999939],[119.48770061800008,-5.1273834419999389],[119.48769677500002,-5.127314705999936]]]},"properties":{"OBJECTID":178,"Id":177,"KODE":" ","BANGUNAN":"Rusunawa 2 Universitas Hasanuddin Blok D","UNIT":" ","LOKASI":"Kampus Unhas Tamalanrea","TAHUN":2021,"Skala":"1 : 100","Luas_m2":1338.3499999999999,"FOTO":" ","Shape_Length":0.001474054790869022,"Shape_Area":1.0903595166207774e-07}},{"type":"Feature","id":179,"geometry":{"type":"Polygon","coordinates":[[[119.48840158200005,-5.1275748479999379],[119.48793056200009,-5.1275862299999631],[119.48793059000002,-5.1275934039999811],[119.48791866500005,-5.1275934499999494],[119.48792415300011,-5.1277787579999767],[119.48793547900004,-5.1277781159999449],[119.4879367850001,-5.1278074049999418],[119.48840717500002,-5.1277936169999521],[119.48840631000007,-5.1277242709999769],[119.48841823500004,-5.1277242239999623],[119.48841120400004,-5.1276022929999385],[119.48840226200002,-5.1276029259999518],[119.48840158200005,-5.1275748479999379]]]},"properties":{"OBJECTID":179,"Id":178,"KODE":" ","BANGUNAN":"Klinik FK Unhas","UNIT":" ","LOKASI":"Kampus Unhas Tamalanrea","TAHUN":2021,"Skala":"1 : 100","Luas_m2":1315.72,"FOTO":" ","Shape_Length":0.001427360853176154,"Shape_Area":1.0719186588376814e-07}},{"type":"Feature","id":180,"geometry":{"type":"Polygon","coordinates":[[[119.4882293710001,-5.1279162679999786],[119.4882286290001,-5.127872631999935],[119.48809029100005,-5.1278767539999421],[119.48808985000005,-5.1279168109999773],[119.4882293710001,-5.1279162679999786]]]},"properties":{"OBJECTID":180,"Id":179,"KODE":" ","BANGUNAN":"Wisecup","UNIT":" ","LOKASI":"Kampus Unhas Tamalanrea","TAHUN":2021,"Skala":"1 : 100","Luas_m2":71.359999999999999,"FOTO":" ","Shape_Length":0.00036162318958886679,"Shape_Area":5.8140643707095592e-09}},{"type":"Feature","id":181,"geometry":{"type":"Polygon","coordinates":[[[119.4888117050001,-5.1278969309999525],[119.48880037400011,-5.1278963779999458],[119.48879847400008,-5.1278676889999701],[119.48832988300001,-5.127883861999976],[119.48832785800005,-5.1278840309999509],[119.48832894900011,-5.1279508229999351],[119.48831821500005,-5.1279502669999601],[119.4883210700001,-5.1280716169999323],[119.48833359300011,-5.1280721659999813],[119.48833430800005,-5.1281026529999281],[119.4888064700001,-5.1280846719999431],[119.48880463000012,-5.1280715269999746],[119.48890121500006,-5.1280693569999585],[119.48890041000004,-5.1280155549999336],[119.48881634700001,-5.1280176759999563],[119.4888117050001,-5.1278969309999525]]]},"properties":{"OBJECTID":181,"Id":180,"KODE":" ","BANGUNAN":"Rusunawa 2 Universitas Hasanuddin Blok B","UNIT":" ","LOKASI":"Kampus Unhas Tamalanrea","TAHUN":2021,"Skala":"1 : 100","Luas_m2":1361.5599999999999,"FOTO":" ","Shape_Length":0.0015940804352322457,"Shape_Area":1.1092651460541174e-07}},{"type":"Feature","id":182,"geometry":{"type":"Polygon","coordinates":[[[119.48861837900006,-5.1281480999999758],[119.48827670100002,-5.1281620629999338],[119.48827747100006,-5.1282068979999735],[119.48859820200005,-5.1281930939999256],[119.48860465200005,-5.1284728559999735],[119.48864937300004,-5.1284732799999802],[119.4886404450001,-5.128169613999944],[119.48861898500002,-5.1281708929999468],[119.48861837900006,-5.1281480999999758]]]},"properties":{"OBJECTID":182,"Id":181,"KODE":" ","BANGUNAN":"Parkiran Motor","UNIT":" ","LOKASI":"Kampus Unhas Tamalanrea","TAHUN":2021,"Skala":"1 : 100","Luas_m2":343.47000000000003,"FOTO":" ","Shape_Length":0.0013804884217431845,"Shape_Area":2.7982619283985485e-08}},{"type":"Feature","id":183,"geometry":{"type":"Polygon","coordinates":[[[119.48920313200006,-5.1284322629999792],[119.48920111000007,-5.1283718899999258],[119.4892321100001,-5.1283705729999269],[119.4892298850001,-5.1282581889999506],[119.48919708300002,-5.1282559249999622],[119.48919387900003,-5.1281985449999752],[119.48875091600007,-5.1282122279999385],[119.4887523430001,-5.1282726039999602],[119.48871845400004,-5.1282744149999644],[119.48872119600003,-5.1283899009999345],[119.48875518400007,-5.1283903659999623],[119.48875839000004,-5.1284483439999349],[119.48920313200006,-5.1284322629999792]]]},"properties":{"OBJECTID":183,"Id":182,"KODE":" ","BANGUNAN":"Rusunawa 2 Universitas Hasanuddin Blok A","UNIT":" ","LOKASI":"Kampus Unhas Tamalanrea","TAHUN":2021,"Skala":"1 : 100","Luas_m2":1378.0599999999999,"FOTO":" ","Shape_Length":0.0014843036911193215,"Shape_Area":1.1227052538916406e-07}},{"type":"Feature","id":184,"geometry":{"type":"Polygon","coordinates":[[[119.48901654200006,-5.1285956019999617],[119.48901527100008,-5.12857527999995],[119.48895029200003,-5.1285785219999411],[119.48895098500009,-5.1286036289999402],[119.48880573500003,-5.1286109579999675],[119.48880553400011,-5.128612564999969],[119.48880693800004,-5.1286669629999437],[119.48881230100005,-5.1286663439999529],[119.48881257200003,-5.1287362899999493],[119.48884416900012,-5.1287349709999717],[119.48884479300011,-5.128742142999954],[119.48912857900007,-5.128734460999965],[119.48912795800004,-5.1287278869999682],[119.48916253300001,-5.1287259589999508],[119.48915986500003,-5.1286530329999778],[119.48916463300009,-5.1286524169999552],[119.4891646100001,-5.1286464379999757],[119.48916442700011,-5.1285992099999476],[119.48901776200012,-5.1286027709999757],[119.48901654200006,-5.1285956019999617]]]},"properties":{"OBJECTID":184,"Id":183,"KODE":" ","BANGUNAN":"Rusunawa 2 Universitas Hasanuddin Blok E","UNIT":" ","LOKASI":"Kampus Unhas Tamalanrea","TAHUN":2021,"Skala":"1 : 100","Luas_m2":597.54999999999995,"FOTO":" ","Shape_Length":0.0010362693006468336,"Shape_Area":4.8682349234649674e-08}},{"type":"Feature","id":185,"geometry":{"type":"Polygon","coordinates":[[[119.48932324100008,-5.1286535919999778],[119.48932177900008,-5.1285842489999709],[119.48927826300007,-5.1285868099999448],[119.48927783700003,-5.1286549369999648],[119.48932324100008,-5.1286535919999778]]]},"properties":{"OBJECTID":185,"Id":184,"KODE":" ","BANGUNAN":"Gudang","UNIT":" ","LOKASI":"Kampus Unhas Tamalanrea","TAHUN":2021,"Skala":"1 : 100","Luas_m2":37.520000000000003,"FOTO":" ","Shape_Length":0.00022650195415636762,"Shape_Area":3.0569697563656395e-09}},{"type":"Feature","id":186,"geometry":{"type":"Polygon","coordinates":[[[119.48614352400011,-5.1263145969999755],[119.48508648000006,-5.1263432189999776],[119.48508646100004,-5.1263384359999691],[119.48506798000005,-5.1263391059999321],[119.48506736000002,-5.1263331299999777],[119.48488910900005,-5.1263403989999574],[119.48489004700002,-5.1264288759999772],[119.48490435500003,-5.1264282219999586],[119.48490399900004,-5.1264903989999766],[119.48508107000009,-5.1264861229999497],[119.48508163100007,-5.1264771529999393],[119.48510547900003,-5.1264764629999604],[119.48510545600004,-5.1264704849999703],[119.48614632800002,-5.12644013299996],[119.48614352400011,-5.1263145969999755]]]},"properties":{"OBJECTID":186,"Id":185,"KODE":" ","BANGUNAN":"Farm Unhas","UNIT":" ","LOKASI":"Kampus Unhas Tamalanrea","TAHUN":2021,"Skala":"1 : 100","Luas_m2":2001.98,"FOTO":" ","Shape_Length":0.0028129256941438101,"Shape_Area":1.6310176966292471e-07}},{"type":"Feature","id":187,"geometry":{"type":"Polygon","coordinates":[[[119.48517340800004,-5.1266271229999347],[119.48516949400005,-5.1265387889999374],[119.48489225800006,-5.1265457139999739],[119.48489498800006,-5.1266347819999396],[119.48517340800004,-5.1266271229999347]]]},"properties":{"OBJECTID":187,"Id":186,"KODE":" ","BANGUNAN":"Farm Unhas","UNIT":" ","LOKASI":"Kampus Unhas Tamalanrea","TAHUN":2021,"Skala":"1 : 100","Luas_m2":302.77999999999997,"FOTO":" ","Shape_Length":0.00073337829910197542,"Shape_Area":2.4667845445153315e-08}},{"type":"Feature","id":188,"geometry":{"type":"Polygon","coordinates":[[[119.48514107800008,-5.1269010579999303],[119.48513954700002,-5.1268137799999636],[119.48489927200001,-5.1268168649999666],[119.48490020200006,-5.126903787999936],[119.48514107800008,-5.1269010579999303]]]},"properties":{"OBJECTID":188,"Id":187,"KODE":" ","BANGUNAN":"Farm Unhas","UNIT":" ","LOKASI":"Kampus Unhas Tamalanrea","TAHUN":2021,"Skala":"1 : 100","Luas_m2":257.24000000000001,"FOTO":" ","Shape_Length":0.00065540567597264533,"Shape_Area":2.0957824010346526e-08}},{"type":"Feature","id":189,"geometry":{"type":"Polygon","coordinates":[[[119.48430894500007,-5.1267432519999261],[119.48441179400004,-5.1266301269999417],[119.48442687000011,-5.1266135439999516],[119.48444417300004,-5.1266128849999291],[119.48444338000002,-5.1265859349999801],[119.48442497500002,-5.126586050999947],[119.48430466100001,-5.1264651569999273],[119.48441985300008,-5.1263409569999681],[119.48443535600006,-5.1263408969999773],[119.48443662500006,-5.1263606209999466],[119.48472042500009,-5.1263565279999739],[119.48472014800006,-5.1262847889999534],[119.4844393190001,-5.1262864779999404],[119.48443941200003,-5.1263103909999472],[119.48441138800001,-5.1263104999999314],[119.48418692300004,-5.1265481169999703],[119.48418847200003,-5.1264859359999377],[119.4841103660001,-5.126486836999959],[119.4841106020001,-5.1265478159999702],[119.48409967100008,-5.126537361999965],[119.4839561980001,-5.1264001519999738],[119.4838417420001,-5.1264065749999759],[119.48385167900005,-5.1268178489999627],[119.48396793300003,-5.1268138099999305],[119.48411166000005,-5.1266673789999686],[119.48411191000002,-5.1267319449999604],[119.48419299500006,-5.1267304339999669],[119.4841921420001,-5.1266640769999299],[119.4842926880001,-5.1267611339999348],[119.48429284100007,-5.1267612999999415],[119.48430894500007,-5.1267432519999261]],[[119.48440177700002,-5.1266004889999408],[119.48440191100008,-5.1266008859999488],[119.48428836100004,-5.126721692999979],[119.48421055600011,-5.1266460699999357],[119.48427016400001,-5.1266416539999682],[119.48426628200002,-5.1265627539999628],[119.48420904000011,-5.1265623789999495],[119.48428387500007,-5.1264867599999775],[119.48440177700002,-5.1266004889999408]],[[119.48396008000009,-5.126787535999938],[119.48394756400012,-5.1267887799999698],[119.48393779500009,-5.1264211479999631],[119.48409087300001,-5.1265658309999367],[119.48403078100011,-5.1265678539999726],[119.48403288000009,-5.1266479569999319],[119.48409250200007,-5.1266471269999556],[119.48396008000009,-5.126787535999938]]]},"properties":{"OBJECTID":189,"Id":188,"KODE":" ","BANGUNAN":" ","UNIT":" ","LOKASI":"Kampus Unhas Tamalanrea","TAHUN":2021,"Skala":"1 : 100","Luas_m2":1570.7,"FOTO":" ","Shape_Length":0.0049918733065102564,"Shape_Area":1.2796607318188288e-07}},{"type":"Feature","id":190,"geometry":{"type":"Polygon","coordinates":[[[119.48472680800012,-5.1266252719999557],[119.48472710300007,-5.1266252539999755],[119.48472356500008,-5.1265577289999555],[119.48444275800011,-5.1265647989999366],[119.48444481700005,-5.1266347379999502],[119.48472680800012,-5.1266252719999557]]]},"properties":{"OBJECTID":190,"Id":189,"KODE":" ","BANGUNAN":" ","UNIT":" ","LOKASI":"Kampus Unhas Tamalanrea","TAHUN":2021,"Skala":"1 : 100","Luas_m2":237.81999999999999,"FOTO":" ","Shape_Length":0.00070092829732174694,"Shape_Area":1.9375558907699944e-08}},{"type":"Feature","id":191,"geometry":{"type":"Polygon","coordinates":[[[119.4847758300001,-5.1257645239999761],[119.4846858090001,-5.1257678629999646],[119.48468993900008,-5.12591072999993],[119.48477936400002,-5.1259073929999772],[119.48477800500007,-5.1258643539999298],[119.4848113920001,-5.1258636269999442],[119.48480751700004,-5.1257865209999522],[119.4848003620001,-5.1257865489999404],[119.48480030200005,-5.1257710049999332],[119.48480052800005,-5.1257707349999464],[119.48477585600006,-5.1257710999999517],[119.4847758300001,-5.1257645239999761]]]},"properties":{"OBJECTID":191,"Id":190,"KODE":" ","BANGUNAN":"Peternakan Kambing Fakultas Peternakan","UNIT":" ","LOKASI":"Kampus Unhas Tamalanrea","TAHUN":2021,"Skala":"1 : 100","Luas_m2":192.59,"FOTO":" ","Shape_Length":0.00053045752300337479,"Shape_Area":1.5690393503150961e-08}},{"type":"Feature","id":192,"geometry":{"type":"Polygon","coordinates":[[[119.48464350900008,-5.1257022059999713],[119.48456270800011,-5.1256971989999442],[119.48455878100003,-5.1257611829999519],[119.48464107500001,-5.1257638519999773],[119.48464350900008,-5.1257022059999713]]]},"properties":{"OBJECTID":192,"Id":191,"KODE":" ","BANGUNAN":"Peternakan Kambing Fakultas Peternakan","UNIT":" ","LOKASI":"Kampus Unhas Tamalanrea","TAHUN":2021,"Skala":"1 : 100","Luas_m2":63.020000000000003,"FOTO":" ","Shape_Length":0.00028909168434409702,"Shape_Area":5.1346129707884153e-09}},{"type":"Feature","id":193,"geometry":{"type":"Polygon","coordinates":[[[119.48473914300007,-5.1261454889999527],[119.48473628400006,-5.1260229439999421],[119.48473618100002,-5.1260223459999565],[119.48469096700001,-5.1260225219999711],[119.48469382900009,-5.1261456649999673],[119.48473914300007,-5.1261454889999527]]]},"properties":{"OBJECTID":193,"Id":192,"KODE":" ","BANGUNAN":"Peternakan Kambing Fakultas Peternakan","UNIT":" ","LOKASI":"Kampus Unhas Tamalanrea","TAHUN":2021,"Skala":"1 : 100","Luas_m2":68.489999999999995,"FOTO":" ","Shape_Length":0.00033689008966128145,"Shape_Area":5.5799134925162165e-09}},{"type":"Feature","id":194,"geometry":{"type":"Polygon","coordinates":[[[119.48430211600009,-5.1257651699999656],[119.4842132760001,-5.125765514999955],[119.48420409900007,-5.1253966839999521],[119.48407949600005,-5.125400157999934],[119.48408807400006,-5.1257683929999303],[119.48398314500002,-5.1257711919999451],[119.48397576100001,-5.1254035499999304],[119.48385175200008,-5.1254064229999585],[119.48386033200006,-5.1257752559999403],[119.48379176200001,-5.1257749249999733],[119.48379521200002,-5.1258962729999666],[119.48409153600005,-5.1258927299999755],[119.48409343600008,-5.1259214189999511],[119.48431344700009,-5.1259199659999695],[119.4843117690001,-5.1257944259999704],[119.48430306700004,-5.1257954529999665],[119.48430211600009,-5.1257651699999656]]]},"properties":{"OBJECTID":194,"Id":193,"KODE":" ","BANGUNAN":"Peternakan Sapi Perah Fakultas Peternakan","UNIT":" ","LOKASI":"Kampus Unhas Tamalanrea","TAHUN":2021,"Skala":"1 : 100","Luas_m2":1985.54,"FOTO":" ","Shape_Length":0.0028161218600314176,"Shape_Area":1.6176344087733383e-07}},{"type":"Feature","id":195,"geometry":{"type":"Polygon","coordinates":[[[119.48431271700008,-5.1257310519999351],[119.48430567800006,-5.1254524859999719],[119.48423088200002,-5.1254554849999749],[119.4842376040001,-5.125734930999954],[119.48431271700008,-5.1257310519999351]]]},"properties":{"OBJECTID":195,"Id":194,"KODE":" ","BANGUNAN":" ","UNIT":" ","LOKASI":"Kampus Unhas Tamalanrea","TAHUN":2021,"Skala":"1 : 100","Luas_m2":256.98000000000002,"FOTO":" ","Shape_Length":0.00070825094796820632,"Shape_Area":2.0936417266712226e-08}},{"type":"Feature","id":196,"geometry":{"type":"Polygon","coordinates":[[[119.4840711920001,-5.1255657909999286],[119.48406646300009,-5.1254755689999456],[119.48401063200004,-5.1254781439999419],[119.48401515000012,-5.1255672049999248],[119.4840711920001,-5.1255657909999286]]]},"properties":{"OBJECTID":196,"Id":195,"KODE":" ","BANGUNAN":" ","UNIT":" ","LOKASI":"Kampus Unhas Tamalanrea","TAHUN":2021,"Skala":"1 : 100","Luas_m2":61.659999999999997,"FOTO":" ","Shape_Length":0.00029147155963258177,"Shape_Area":5.0234533362844267e-09}},{"type":"Feature","id":197,"geometry":{"type":"Polygon","coordinates":[[[119.48363761000007,-5.125538181999957],[119.48362889900011,-5.1253723409999452],[119.48362683200003,-5.1253720249999333],[119.48339672600002,-5.1253842779999559],[119.48340750200009,-5.1255498369999373],[119.48363761000007,-5.125538181999957]]]},"properties":{"OBJECTID":197,"Id":196,"KODE":" ","BANGUNAN":" ","UNIT":" ","LOKASI":"Kampus Unhas Tamalanrea","TAHUN":2021,"Skala":"1 : 100","Luas_m2":472.12,"FOTO":" ","Shape_Length":0.000794904938241354,"Shape_Area":3.8463935406414523e-08}},{"type":"Feature","id":198,"geometry":{"type":"Polygon","coordinates":[[[119.4835636900001,-5.1256962979999798],[119.48348618300008,-5.1256977949999509],[119.48348627500002,-5.1257217079999577],[119.4834737540001,-5.1257217569999511],[119.48347745400008,-5.1259076709999363],[119.48357998200004,-5.1259006959999738],[119.4835803310001,-5.1258367259999318],[119.48358904200006,-5.125836076999974],[119.48358848200007,-5.125785877999931],[119.48357953900006,-5.1257859129999588],[119.48357629900011,-5.1257189669999548],[119.48356437600012,-5.1257196119999549],[119.4835636900001,-5.1256962979999798]]]},"properties":{"OBJECTID":198,"Id":197,"KODE":" ","BANGUNAN":" ","UNIT":" ","LOKASI":"Kampus Unhas Tamalanrea","TAHUN":2021,"Skala":"1 : 100","Luas_m2":261.79000000000002,"FOTO":" ","Shape_Length":0.00063681169259548176,"Shape_Area":2.1328080425656324e-08}},{"type":"Feature","id":199,"geometry":{"type":"Polygon","coordinates":[[[119.4844785460001,-5.1261202019999246],[119.48447714100007,-5.1261200359999748],[119.48443302100009,-5.1261208049999709],[119.48443568100004,-5.1261919369999305],[119.48448100000007,-5.1261929569999438],[119.4844785460001,-5.1261202019999246]]]},"properties":{"OBJECTID":199,"Id":198,"KODE":" ","BANGUNAN":" ","UNIT":" ","LOKASI":"Kampus Unhas Tamalanrea","TAHUN":2021,"Skala":"1 : 100","Luas_m2":40.159999999999997,"FOTO":" ","Shape_Length":0.0002348500436781869,"Shape_Area":3.2714867054768613e-09}},{"type":"Feature","id":200,"geometry":{"type":"Polygon","coordinates":[[[119.48422421600003,-5.1262447709999606],[119.48422556200001,-5.126244326999938],[119.48421502000008,-5.1260253999999463],[119.48409279300006,-5.1260264729999676],[119.48410139900011,-5.1262476399999741],[119.48422421600003,-5.1262447709999606]]]},"properties":{"OBJECTID":200,"Id":199,"KODE":" ","BANGUNAN":" ","UNIT":" ","LOKASI":"Kampus Unhas Tamalanrea","TAHUN":2021,"Skala":"1 : 100","Luas_m2":333.31,"FOTO":" ","Shape_Length":0.00068701459640417388,"Shape_Area":2.7155020476252934e-08}},{"type":"Feature","id":201,"geometry":{"type":"Polygon","coordinates":[[[119.48667512300005,-5.1272703139999294],[119.48660425000003,-5.1272425669999393],[119.48656061100007,-5.127367683999978],[119.48663347600007,-5.1273990859999685],[119.48667512300005,-5.1272703139999294]]]},"properties":{"OBJECTID":201,"Id":200,"KODE":" ","BANGUNAN":" ","UNIT":" ","LOKASI":"Kampus Unhas Tamalanrea","TAHUN":2021,"Skala":"1 : 100","Luas_m2":127.45999999999999,"FOTO":" ","Shape_Length":0.00042330264877288,"Shape_Area":1.0384519676810886e-08}},{"type":"Feature","id":202,"geometry":{"type":"Polygon","coordinates":[[[119.48651051000002,-5.1272560259999409],[119.48644323100007,-5.1272348229999807],[119.48641733200009,-5.1273216109999566],[119.48648360100003,-5.1273434729999394],[119.48651051000002,-5.1272560259999409]]]},"properties":{"OBJECTID":202,"Id":201,"KODE":" ","BANGUNAN":"Gudang","UNIT":" ","LOKASI":"Kampus Unhas Tamalanrea","TAHUN":2021,"Skala":"1 : 100","Luas_m2":78.379999999999995,"FOTO":" ","Shape_Length":0.00032238649668741009,"Shape_Area":6.3857280684033842e-09}},{"type":"Feature","id":203,"geometry":{"type":"Polygon","coordinates":[[[119.48417250200009,-5.1264601349999452],[119.4841688140001,-5.1264104929999803],[119.48410322000007,-5.1264089539999418],[119.48410641200007,-5.1264633449999337],[119.48417250200009,-5.1264601349999452]]]},"properties":{"OBJECTID":203,"Id":202,"KODE":" ","BANGUNAN":" ","UNIT":" ","LOKASI":"Kampus Unhas Tamalanrea","TAHUN":2021,"Skala":"1 : 100","Luas_m2":42.07,"FOTO":" ","Shape_Length":0.00023604334951620476,"Shape_Area":3.4277445128650972e-09}},{"type":"Feature","id":204,"geometry":{"type":"Polygon","coordinates":[[[119.4843117690001,-5.1257944259999704],[119.48434157700001,-5.1257931149999649],[119.48434353400012,-5.1258367489999728],[119.48435486300002,-5.1258367049999265],[119.48436061100006,-5.125935325999933],[119.48449237300008,-5.125933019999934],[119.48448482300012,-5.1256988309999656],[119.48448431200006,-5.1256986989999405],[119.48432216200001,-5.1257065029999467],[119.48432288300012,-5.1257387839999637],[119.48430320700004,-5.1257388599999558],[119.48430211600009,-5.1257651699999656],[119.48430306700004,-5.1257954529999665],[119.4843117690001,-5.1257944259999704]]]},"properties":{"OBJECTID":204,"Id":203,"KODE":" ","BANGUNAN":"Laboratorium Ternak Perah Unhas","UNIT":" ","LOKASI":"Kampus Unhas Tamalanrea","TAHUN":2021,"Skala":"1 : 100","Luas_m2":433.23000000000002,"FOTO":" ","Shape_Length":0.00082994857026750049,"Shape_Area":3.5295230202752503e-08}},{"type":"Feature","id":205,"geometry":{"type":"Polygon","coordinates":[[[119.48460572800002,-5.1275348749999807],[119.48453295500008,-5.1275359819999267],[119.48453433700001,-5.1275849999999537],[119.48460767800009,-5.127585311999951],[119.48460572800002,-5.1275348749999807]]]},"properties":{"OBJECTID":205,"Id":204,"KODE":" ","BANGUNAN":" ","UNIT":" ","LOKASI":"Kampus Unhas Tamalanrea","TAHUN":2021,"Skala":"1 : 100","Luas_m2":44.600000000000001,"FOTO":" ","Shape_Length":0.00024563524229142587,"Shape_Area":3.6336042027926209e-09}},{"type":"Feature","id":206,"geometry":{"type":"Polygon","coordinates":[[[119.48471213800008,-5.1274611539999455],[119.48466443400002,-5.1274601439999401],[119.48466280100001,-5.1275091879999763],[119.48466283500011,-5.127509171999975],[119.48471173100006,-5.1275101779999659],[119.48471213800008,-5.1274611539999455]]]},"properties":{"OBJECTID":206,"Id":205,"KODE":" ","BANGUNAN":"Gasebo","UNIT":" ","LOKASI":"Kampus Unhas Tamalanrea","TAHUN":2021,"Skala":"1 : 100","Luas_m2":29.09,"FOTO":" ","Shape_Length":0.00019475548389186382,"Shape_Area":2.3697875117852069e-09}},{"type":"Feature","id":207,"geometry":{"type":"Polygon","coordinates":[[[119.48447503400007,-5.1275140879999412],[119.48447670400003,-5.1274656629999527],[119.48447663500008,-5.1274656559999698],[119.48442833000001,-5.1274634529999616],[119.48442614200007,-5.1275142779999783],[119.48447503400007,-5.1275140879999412]]]},"properties":{"OBJECTID":207,"Id":206,"KODE":" ","BANGUNAN":"Gasebo","UNIT":" ","LOKASI":"Kampus Unhas Tamalanrea","TAHUN":2021,"Skala":"1 : 100","Luas_m2":29.649999999999999,"FOTO":" ","Shape_Length":0.00019664279438892985,"Shape_Area":2.4154539789566683e-09}},{"type":"Feature","id":208,"geometry":{"type":"Polygon","coordinates":[[[119.48447774400006,-5.1272898879999502],[119.48442466900008,-5.127287702999979],[119.48442245800004,-5.1273325489999593],[119.48447735200011,-5.1273346779999542],[119.48447774400006,-5.1272898879999502]]]},"properties":{"OBJECTID":208,"Id":207,"KODE":" ","BANGUNAN":"Gasebo","UNIT":" ","LOKASI":"Kampus Unhas Tamalanrea","TAHUN":2021,"Skala":"1 : 100","Luas_m2":29.73,"FOTO":" ","Shape_Length":0.00019774741278652641,"Shape_Area":2.4222846572719274e-09}},{"type":"Feature","id":209,"geometry":{"type":"Polygon","coordinates":[[[119.48471992600003,-5.1273164469999415],[119.48467042800007,-5.1273142479999478],[119.48466940200001,-5.1273572959999569],[119.48471779300007,-5.1273596999999427],[119.48471992600003,-5.1273164469999415]]]},"properties":{"OBJECTID":209,"Id":208,"KODE":" ","BANGUNAN":"Gasebo","UNIT":" ","LOKASI":"Kampus Unhas Tamalanrea","TAHUN":2021,"Skala":"1 : 100","Luas_m2":25.969999999999999,"FOTO":" ","Shape_Length":0.00018436328633604585,"Shape_Area":2.1156148671196705e-09}},{"type":"Feature","id":210,"geometry":{"type":"Polygon","coordinates":[[[119.48457201800011,-5.1274611009999376],[119.48459040700004,-5.1274365179999677],[119.4845886170001,-5.1274079049999273],[119.48458850700001,-5.1274078289999352],[119.48456578100001,-5.1273899819999542],[119.48453478500005,-5.1273924939999347],[119.4845175800001,-5.1274146809999479],[119.48452008300001,-5.1274451609999687],[119.48454162100006,-5.1274642079999353],[119.48457201800011,-5.1274611009999376]]]},"properties":{"OBJECTID":210,"Id":209,"KODE":" ","BANGUNAN":"Gasebo","UNIT":" ","LOKASI":"Kampus Unhas Tamalanrea","TAHUN":2021,"Skala":"1 : 100","Luas_m2":52.149999999999999,"FOTO":" ","Shape_Length":0.00023746236195135132,"Shape_Area":4.2488674229358428e-09}},{"type":"Feature","id":211,"geometry":{"type":"Polygon","coordinates":[[[119.48433064100004,-5.1273804039999504],[119.48428472500007,-5.1273793869999622],[119.48427888100002,-5.1272556569999779],[119.48385555400012,-5.1272590969999783],[119.48385905300006,-5.1273929989999374],[119.4839359660001,-5.1273921019999307],[119.48393885300004,-5.1275218219999488],[119.48405094200007,-5.1275201899999274],[119.48405096100009,-5.1275249729999359],[119.48407838300011,-5.127523670999949],[119.48407836500007,-5.1275188879999405],[119.4841451420001,-5.1275180309999655],[119.48414515600007,-5.1275216179999461],[119.48417377600003,-5.1275215059999368],[119.48417435600004,-5.127517318999935],[119.48420118400009,-5.1275166169999693],[119.48420313700001,-5.1275590559999387],[119.48436544500009,-5.1275572369999622],[119.48436110300008,-5.1273940359999415],[119.48433010200006,-5.1273953519999509],[119.48433064100004,-5.1273804039999504]]]},"properties":{"OBJECTID":211,"Id":210,"KODE":" ","BANGUNAN":"Laboratorium Teknologi Hasil Ternak","UNIT":" ","LOKASI":"Kampus Unhas Tamalanrea","TAHUN":2021,"Skala":"1 : 100","Luas_m2":1453.9200000000001,"FOTO":" ","Shape_Length":0.0016269754776076302,"Shape_Area":1.1845236908587176e-07}},{"type":"Feature","id":212,"geometry":{"type":"Polygon","coordinates":[[[119.48358448700003,-5.1273181409999324],[119.48350877000007,-5.1273202279999737],[119.48350962300003,-5.1273865849999538],[119.48358891900011,-5.1273850809999431],[119.48358948800001,-5.1273779049999462],[119.48360498500006,-5.1273766489999275],[119.4836026160001,-5.1273277009999561],[119.48360002600009,-5.1273276459999693],[119.48358571600011,-5.1273277009999561],[119.48358448700003,-5.1273181409999324]]]},"properties":{"OBJECTID":212,"Id":211,"KODE":" ","BANGUNAN":" ","UNIT":" ","LOKASI":"Kampus Unhas Tamalanrea","TAHUN":2021,"Skala":"1 : 100","Luas_m2":73.939999999999998,"FOTO":" ","Shape_Length":0.00031970949703848464,"Shape_Area":6.0236530787540754e-09}},{"type":"Feature","id":213,"geometry":{"type":"Polygon","coordinates":[[[119.4834882880001,-5.1273735529999271],[119.48348729200006,-5.1273167249999574],[119.48332454000001,-5.1273233359999608],[119.48332595200009,-5.1273801249999451],[119.4834882880001,-5.1273735529999271]]]},"properties":{"OBJECTID":213,"Id":212,"KODE":" ","BANGUNAN":" ","UNIT":" ","LOKASI":"Kampus Unhas Tamalanrea","TAHUN":2021,"Skala":"1 : 100","Luas_m2":113.44,"FOTO":" ","Shape_Length":0.00043899846893360745,"Shape_Area":9.2418169885798606e-09}},{"type":"Feature","id":214,"geometry":{"type":"Polygon","coordinates":[[[119.48324149100006,-5.1274336609999409],[119.48323594500005,-5.1273278689999415],[119.48323571600008,-5.1273278659999733],[119.48310336800012,-5.1273331629999461],[119.48310795300006,-5.1274395599999707],[119.48324149100006,-5.1274336609999409]]]},"properties":{"OBJECTID":214,"Id":213,"KODE":" ","BANGUNAN":" ","UNIT":" ","LOKASI":"Kampus Unhas Tamalanrea","TAHUN":2021,"Skala":"1 : 100","Luas_m2":173.63,"FOTO":" ","Shape_Length":0.00047878422515646162,"Shape_Area":1.4145823028709485e-08}},{"type":"Feature","id":215,"geometry":{"type":"Polygon","coordinates":[[[119.48318796800004,-5.1277476139999294],[119.48317903600002,-5.1275963959999444],[119.48310396000011,-5.1275989689999619],[119.48311046800006,-5.1277509049999708],[119.48318796800004,-5.1277476139999294]]]},"properties":{"OBJECTID":215,"Id":214,"KODE":" ","BANGUNAN":" ","UNIT":" ","LOKASI":"Kampus Unhas Tamalanrea","TAHUN":2021,"Skala":"1 : 100","Luas_m2":142.21000000000001,"FOTO":" ","Shape_Length":0.00045624680279986488,"Shape_Area":1.1586141207706746e-08}},{"type":"Feature","id":216,"geometry":{"type":"Polygon","coordinates":[[[119.48335683300002,-5.1279340819999675],[119.48334317900003,-5.1276411939999775],[119.48326756100005,-5.1276444729999753],[119.48327992700001,-5.1279367719999414],[119.48335683300002,-5.1279340819999675]]]},"properties":{"OBJECTID":216,"Id":215,"KODE":" ","BANGUNAN":" ","UNIT":" ","LOKASI":"Kampus Unhas Tamalanrea","TAHUN":2021,"Skala":"1 : 100","Luas_m2":274.36000000000001,"FOTO":" ","Shape_Length":0.00073840864321077465,"Shape_Area":2.2352593838080826e-08}},{"type":"Feature","id":217,"geometry":{"type":"Polygon","coordinates":[[[119.48350571900005,-5.1277338249999502],[119.4834979740001,-5.1275814059999334],[119.48342584300008,-5.127585273999955],[119.48342515500008,-5.127585842999963],[119.48343120000004,-5.127737103999948],[119.48350571900005,-5.1277338249999502]]]},"properties":{"OBJECTID":217,"Id":216,"KODE":" ","BANGUNAN":" ","UNIT":" ","LOKASI":"Kampus Unhas Tamalanrea","TAHUN":2021,"Skala":"1 : 100","Luas_m2":137.86000000000001,"FOTO":" ","Shape_Length":0.0004517159427410559,"Shape_Area":1.1231692550315263e-08}},{"type":"Feature","id":218,"geometry":{"type":"Polygon","coordinates":[[[119.48216542300008,-5.1279346939999755],[119.4821662380001,-5.1279914849999386],[119.48218472200006,-5.1279914129999611],[119.48218328900009,-5.12808348599998],[119.48216539900011,-5.1280829579999363],[119.48216561400011,-5.1281385559999535],[119.48231645800001,-5.1281361769999307],[119.4823152030001,-5.1279388699999799],[119.48231509900006,-5.1279388949999429],[119.48216542300008,-5.1279346939999755]]]},"properties":{"OBJECTID":218,"Id":217,"KODE":" ","BANGUNAN":" ","UNIT":" ","LOKASI":"Kampus Unhas Tamalanrea","TAHUN":2021,"Skala":"1 : 100","Luas_m2":349,"FOTO":" ","Shape_Length":0.00073887700042987519,"Shape_Area":2.8433690262148997e-08}},{"type":"Feature","id":219,"geometry":{"type":"Polygon","coordinates":[[[119.48127697600012,-5.1274826539999481],[119.48127014200008,-5.12742757999996],[119.4811712070001,-5.1274387259999799],[119.48117242500007,-5.1274452969999516],[119.48115514300002,-5.1274477559999809],[119.48116131300003,-5.1275015369999437],[119.48117979200003,-5.1275002699999277],[119.48118592800006,-5.1275450839999621],[119.48128186800011,-5.1275303629999485],[119.48127697600012,-5.1274826539999481]]]},"properties":{"OBJECTID":219,"Id":218,"KODE":" ","BANGUNAN":" ","UNIT":" ","LOKASI":"Kampus Unhas Tamalanrea","TAHUN":2021,"Skala":"1 : 100","Luas_m2":139.44,"FOTO":" ","Shape_Length":0.00044210650936747523,"Shape_Area":1.1360501167579216e-08}},{"type":"Feature","id":220,"geometry":{"type":"Polygon","coordinates":[[[119.4802936000001,-5.1266874199999393],[119.48022163900009,-5.1266711219999479],[119.48020436400009,-5.1267397779999442],[119.48027777100003,-5.1267574279999621],[119.4802936000001,-5.1266874199999393]]]},"properties":{"OBJECTID":220,"Id":219,"KODE":" ","BANGUNAN":" ","UNIT":" ","LOKASI":"Kampus Unhas Tamalanrea","TAHUN":2021,"Skala":"1 : 100","Luas_m2":65.299999999999997,"FOTO":" ","Shape_Length":0.00029185378493557803,"Shape_Area":5.3202807355629322e-09}},{"type":"Feature","id":221,"geometry":{"type":"Polygon","coordinates":[[[119.48036515400008,-5.1268788489999793],[119.4803686350001,-5.1268537259999789],[119.48034193800004,-5.1268496689999665],[119.48033033600007,-5.1269722469999692],[119.48040850100006,-5.1269868899999551],[119.48041950900006,-5.1269037479999611],[119.48040280300006,-5.1269008229999713],[119.48040979900009,-5.1268595449999452],[119.48037817400007,-5.1268536889999723],[119.48037410000006,-5.126879411999937],[119.48036515400008,-5.1268788489999793]]]},"properties":{"OBJECTID":221,"Id":220,"KODE":" ","BANGUNAN":" ","UNIT":" ","LOKASI":"Kampus Unhas Tamalanrea","TAHUN":2021,"Skala":"1 : 100","Luas_m2":113.92,"FOTO":" ","Shape_Length":0.00046488138126308859,"Shape_Area":9.2815321564257679e-09}},{"type":"Feature","id":222,"geometry":{"type":"Polygon","coordinates":[[[119.48056898600009,-5.1265474529999437],[119.48053262400003,-5.1265499849999401],[119.48053515000004,-5.1265864439999405],[119.48050951400012,-5.126587140999959],[119.48051252100004,-5.1269027889999279],[119.48054830100011,-5.1269038449999584],[119.48054923900008,-5.1269635009999774],[119.48055032000002,-5.1269636219999484],[119.48063200100012,-5.126962108999976],[119.48063100400009,-5.1268580889999384],[119.48060595700008,-5.1268569899999648],[119.48060074000011,-5.1265867869999511],[119.48057092700003,-5.1265869029999749],[119.48056898600009,-5.1265474529999437]]]},"properties":{"OBJECTID":222,"Id":221,"KODE":" ","BANGUNAN":" ","UNIT":" ","LOKASI":"Kampus Unhas Tamalanrea","TAHUN":2021,"Skala":"1 : 100","Luas_m2":451.89999999999998,"FOTO":" ","Shape_Length":0.0010612061448394469,"Shape_Area":3.6817025856000964e-08}},{"type":"Feature","id":223,"geometry":{"type":"Polygon","coordinates":[[[119.48075913500008,-5.1266872069999749],[119.48075648000008,-5.1266172699999402],[119.48070997500008,-5.1266180479999548],[119.48070992700002,-5.1266873979999446],[119.48075913500008,-5.1266872069999749]]]},"properties":{"OBJECTID":223,"Id":222,"KODE":" ","BANGUNAN":" ","UNIT":" ","LOKASI":"Kampus Unhas Tamalanrea","TAHUN":2021,"Skala":"1 : 100","Luas_m2":40.920000000000002,"FOTO":" ","Shape_Length":0.00023505727204622859,"Shape_Area":3.3335257063008482e-09}},{"type":"Feature","id":224,"geometry":{"type":"Polygon","coordinates":[[[119.48880333900001,-5.128939192999951],[119.48876931300003,-5.1289291629999525],[119.48877044300002,-5.1289210109999317],[119.48865052200006,-5.1288937549999787],[119.48863759900007,-5.1289440239999635],[119.48862685500001,-5.128941076999979],[119.48861982500011,-5.1289733869999736],[119.48859476000007,-5.1289675069999703],[119.48857891400007,-5.1290327319999278],[119.48860576800007,-5.1290386059999378],[119.48858409200011,-5.1291379309999456],[119.48874701900002,-5.1291767539999569],[119.48877872100002,-5.1290486929999588],[119.48879304400009,-5.1290522249999526],[119.48881355100002,-5.1289588819999494],[119.48879982200003,-5.1289547509999807],[119.48880333900001,-5.128939192999951]]]},"properties":{"OBJECTID":224,"Id":223,"KODE":" ","BANGUNAN":"Masjid AL AQSHO","UNIT":" ","LOKASI":"Kampus Unhas Tamalanrea","TAHUN":2021,"Skala":"1 : 100","Luas_m2":558.02999999999997,"FOTO":" ","Shape_Length":0.0009248365227605014,"Shape_Area":4.5463096624345946e-08}},{"type":"Feature","id":225,"geometry":{"type":"Polygon","coordinates":[[[119.48910813400005,-5.1290320339999766],[119.48907353700008,-5.1290285809999432],[119.48907298100005,-5.1290387469999246],[119.48896207500002,-5.1290379829999324],[119.4889605620001,-5.1291091319999396],[119.48899157300002,-5.1291108039999358],[119.48899050800003,-5.1291436889999318],[119.48885478900002,-5.1291374749999363],[119.48885194400009,-5.1291376939999509],[119.48884891600005,-5.1292067329999327],[119.48889424700008,-5.1292107409999517],[119.4888937180001,-5.1292280799999617],[119.48891697600004,-5.1292291849999287],[119.48891751600001,-5.1292148349999707],[119.48893421300011,-5.1292153679999615],[119.48893486500003,-5.1292297139999619],[119.48895991000006,-5.1292302139999606],[119.48895985900003,-5.1292170619999524],[119.48897655400003,-5.1292169969999577],[119.48897660700004,-5.1292307469999514],[119.48900165400005,-5.1292318449999357],[119.4890021970001,-5.1292180919999737],[119.48906779300012,-5.1292202279999515],[119.48906835000003,-5.1292100629999595],[119.48907490900001,-5.1292100369999503],[119.48907702600002,-5.1291594939999641],[119.48907046500005,-5.129158921999931],[119.48907505200009,-5.1291116749999333],[119.48932134000006,-5.1291208779999806],[119.48934505800003,-5.12912083599997],[119.48934256900009,-5.1291720289999603],[119.48933600800001,-5.1291714569999272],[119.48933411400003,-5.1292210849999265],[119.48933978200012,-5.1292219599999385],[119.48933982200003,-5.1292324219999728],[119.48940571800006,-5.129234854999936],[119.48940665500004,-5.1292459109999413],[119.48943915500001,-5.1292469799999481],[119.48943941100003,-5.12923621799996],[119.48945491300003,-5.1292361579999692],[119.48945526300008,-5.1292493089999311],[119.48948955100002,-5.1292503709999551],[119.48948979800002,-5.1292372179999575],[119.48950411100009,-5.1292377599999668],[119.48950445200001,-5.1292488179999509],[119.48953844200003,-5.1292498809999643],[119.48953870000003,-5.1292394179999405],[119.48955777800006,-5.129239044999963],[119.48956019800005,-5.129171180999947],[119.48941259800006,-5.1291639849999342],[119.48941286900003,-5.1291571079999585],[119.4894227100001,-5.129157667999948],[119.48942440700012,-5.1291340469999795],[119.48941367100008,-5.1291331919999266],[119.4894139490001,-5.1291281089999643],[119.48945867200007,-5.1291291309999565],[119.48946048700009,-5.1290588779999666],[119.48941754800001,-5.1290566539999531],[119.48941753100007,-5.1290521699999658],[119.48934805900001,-5.1290500499999325],[119.48934773600001,-5.129056845999969],[119.48932525900011,-5.129055100999949],[119.48929254900008,-5.1290531469999792],[119.48929231400007,-5.1290388719999669],[119.48926440200012,-5.1290370679999455],[119.48926443900007,-5.1290514669999538],[119.48925011400001,-5.1290506109999683],[119.48925065700007,-5.1290368589999389],[119.48921845000007,-5.1290345929999717],[119.48921849900012,-5.1290471469999375],[119.48920478500008,-5.1290472009999348],[119.4892041380001,-5.1290340509999623],[119.48917134200008,-5.1290335809999306],[119.48917018900011,-5.1290437479999582],[119.48915409300002,-5.1290444089999596],[119.48915523700009,-5.129031849999933],[119.48912363400007,-5.1290313749999541],[119.48912248500005,-5.1290427389999422],[119.48910697800011,-5.1290416029999619],[119.48910813400005,-5.1290320339999766]]]},"properties":{"OBJECTID":225,"Id":224,"KODE":" ","BANGUNAN":"Ramsis Unhas","UNIT":" ","LOKASI":"Kampus Unhas Tamalanrea","TAHUN":2021,"Skala":"1 : 100","Luas_m2":945.63999999999999,"FOTO":" ","Shape_Length":0.0024666432261105167,"Shape_Area":7.7041343990397173e-08}},{"type":"Feature","id":226,"geometry":{"type":"Polygon","coordinates":[[[119.49337616300011,-5.1309835869999461],[119.4933470630001,-5.1309827439999367],[119.49334615000009,-5.1309932699999763],[119.49327841100001,-5.1309920989999682],[119.49327796000011,-5.1309987969999611],[119.49327390600001,-5.130999051999936],[119.4932736510001,-5.1309947479999778],[119.49323239000012,-5.13099466999995],[119.49322881800003,-5.1310575759999324],[119.49327247300005,-5.1310597969999776],[119.49327245300003,-5.1310547759999281],[119.49327579300007,-5.1310550019999255],[119.49327512400009,-5.1310669609999309],[119.49326200600001,-5.13106701199996],[119.49326068800008,-5.1310959529999423],[119.49327261600001,-5.1310966229999622],[119.49327262200006,-5.1310982969999372],[119.49313951600004,-5.1310925999999313],[119.49313882100012,-5.1310978629999795],[119.49312951900004,-5.1310976599999663],[119.4931252450001,-5.1311026989999391],[119.4931219020001,-5.1311629739999489],[119.49314218000006,-5.1311643289999438],[119.4931412740001,-5.1311767679999321],[119.49317323600008,-5.131177359999981],[119.49317342900008,-5.1311656419999281],[119.49319036600002,-5.131166531999952],[119.49318946700009,-5.1311808839999458],[119.4932221470001,-5.1311821909999367],[119.49322161400005,-5.1311678449999363],[119.49323878900009,-5.1311684959999297],[119.4932388420001,-5.1311821259999419],[119.4932700920001,-5.1311836779999567],[119.49326979900002,-5.1311698089999709],[119.49333682400004,-5.1311712209999314],[119.49334164800007,-5.1310623969999369],[119.49349145400004,-5.1310694639999497],[119.49349176900012,-5.1310693879999576],[119.49349173200005,-5.1310693429999787],[119.49349445500002,-5.1310029729999656],[119.49347473500006,-5.1310018549999654],[119.4934737320001,-5.1309891839999295],[119.49344391200009,-5.1309873879999373],[119.49344300100006,-5.1309983919999809],[119.49342606300002,-5.1309972619999371],[119.49342554600003,-5.1309869809999782],[119.49339501100008,-5.1309851869999648],[119.49339409800007,-5.1309957129999475],[119.49337692000006,-5.1309943449999764],[119.49337616300011,-5.1309835869999461]]]},"properties":{"OBJECTID":226,"Id":225,"KODE":" ","BANGUNAN":"Asrama Mahasiswa Ramsis","UNIT":" ","LOKASI":"Kampus Unhas Tamalanrea","TAHUN":2021,"Skala":"1 : 100","Luas_m2":469.18000000000001,"FOTO":" ","Shape_Length":0.0013547976612781037,"Shape_Area":3.8224251081468704e-08}},{"type":"Feature","id":227,"geometry":{"type":"Polygon","coordinates":[[[119.49309513900005,-5.1311499259999778],[119.4931238800001,-5.1311273089999645],[119.49312478800005,-5.1311109429999533],[119.49309531400002,-5.1311334249999732],[119.49309513900005,-5.1311499259999778]]]},"properties":{"OBJECTID":227,"Id":226,"KODE":" ","BANGUNAN":"Asrama Mahasiswa Ramsis","UNIT":" ","LOKASI":"Kampus Unhas Tamalanrea","TAHUN":2021,"Skala":"1 : 100","Luas_m2":5.7199999999999998,"FOTO":" ","Shape_Length":0.00010653557633606611,"Shape_Area":4.6612754883885469e-10}},{"type":"Feature","id":228,"geometry":{"type":"Polygon","coordinates":[[[119.49309531400002,-5.1311334249999732],[119.49309729600009,-5.1310910899999271],[119.49307582200004,-5.1310887829999388],[119.49307530400006,-5.1310782629999494],[119.49304644400002,-5.1310778969999546],[119.4930460060001,-5.1310879429999545],[119.49302764200002,-5.1310882539999625],[119.49302760000012,-5.1310774929999639],[119.49299658900009,-5.1310759399999597],[119.49299639100002,-5.1310862229999543],[119.49297945600006,-5.1310860499999649],[119.49297941100008,-5.1310743329999582],[119.49294888000009,-5.1310734959999422],[119.49294820500006,-5.1310840199999461],[119.49283586000001,-5.1310813499999313],[119.49283348500001,-5.131145207999964],[119.49286616600011,-5.1311467539999285],[119.49286416900009,-5.1311852629999635],[119.49273964800011,-5.1311792919999561],[119.49273919100006,-5.1311845549999475],[119.4927270280001,-5.1311846019999621],[119.49272532400005,-5.1312372189999564],[119.49273248100008,-5.1312376689999724],[119.4927320590001,-5.1312517789999674],[119.49274422200006,-5.1312517319999529],[119.49274379700012,-5.1312651249999703],[119.49277623600005,-5.1312659549999466],[119.49277666800003,-5.1312542359999611],[119.49279360300011,-5.131254647999981],[119.49279365400002,-5.1312677999999323],[119.49282466400007,-5.1312688749999325],[119.49282532900008,-5.1312559589999296],[119.49284178900007,-5.1312568509999323],[119.49284136100005,-5.1312695269999722],[119.49287308900011,-5.1312713159999248],[119.49287328000003,-5.1312591189999353],[119.49293935600008,-5.1312619699999686],[119.49294488600003,-5.1311505119999765],[119.49305414200001,-5.1311563029999547],[119.49305368400007,-5.1311613269999725],[119.49308302200006,-5.131161929999962],[119.49308324300011,-5.1311573849999377],[119.49309469400009,-5.1311580579999259],[119.49309513900005,-5.1311499259999778],[119.49309531400002,-5.1311334249999732]]]},"properties":{"OBJECTID":228,"Id":227,"KODE":" ","BANGUNAN":"Asrama Mahasiswa Ramsis","UNIT":" ","LOKASI":"Kampus Unhas Tamalanrea","TAHUN":2021,"Skala":"1 : 100","Luas_m2":469.10000000000002,"FOTO":" ","Shape_Length":0.0012963679819245663,"Shape_Area":3.8217337627104074e-08}},{"type":"Feature","id":229,"geometry":{"type":"Polygon","coordinates":[[[119.49329193500012,-5.130893202999971],[119.49328619700009,-5.1309922339999616],[119.49330354800009,-5.1309925339999722],[119.4933112440001,-5.1308292789999541],[119.49330489800002,-5.1308287259999474],[119.49330075800003,-5.1308926899999392],[119.49329193500012,-5.130893202999971]]]},"properties":{"OBJECTID":229,"Id":228,"KODE":" ","BANGUNAN":"Asrama Mahasiswa Ramsis","UNIT":" ","LOKASI":"Kampus Unhas Tamalanrea","TAHUN":2021,"Skala":"1 : 100","Luas_m2":25.989999999999998,"FOTO":" ","Shape_Length":0.00035929277460499054,"Shape_Area":2.11722450385652e-09}},{"type":"Feature","id":230,"geometry":{"type":"Polygon","coordinates":[[[119.49330489800002,-5.1308287259999474],[119.49329549800007,-5.1308279059999791],[119.49329523900008,-5.130822645999956],[119.49315711400004,-5.130814336999947],[119.49316148200012,-5.1307107749999545],[119.49309444800008,-5.1307069719999276],[119.49309511800004,-5.1306952509999633],[119.4930648190001,-5.130692738999926],[119.49306366200005,-5.1307018309999535],[119.49304839300009,-5.1307006949999732],[119.4930485970001,-5.1306916069999602],[119.49301687000002,-5.1306900569999812],[119.4930159590001,-5.1307010609999679],[119.49299854300011,-5.1306996939999294],[119.49299850300008,-5.1306894109999348],[119.49296772900004,-5.1306876179999676],[119.49296683000011,-5.130701730999931],[119.49294702700001,-5.1306998949999638],[119.4929429880001,-5.1307651939999346],[119.49307919900002,-5.1307720749999248],[119.49307650200001,-5.1308146519999696],[119.49304573100005,-5.13081357599998],[119.49304384100003,-5.1308795849999456],[119.49308630000007,-5.1308810929999709],[119.49308631300005,-5.1308844409999779],[119.49315310400004,-5.1308870489999663],[119.49315363000005,-5.1308997209999347],[119.49318368600007,-5.1309010389999798],[119.49318411400009,-5.13088836299994],[119.49320152600001,-5.130888772999981],[119.49320086700004,-5.130903362999959],[119.4932321120001,-5.1309037189999458],[119.49323253800003,-5.1308905649999588],[119.49325018700006,-5.1308904959999495],[119.4932502370001,-5.1309034089999273],[119.49328148300003,-5.1309040049999339],[119.4932819170001,-5.130893002999926],[119.49329193500012,-5.130893202999971],[119.49330075800003,-5.1308926899999392],[119.49330489800002,-5.1308287259999474]]]},"properties":{"OBJECTID":230,"Id":229,"KODE":" ","BANGUNAN":"Asrama Mahasiswa Ramsis","UNIT":" ","LOKASI":"Kampus Unhas Tamalanrea","TAHUN":2021,"Skala":"1 : 100","Luas_m2":466.95999999999998,"FOTO":" ","Shape_Length":0.0012766306052576963,"Shape_Area":3.8043535604131586e-08}},{"type":"Feature","id":231,"geometry":{"type":"Polygon","coordinates":[[[119.49279230000002,-5.1308996969999612],[119.49276009900007,-5.1308987469999465],[119.49275870700001,-5.1309087959999715],[119.49264814500009,-5.130904563999934],[119.49264447700011,-5.1309734489999528],[119.49267775800001,-5.1309758299999544],[119.49267538800007,-5.1310106329999599],[119.49254943500011,-5.1310043099999803],[119.49254910500008,-5.1310114849999309],[119.49253980100002,-5.1310108039999704],[119.49253576700005,-5.1310775379999427],[119.49255723500005,-5.1310781719999454],[119.4925565740001,-5.1310921639999378],[119.49258305000001,-5.1310927779999247],[119.49258361900002,-5.1310810549999246],[119.49260375200004,-5.1310805009999285],[119.49260314900005,-5.1310918499999616],[119.49262740600011,-5.1310916349999616],[119.49262736800006,-5.131081819999963],[119.49265522900009,-5.131081561999963],[119.49265519900007,-5.1310825579999459],[119.49265482300007,-5.1310949369999435],[119.49268466100011,-5.1310952509999765],[119.4926849740001,-5.1310837709999646],[119.49275081200005,-5.1310867419999795],[119.4927564840001,-5.1309812619999775],[119.49289245300008,-5.1309871879999491],[119.49288950300001,-5.1310826249999764],[119.49290570100004,-5.1310830099999407],[119.4929116720001,-5.1309616449999567],[119.49290559100007,-5.1309616689999302],[119.49290720500005,-5.1309168249999288],[119.49288788300009,-5.1309158239999419],[119.49288783800012,-5.1309043459999657],[119.4928581370001,-5.1309023099999536],[119.4928574600001,-5.1309123559999534],[119.49283921100005,-5.130911350999952],[119.49283952700011,-5.1309005889999639],[119.49280911300002,-5.1308992729999545],[119.49280843600002,-5.1309093189999544],[119.49279198200009,-5.1309097419999716],[119.49279230000002,-5.1308996969999612]]]},"properties":{"OBJECTID":231,"Id":230,"KODE":" ","BANGUNAN":"Asrama Mahasiswa Ramsis","UNIT":" ","LOKASI":"Kampus Unhas Tamalanrea","TAHUN":2021,"Skala":"1 : 100","Luas_m2":500.18000000000001,"FOTO":" ","Shape_Length":0.0014800808852036911,"Shape_Area":4.0750059540980885e-08}},{"type":"Feature","id":232,"geometry":{"type":"Polygon","coordinates":[[[119.49273590900009,-5.1305676449999282],[119.49271825900007,-5.1305672359999335],[119.49270183700003,-5.1309066189999726],[119.49272198900007,-5.130907390999937],[119.49273590900009,-5.1305676449999282]]]},"properties":{"OBJECTID":232,"Id":231,"KODE":" ","BANGUNAN":"Asrama Mahasiswa Ramsis","UNIT":" ","LOKASI":"Kampus Unhas Tamalanrea","TAHUN":2021,"Skala":"1 : 100","Luas_m2":78.890000000000001,"FOTO":" ","Shape_Length":0.00071763264417219188,"Shape_Area":6.4270671012487616e-09}},{"type":"Feature","id":233,"geometry":{"type":"Polygon","coordinates":[[[119.49273590900009,-5.1305676449999282],[119.49289120000003,-5.1305744519999621],[119.49289898100005,-5.1304285499999764],[119.49284268600002,-5.1304263779999246],[119.49284489800004,-5.1303816519999259],[119.49270868300005,-5.1303738139999382],[119.49270671500005,-5.1304197349999754],[119.49249871200004,-5.130411937999952],[119.49249849600005,-5.1304179169999315],[119.49245722700005,-5.1304156869999247],[119.4924552220001,-5.1304520429999343],[119.49248622900006,-5.1304526399999304],[119.49248380300003,-5.1305035849999285],[119.49249477500007,-5.130503780999959],[119.49249259600003,-5.1305568769999468],[119.49253768100004,-5.1305588529999682],[119.49253547700005,-5.1306054929999618],[119.49268026600009,-5.1306104279999545],[119.49268247700002,-5.1305657009999663],[119.49271825900007,-5.1305672359999335],[119.49273590900009,-5.1305676449999282]]]},"properties":{"OBJECTID":233,"Id":232,"KODE":" ","BANGUNAN":"UPT Unhas","UNIT":" ","LOKASI":"Kampus Unhas Tamalanrea","TAHUN":2021,"Skala":"1 : 100","Luas_m2":898.94000000000005,"FOTO":" ","Shape_Length":0.0013580174965414312,"Shape_Area":7.3236762788347612e-08}},{"type":"Feature","id":234,"geometry":{"type":"Polygon","coordinates":[[[119.49235137100004,-5.1304706089999286],[119.49223257200003,-5.1304642569999714],[119.49223490800011,-5.1304208449999464],[119.49224241800005,-5.1304200989999345],[119.49224401300012,-5.130370232999951],[119.49223721600004,-5.1303702589999602],[119.49223681900003,-5.1303602169999749],[119.49217133900004,-5.1303572449999706],[119.49217129300007,-5.1303454079999256],[119.4921419530001,-5.130344086999969],[119.49214128000006,-5.1303552099999479],[119.49212267300004,-5.1303542059999359],[119.49212370600003,-5.1303437999999346],[119.49209114100006,-5.1303414159999647],[119.49209046900012,-5.1303525379999542],[119.49207401100011,-5.1303522439999369],[119.49207397000009,-5.1303414829999383],[119.4920439120001,-5.1303398069999275],[119.49204251900005,-5.1303494969999406],[119.49202105500001,-5.1303499399999737],[119.49201702000005,-5.130416314999934],[119.49216694900008,-5.1304243389999442],[119.49216531900004,-5.130465236999953],[119.49211915600006,-5.1304618299999447],[119.49211656000011,-5.130530351999937],[119.49216236400002,-5.1305334019999691],[119.49216237200005,-5.1305355539999482],[119.49222784500012,-5.1305367329999285],[119.49222789800001,-5.1305503639999301],[119.4922597420001,-5.1305513149999342],[119.49225969400004,-5.1305391199999804],[119.49227758300003,-5.1305394089999368],[119.49227691600004,-5.1305519659999277],[119.49230768700011,-5.1305529219999357],[119.49230764200001,-5.1305414439999595],[119.49232589000007,-5.130542089999949],[119.49232521600004,-5.1305528529999265],[119.4923559880001,-5.1305541679999465],[119.4923563000001,-5.1305423299999688],[119.49237704800009,-5.1305418899999609],[119.49238036800011,-5.1304755179999688],[119.49236963500005,-5.1304755589999331],[119.4923697050001,-5.1304709039999352],[119.49235137100004,-5.1304706089999286]]]},"properties":{"OBJECTID":234,"Id":233,"KODE":" ","BANGUNAN":"Asrama Mahasiswa Ramsis","UNIT":" ","LOKASI":"Kampus Unhas Tamalanrea","TAHUN":2021,"Skala":"1 : 100","Luas_m2":471.25,"FOTO":" ","Shape_Length":0.0013251016877581991,"Shape_Area":3.8392981809661704e-08}},{"type":"Feature","id":235,"geometry":{"type":"Polygon","coordinates":[[[119.4923771230001,-5.1302847009999368],[119.4923620940001,-5.1302840429999605],[119.49235137100004,-5.1304706089999286],[119.4923697050001,-5.1304709039999352],[119.49237020300006,-5.1304375349999418],[119.49245578800003,-5.1304417649999436],[119.49245659300004,-5.1304271879999419],[119.49237050200009,-5.1304224679999493],[119.4923771230001,-5.1302847009999368]]]},"properties":{"OBJECTID":235,"Id":234,"KODE":" ","BANGUNAN":"Asrama Mahasiswa Ramsis","UNIT":" ","LOKASI":"Kampus Unhas Tamalanrea","TAHUN":2021,"Skala":"1 : 100","Luas_m2":52.549999999999997,"FOTO":" ","Shape_Length":0.00057806136832868986,"Shape_Area":4.2815719572676899e-09}},{"type":"Feature","id":236,"geometry":{"type":"Polygon","coordinates":[[[119.4923771230001,-5.1302847009999368],[119.49238570900002,-5.1302846679999448],[119.49238575400011,-5.1302965049999329],[119.49241688400002,-5.1302978179999741],[119.49241683800005,-5.1302859809999291],[119.49243473000001,-5.1302869869999768],[119.49243442000011,-5.1302995429999783],[119.49246447400003,-5.1303001429999426],[119.49246442700007,-5.1302879479999319],[119.49248375200011,-5.1302896659999533],[119.49248342800001,-5.1302982759999622],[119.49251349200006,-5.1303017459999296],[119.49251417100004,-5.1302924169999642],[119.49253563900004,-5.1302930499999775],[119.49253859000009,-5.1302238099999613],[119.4925271410001,-5.1302234959999282],[119.49252676800006,-5.1302195509999251],[119.4923886580001,-5.1302150679999272],[119.49238864400002,-5.130211481999936],[119.4924029550001,-5.1302117839999255],[119.49240428300004,-5.1301852349999422],[119.49239104000003,-5.1301834939999367],[119.49239169500004,-5.1301680669999428],[119.49239598800011,-5.130168049999952],[119.49239566500012,-5.1301770189999729],[119.49243788900003,-5.1301793649999468],[119.49243977300011,-5.1301115629999572],[119.49239827000008,-5.1301106489999597],[119.49239828000009,-5.1301131599999508],[119.4923943440001,-5.1301131749999627],[119.49239360700005,-5.1301074389999712],[119.49233707800011,-5.1301065829999288],[119.49233706900009,-5.1301040729999272],[119.49232848300005,-5.1301041059999761],[119.49232915200002,-5.1300922659999628],[119.49229766700012,-5.1300913129999799],[119.49229734500011,-5.1301006409999559],[119.49228017200005,-5.1301003489999744],[119.49228049300007,-5.1300910209999415],[119.49225007500002,-5.1300886289999426],[119.49224939700002,-5.1300983169999768],[119.49223115200004,-5.1300983879999649],[119.49223147200007,-5.1300887019999664],[119.4922010570001,-5.130087026999945],[119.49220037800001,-5.1300963559999673],[119.49217926900008,-5.1300960799999302],[119.49217667500011,-5.130164959999945],[119.49232552500007,-5.1301715529999683],[119.49232251000001,-5.1302242939999587],[119.49231499600012,-5.1302239649999706],[119.49231197000006,-5.130273835999958],[119.49232020200009,-5.1302748799999449],[119.49231987300004,-5.1302824139999643],[119.4923620940001,-5.1302840429999605],[119.4923771230001,-5.1302847009999368]]]},"properties":{"OBJECTID":236,"Id":235,"KODE":" ","BANGUNAN":"Asrama Mahasiswa Ramsis","UNIT":" ","LOKASI":"Kampus Unhas Tamalanrea","TAHUN":2021,"Skala":"1 : 100","Luas_m2":470.93000000000001,"FOTO":" ","Shape_Length":0.0013758638865520802,"Shape_Area":3.8366508352219021e-08}},{"type":"Feature","id":237,"geometry":{"type":"Polygon","coordinates":[[[119.49253202700004,-5.1307243419999509],[119.49249982000003,-5.1307219569999347],[119.49249950400008,-5.1307327189999796],[119.49238788100001,-5.1307317199999716],[119.49238849100004,-5.1307966419999502],[119.49243036000007,-5.1307997069999374],[119.49242942000001,-5.1308341459999269],[119.49228880400005,-5.1308289559999594],[119.49228882600005,-5.1308346949999759],[119.49228023900002,-5.1308343699999455],[119.49227548900001,-5.1309011069999428],[119.49229659900004,-5.130901741999935],[119.49229664800009,-5.1309142959999576],[119.49232634800001,-5.1309159739999473],[119.49232737200009,-5.1309034149999775],[119.49234526200007,-5.1309040629999458],[119.49234495200005,-5.1309162599999354],[119.4923757250001,-5.1309179329999779],[119.49237603100005,-5.1309046599999419],[119.49239464000004,-5.1309060219999765],[119.49239432900004,-5.130918218999966],[119.4924247460001,-5.1309202529999425],[119.49242505500001,-5.130907696999941],[119.49249053400001,-5.1309103109999796],[119.49249156400003,-5.1308991869999545],[119.49249943300003,-5.1308987979999756],[119.49250212400011,-5.1308546669999373],[119.49249353500011,-5.1308539829999518],[119.49249621300009,-5.1308066239999448],[119.49263503800012,-5.1308111039999744],[119.49263502000008,-5.1308064409999474],[119.49264539500007,-5.1308064009999725],[119.4926459620001,-5.1308063779999316],[119.49264907100007,-5.1307396679999329],[119.49262867400012,-5.130738312999938],[119.49262863500007,-5.1307282689999738],[119.49259857700008,-5.130726592999963],[119.4925982630001,-5.130737713999963],[119.49258108700008,-5.1307367049999471],[119.49258104600005,-5.1307263029999604],[119.4925492000001,-5.1307246339999324],[119.49254959900009,-5.1307353929999522],[119.49253171100008,-5.1307351039999389],[119.49253202700004,-5.1307243419999509]]]},"properties":{"OBJECTID":237,"Id":236,"KODE":" ","BANGUNAN":"Asrama Mahasiswa Ramsis","UNIT":" ","LOKASI":"Kampus Unhas Tamalanrea","TAHUN":2021,"Skala":"1 : 100","Luas_m2":474.95999999999998,"FOTO":" ","Shape_Length":0.0013188879270660593,"Shape_Area":3.8695142605687197e-08}},{"type":"Feature","id":238,"geometry":{"type":"Polygon","coordinates":[[[119.49212130600006,-5.1307648039999663],[119.49170340000001,-5.1304749909999714],[119.49168118000011,-5.1305109469999479],[119.49209700200004,-5.130801665999968],[119.49212130600006,-5.1307648039999663]]]},"properties":{"OBJECTID":238,"Id":237,"KODE":" ","BANGUNAN":"Parkiran Motor","UNIT":" ","LOKASI":"Kampus Unhas Tamalanrea","TAHUN":2021,"Skala":"1 : 100","Luas_m2":269.18000000000001,"FOTO":" ","Shape_Length":0.0011023555940391791,"Shape_Area":2.1929769050564844e-08}},{"type":"Feature","id":239,"geometry":{"type":"Polygon","coordinates":[[[119.49208870200005,-5.1306603109999287],[119.49174463600002,-5.1304225189999784],[119.49172090900004,-5.1304542969999716],[119.49206498500007,-5.1306955139999673],[119.49208870200005,-5.1306603109999287]]]},"properties":{"OBJECTID":239,"Id":238,"KODE":" ","BANGUNAN":"Parkiran Motor","UNIT":" ","LOKASI":"Kampus Unhas Tamalanrea","TAHUN":2021,"Skala":"1 : 100","Luas_m2":211.18000000000001,"FOTO":" ","Shape_Length":0.00092055479193734521,"Shape_Area":1.7204635575594579e-08}},{"type":"Feature","id":240,"geometry":{"type":"Polygon","coordinates":[[[119.49203735800006,-5.1305431859999544],[119.49183361600001,-5.1304044459999432],[119.49181013300006,-5.1304375379999669],[119.49201449200007,-5.1305759079999689],[119.49203735800006,-5.1305431859999544]]]},"properties":{"OBJECTID":240,"Id":239,"KODE":" ","BANGUNAN":"Parkiran Motor","UNIT":" ","LOKASI":"Kampus Unhas Tamalanrea","TAHUN":2021,"Skala":"1 : 100","Luas_m2":121.83,"FOTO":" ","Shape_Length":0.00057378899281147549,"Shape_Area":9.9256326522418036e-09}},{"type":"Feature","id":241,"geometry":{"type":"Polygon","coordinates":[[[119.49290080500009,-5.1312603069999341],[119.49288200800004,-5.1312594959999274],[119.49287579600002,-5.1314150829999789],[119.49288086500007,-5.1314153619999274],[119.49287806000007,-5.1314608089999751],[119.49290817200006,-5.1314609899999368],[119.49290762400005,-5.1314735469999277],[119.49293237200004,-5.1314743469999371],[119.49293262700007,-5.1314632859999278],[119.49294723500009,-5.1314632289999622],[119.49294698600011,-5.1314757839999743],[119.49297889400009,-5.1314780509999309],[119.49297973800003,-5.1314651939999294],[119.49299673600001,-5.1314663229999269],[119.49299678500006,-5.131478877999939],[119.49302242300007,-5.1314787779999733],[119.49302297400004,-5.1314671179999323],[119.49309482400008,-5.1314674349999336],[119.49309827900004,-5.1313592139999287],[119.49324557500006,-5.1313646169999743],[119.49325219600007,-5.131303910999975],[119.49322595300009,-5.1313019209999311],[119.49322648800012,-5.1312860759999808],[119.49319934900007,-5.1312837909999303],[119.49319880300004,-5.1312966459999529],[119.49318150900001,-5.1312958169999661],[119.49318205700001,-5.1312835589999395],[119.49315045000003,-5.1312821879999433],[119.49314990100004,-5.1312941469999487],[119.49313349900001,-5.1312930149999261],[119.49313404300005,-5.1312795619999747],[119.49310154700004,-5.1312793899999747],[119.49310189100004,-5.1312913449999655],[119.49298024700011,-5.1312891299999706],[119.49297752100006,-5.1313549019999414],[119.49301926700002,-5.1313568319999376],[119.4930173250001,-5.1313942039999461],[119.49289447100011,-5.1313875099999677],[119.49290080500009,-5.1312603069999341]]]},"properties":{"OBJECTID":241,"Id":240,"KODE":" ","BANGUNAN":"Asrama Mahasiswa Ramsis","UNIT":" ","LOKASI":"Kampus Unhas Tamalanrea","TAHUN":2021,"Skala":"1 : 100","Luas_m2":505.94999999999999,"FOTO":" ","Shape_Length":0.0015781005952460402,"Shape_Area":4.1219833744436132e-08}},{"type":"Feature","id":242,"geometry":{"type":"Polygon","coordinates":[[[119.49320245300009,-5.1310716729999513],[119.49320573700004,-5.1309325499999545],[119.49313418000008,-5.1309310359999358],[119.4931341250001,-5.1310703319999789],[119.49320210400003,-5.1310718599999632],[119.49320245300009,-5.1310716729999513]]]},"properties":{"OBJECTID":242,"Id":241,"KODE":" ","BANGUNAN":"Lapangan Basket","UNIT":" ","LOKASI":"Kampus Unhas Tamalanrea","TAHUN":2021,"Skala":"1 : 100","Luas_m2":119.62,"FOTO":" ","Shape_Length":0.00041842289224067018,"Shape_Area":9.7456663360209872e-09}},{"type":"Feature","id":243,"geometry":{"type":"Polygon","coordinates":[[[119.49214121000011,-5.1324189769999293],[119.49190618600005,-5.132408623999936],[119.49190077900005,-5.1325364929999751],[119.49213633600004,-5.1325457369999299],[119.49214121000011,-5.1324189769999293]]]},"properties":{"OBJECTID":243,"Id":242,"KODE":" ","BANGUNAN":"Lapangan Basket","UNIT":" ","LOKASI":"Kampus Unhas Tamalanrea","TAHUN":2021,"Skala":"1 : 100","Luas_m2":368.31,"FOTO":" ","Shape_Length":0.00072582716797849284,"Shape_Area":3.0006261560116218e-08}},{"type":"Feature","id":244,"geometry":{"type":"Polygon","coordinates":[[[119.49210403000006,-5.1320574319999537],[119.49192512200011,-5.1320491629999765],[119.49191085400003,-5.1323672669999496],[119.49191085600012,-5.1323673049999456],[119.49208975600004,-5.1323737419999702],[119.49210403000006,-5.1320574319999537]]]},"properties":{"OBJECTID":244,"Id":243,"KODE":" ","BANGUNAN":"Lapangan Tenis","UNIT":" ","LOKASI":"Kampus Unhas Tamalanrea","TAHUN":2021,"Skala":"1 : 100","Luas_m2":697.89999999999998,"FOTO":" ","Shape_Length":0.0009932085387449423,"Shape_Area":5.6858516803825834e-08}},{"type":"Feature","id":245,"geometry":{"type":"Polygon","coordinates":[[[119.49163579600008,-5.1328236429999379],[119.4916048770001,-5.1328026089999526],[119.49138187900007,-5.1331101679999733],[119.4914135680001,-5.1331327619999456],[119.49163579600008,-5.1328236429999379]]]},"properties":{"OBJECTID":245,"Id":244,"KODE":" ","BANGUNAN":"Parkiran Motor","UNIT":" ","LOKASI":"Kampus Unhas Tamalanrea","TAHUN":2021,"Skala":"1 : 100","Luas_m2":178.08000000000001,"FOTO":" ","Shape_Length":0.00083691950676063225,"Shape_Area":1.4508324034994598e-08}},{"type":"Feature","id":246,"geometry":{"type":"Polygon","coordinates":[[[119.49159303400006,-5.1327936339999383],[119.49159231900001,-5.1327930919999289],[119.49156003600001,-5.1327710979999779],[119.4913210200001,-5.1330996449999589],[119.4913509160001,-5.1331210499999429],[119.49159303400006,-5.1327936339999383]]]},"properties":{"OBJECTID":246,"Id":245,"KODE":" ","BANGUNAN":"Parkiran Motor","UNIT":" ","LOKASI":"Kampus Unhas Tamalanrea","TAHUN":2021,"Skala":"1 : 100","Luas_m2":191.49000000000001,"FOTO":" ","Shape_Length":0.00089023233023729467,"Shape_Area":1.5600297341811063e-08}},{"type":"Feature","id":247,"geometry":{"type":"Polygon","coordinates":[[[119.49133798800005,-5.132352080999965],[119.49121339300007,-5.132346254999959],[119.49121368800002,-5.1325758219999784],[119.49133413600009,-5.1325771459999601],[119.49133798800005,-5.132352080999965]]]},"properties":{"OBJECTID":247,"Id":246,"KODE":" ","BANGUNAN":"Kantin","UNIT":" ","LOKASI":"Kampus Unhas Tamalanrea","TAHUN":2021,"Skala":"1 : 100","Luas_m2":341.93000000000001,"FOTO":" ","Shape_Length":0.00069985156353504462,"Shape_Area":2.7857455439625765e-08}},{"type":"Feature","id":248,"geometry":{"type":"Polygon","coordinates":[[[119.49112071000002,-5.1311169409999593],[119.49106227800007,-5.1311171689999355],[119.49105766600007,-5.1313114839999798],[119.49111900200012,-5.1313130359999377],[119.49112071000002,-5.1311169409999593]]]},"properties":{"OBJECTID":248,"Id":247,"KODE":" ","BANGUNAN":"Parkiran Motor","UNIT":" ","LOKASI":"Kampus Unhas Tamalanrea","TAHUN":2021,"Skala":"1 : 100","Luas_m2":143.50999999999999,"FOTO":" ","Shape_Length":0.00051026023968061,"Shape_Area":1.1691748139687221e-08}},{"type":"Feature","id":249,"geometry":{"type":"Polygon","coordinates":[[[119.49125254300009,-5.1293399749999367],[119.49121938300004,-5.129337952999947],[119.49121896100007,-5.1293520629999421],[119.49110660700001,-5.1293470009999282],[119.49109890900002,-5.1294527279999329],[119.49101136400009,-5.1294490049999695],[119.49101066800006,-5.1294540289999304],[119.49100184100007,-5.1294533459999343],[119.49099591100003,-5.1295231959999796],[119.49101451400009,-5.1295231239999453],[119.49101504000009,-5.1295357959999706],[119.49104890600006,-5.1295354249999718],[119.49104934100001,-5.1295246619999375],[119.49106436600005,-5.1295246029999362],[119.49106489100006,-5.129537035999931],[119.4910975680001,-5.1295376259999443],[119.49109824100003,-5.129526622999947],[119.49111255100001,-5.1295265679999602],[119.49111235700002,-5.1295380469999259],[119.4911457500001,-5.1295388729999445],[119.49114638700007,-5.1295274919999656],[119.49121460700007,-5.1295298559999765],[119.49121550600012,-5.1295155049999721],[119.49121765000007,-5.1295150179999496],[119.49121964300002,-5.129475313999933],[119.49121725600003,-5.1294748449999474],[119.49121719900006,-5.1294602579999378],[119.49116782500005,-5.1294590159999416],[119.49116803800007,-5.1294525579999686],[119.49117948800006,-5.1294529919999263],[119.4911815050001,-5.1294195049999303],[119.49149136700009,-5.1294321669999476],[119.49153692900006,-5.1294343799999638],[119.49153517900004,-5.1294750399999316],[119.49148389400011,-5.1294733269999711],[119.49148034900008,-5.129543167999941],[119.49155143300004,-5.1295457599999281],[119.49155146900011,-5.1295550859999253],[119.4915831940001,-5.1295563969999307],[119.49158363600009,-5.1295473079999283],[119.4916000930001,-5.1295474829999534],[119.49160037600006,-5.1295589609999297],[119.49163305200011,-5.12955931099998],[119.49163301400006,-5.1295492679999484],[119.49164780100011,-5.1295494489999669],[119.49164807400007,-5.1295582959999706],[119.49167884000008,-5.1295581759999322],[119.49167929000009,-5.1295512399999552],[119.49169813600008,-5.1295523619999699],[119.49170166800002,-5.129482535999955],[119.49169265100011,-5.1294819779999443],[119.49169239700007,-5.1294779139999491],[119.4916205940001,-5.1294743679999328],[119.49162036600001,-5.1294769989999622],[119.49160629100004,-5.129476097999941],[119.49160733300005,-5.1294373539999469],[119.49160399200002,-5.129436888999976],[119.49160612800006,-5.1293727919999696],[119.49157750900008,-5.1293729039999789],[119.49157749200003,-5.1293685999999639],[119.49149710500001,-5.1293653259999701],[119.4914972790001,-5.1293488249999655],[119.49146150000001,-5.1293477689999349],[119.49146131100008,-5.129360682999959],[119.49144795300003,-5.129360017999943],[119.49144885300007,-5.1293461449999427],[119.49141426900007,-5.1293458009999426],[119.49141431600003,-5.1293579969999428],[119.49139928900001,-5.1293575769999507],[119.49139947300011,-5.129343467999945],[119.49136489400007,-5.1293445589999465],[119.49136469900009,-5.129355559999965],[119.49135038700001,-5.1293551369999477],[119.49135081700001,-5.1293429399999582],[119.49131599100008,-5.1293418799999699],[119.49131532600006,-5.1293547959999728],[119.49130173000003,-5.1293543709999767],[119.49130287000003,-5.1293409749999341],[119.49126780800009,-5.1293403939999394],[119.49126738200005,-5.1293535479999264],[119.49125187700008,-5.1293528909999395],[119.49125254300009,-5.1293399749999367]]]},"properties":{"OBJECTID":249,"Id":248,"KODE":" ","BANGUNAN":"Asrama Mahasiswa Ramsis","UNIT":" ","LOKASI":"Kampus Unhas Tamalanrea","TAHUN":2021,"Skala":"1 : 100","Luas_m2":940.51999999999998,"FOTO":" ","Shape_Length":0.0024708447846969604,"Shape_Area":7.6624401971829339e-08}},{"type":"Feature","id":250,"geometry":{"type":"Polygon","coordinates":[[[119.49117024800012,-5.1295283189999736],[119.49115362400005,-5.129527742999926],[119.49112956200008,-5.1300169009999763],[119.49128127500001,-5.1300234839999348],[119.49127788700002,-5.1300722799999789],[119.49127359600004,-5.1300730139999473],[119.49127093200002,-5.1301239599999349],[119.49127701500004,-5.1301242949999732],[119.49127669200004,-5.1301332639999373],[119.49134146000006,-5.1301369569999338],[119.49134115100003,-5.1301495129999353],[119.49137728900007,-5.13015080699995],[119.49137760000008,-5.1301389679999261],[119.49139012300009,-5.1301392779999446],[119.49139123900011,-5.1301503939999407],[119.49142272500001,-5.1301513469999804],[119.4914237480001,-5.1301384299999313],[119.49144808100004,-5.1301397689999249],[119.49144741000009,-5.1301512509999725],[119.49147603500001,-5.1301525739999647],[119.49147635200006,-5.1301421699999423],[119.49149675100011,-5.1301438839999491],[119.49149826100006,-5.1300721379999459],[119.49136228100008,-5.1300633419999713],[119.4913635690001,-5.1300263909999444],[119.4913957760001,-5.1300287759999605],[119.49139907600011,-5.1299573819999296],[119.49135757600004,-5.1299571849999666],[119.49135756700002,-5.1299546739999755],[119.49129101200003,-5.1299513469999738],[119.49129097000002,-5.1299405859999752],[119.49125411700004,-5.1299392949999287],[119.49125380500004,-5.1299511329999632],[119.49124235700003,-5.129951177999942],[119.49124302000007,-5.1299375449999616],[119.49120652500005,-5.1299366109999482],[119.49120621500003,-5.1299488079999378],[119.49119369400012,-5.1299488569999312],[119.49119292400007,-5.1299348699999427],[119.49115928900005,-5.1299332079999544],[119.49115898400009,-5.1299468399999455],[119.49115147100008,-5.1299468689999799],[119.49115530600011,-5.129828841999938],[119.49116425000011,-5.1298288069999671],[119.49116500200012,-5.1298381299999392],[119.49119756100004,-5.1298390789999644],[119.4911971680001,-5.1298301129999686],[119.49121326800002,-5.1298304089999647],[119.49121294800011,-5.1298400949999632],[119.49124515100004,-5.1298414039999329],[119.49124619200006,-5.1298331499999676],[119.49126372400008,-5.1298337989999254],[119.49126447600008,-5.1298431229999437],[119.49129381700004,-5.1298444429999677],[119.49129414000004,-5.1298354739999468],[119.49136213000008,-5.1298398719999341],[119.49136282000006,-5.1298334129999716],[119.49140646800004,-5.1298339599999281],[119.49140979400011,-5.1297690219999481],[119.49137544000007,-5.129766644999961],[119.49137743900008,-5.1297286149999763],[119.49151019500005,-5.1297363469999482],[119.49168552100002,-5.1297435549999477],[119.49168094000004,-5.1298536939999622],[119.49174606100007,-5.1298563089999334],[119.49174575200004,-5.1298688649999349],[119.49178010700007,-5.1298716009999339],[119.49178005400006,-5.1298579699999323],[119.49179615500009,-5.1298586249999403],[119.49179620100006,-5.1298704619999285],[119.49182911900004,-5.1298717679999299],[119.49182907300008,-5.1298599309999418],[119.49184553000009,-5.1298598669999365],[119.4918459380001,-5.1298727789999248],[119.49186740400012,-5.1298730539999724],[119.49186735900003,-5.1298615749999499],[119.49189526600003,-5.1298621839999328],[119.49189821400012,-5.1297922259999496],[119.49175365700012,-5.1297856159999355],[119.4917564540001,-5.1296765599999503],[119.49169168800006,-5.1296732249999764],[119.49169272200004,-5.1296631779999302],[119.4916608740001,-5.1296611499999472],[119.49166091200004,-5.1296708349999562],[119.4916437390001,-5.1296705429999747],[119.49164333500005,-5.1296587069999759],[119.49161113600007,-5.1296584739999389],[119.49161189100005,-5.1296685149999348],[119.49159042500003,-5.129668239999944],[119.49159074500005,-5.1296585539999455],[119.49156426600007,-5.1296572219999348],[119.49156467300008,-5.129669774999968],[119.4915464290001,-5.1296702049999681],[119.4915437200001,-5.1297096729999794],[119.49151366500007,-5.1297087139999462],[119.49151635700002,-5.1296649419999767],[119.49149309800009,-5.1296635979999792],[119.49149341600003,-5.1296531939999568],[119.49146585800008,-5.1296504319999485],[119.49146518700002,-5.1296619129999499],[119.49144765300002,-5.1296609049999802],[119.49144797200006,-5.1296508609999591],[119.49141862700003,-5.1296484639999562],[119.49141831100007,-5.1296592259999443],[119.4913979160001,-5.1296582299999613],[119.49139788100001,-5.1296492619999299],[119.49136961900001,-5.1296493729999497],[119.49136857800011,-5.1296576269999719],[119.49130131900006,-5.129657171999952],[119.49130098900002,-5.1296643469999594],[119.49129490700011,-5.129664370999933],[119.49129188800009,-5.1297160359999339],[119.49129725400007,-5.1297160149999286],[119.49129422100009,-5.1297640919999594],[119.49115896700005,-5.1297581629999627],[119.49117024800012,-5.1295283189999736]]]},"properties":{"OBJECTID":250,"Id":249,"KODE":" ","BANGUNAN":"Asrama Mahasiswa Ramsis","UNIT":" ","LOKASI":"Kampus Unhas Tamalanrea","TAHUN":2021,"Skala":"1 : 100","Luas_m2":1493.6199999999999,"FOTO":" ","Shape_Length":0.004485107319571041,"Shape_Area":1.216851280114827e-07}},{"type":"Feature","id":251,"geometry":{"type":"Polygon","coordinates":[[[119.49149780100004,-5.1300939839999273],[119.49151792600003,-5.1300948589999393],[119.49151596900003,-5.1301436499999795],[119.49153600700004,-5.1301445279999598],[119.49153582800011,-5.1301600719999669],[119.49157303700008,-5.1301606449999326],[119.49157322400004,-5.130147491999935],[119.49158562600007,-5.1301474429999416],[119.49158543700003,-5.1301601179999352],[119.49162265200005,-5.1301623639999434],[119.49162307600011,-5.1301487319999524],[119.49163572000009,-5.130149638999967],[119.49163457800012,-5.1301625569999487],[119.49167083700002,-5.130164327999978],[119.49167126300006,-5.1301511739999341],[119.49173686100005,-5.1301540269999464],[119.49173706200008,-5.1301442219999558],[119.49174254600007,-5.1301439609999306],[119.49174404300004,-5.1300994769999306],[119.49173760200006,-5.130099022999957],[119.49174191900011,-5.130043766999961],[119.49189171500007,-5.1300482519999377],[119.49189287400009,-5.1299781809999558],[119.49187314500011,-5.1299777679999465],[119.49187381600007,-5.1299665259999756],[119.49183779200007,-5.1299637969999594],[119.49183688800008,-5.1299767139999517],[119.49182567500009,-5.1299758009999437],[119.49182562900012,-5.129963843999974],[119.49178841300011,-5.1299613589999353],[119.49178774800009,-5.1299742749999382],[119.49177582100003,-5.1299738429999593],[119.49177601000008,-5.1299611679999657],[119.49174022200009,-5.1299577209999256],[119.49173908400007,-5.1299718339999458],[119.49167494400001,-5.1299685869999507],[119.49166970500005,-5.1300780109999664],[119.49149826100006,-5.1300721379999459],[119.49149780100004,-5.1300939839999273]]]},"properties":{"OBJECTID":251,"Id":250,"KODE":" ","BANGUNAN":"Auditorium PPDS Fakultas Kedokteran Unhas","UNIT":" ","LOKASI":"Kampus Unhas Tamalanrea","TAHUN":2021,"Skala":"1 : 100","Luas_m2":463.13999999999999,"FOTO":" ","Shape_Length":0.0013087444426315318,"Shape_Area":3.7731967606513954e-08}},{"type":"Feature","id":252,"geometry":{"type":"Polygon","coordinates":[[[119.49168393000002,-5.1297817979999536],[119.49163989500005,-5.1297792699999718],[119.49163717200008,-5.1298456399999282],[119.49168119500007,-5.1298475699999813],[119.49168393000002,-5.1297817979999536]]]},"properties":{"OBJECTID":252,"Id":251,"KODE":" ","BANGUNAN":"Asrama Mahasiswa Ramsis","UNIT":" ","LOKASI":"Kampus Unhas Tamalanrea","TAHUN":2021,"Skala":"1 : 100","Luas_m2":35.780000000000001,"FOTO":" ","Shape_Length":0.00022042746686652044,"Shape_Area":2.9151229982921275e-09}},{"type":"Feature","id":253,"geometry":{"type":"Polygon","coordinates":[[[119.49167466500012,-5.1299744219999752],[119.49163081100005,-5.12997360199995],[119.49162628700003,-5.1300369899999509],[119.49167154100007,-5.1300396599999658],[119.49167466500012,-5.1299744219999752]]]},"properties":{"OBJECTID":253,"Id":252,"KODE":" ","BANGUNAN":"Asrama Mahasiswa Ramsis","UNIT":" ","LOKASI":"Kampus Unhas Tamalanrea","TAHUN":2021,"Skala":"1 : 100","Luas_m2":35.25,"FOTO":" ","Shape_Length":0.00021805635201335634,"Shape_Area":2.8720742855160494e-09}},{"type":"Feature","id":254,"geometry":{"type":"Polygon","coordinates":[[[119.49137444600001,-5.1302755839999463],[119.49137198300002,-5.1303376089999801],[119.49140311600001,-5.1303396399999315],[119.49140075200012,-5.1303758779999384],[119.49115457900007,-5.1303657179999504],[119.49115515500011,-5.1303298459999382],[119.49118771600001,-5.1303311539999754],[119.49119032500005,-5.1302658599999518],[119.49114882000003,-5.1302645869999424],[119.49114879300009,-5.1302574129999812],[119.49113627000008,-5.1302571029999626],[119.49114823600007,-5.1300177119999262],[119.49112956200008,-5.1300169009999763],[119.49111910000011,-5.1302575289999481],[119.49108224800011,-5.1302565969999705],[119.49108111900011,-5.130242252999949],[119.49104784400004,-5.1302413069999488],[119.49104646000001,-5.1302535079999529],[119.49103322800011,-5.130254635999961],[119.49103316800006,-5.1302392119999354],[119.4909973880001,-5.1302379159999418],[119.49099672700004,-5.1302519079999342],[119.49098384600006,-5.1302515999999514],[119.49098415500009,-5.1302390439999499],[119.49095087900002,-5.1302377389999378],[119.49095021000005,-5.1302495789999512],[119.49092874400003,-5.1302493039999604],[119.49092400500001,-5.1303189099999713],[119.49107429100002,-5.1303265739999802],[119.49107161800009,-5.1303753679999318],[119.49106517900009,-5.1303753929999516],[119.49106178600005,-5.1304231139999388],[119.49106786800007,-5.1304230899999652],[119.4910679190001,-5.1304363619999549],[119.49113375900004,-5.1304396919999249],[119.49113309800009,-5.1304536839999741],[119.49117066800011,-5.1304553309999505],[119.49117096900011,-5.1304406229999699],[119.49118564000003,-5.130441641999937],[119.49118497600011,-5.1304549159999624],[119.49121896700001,-5.1304558599999268],[119.49121927700003,-5.1304436629999373],[119.49123108400011,-5.1304439749999347],[119.49123005800004,-5.1304561749999493],[119.49126727200007,-5.1304581819999271],[119.49126758700004,-5.1304470609999271],[119.49128118200008,-5.1304473669999311],[119.49128123100002,-5.1304599209999537],[119.49131809200003,-5.1304630059999567],[119.49131803700004,-5.1304490169999326],[119.49132912700009,-5.1304489729999432],[119.49132846200007,-5.130461888999946],[119.49136496300002,-5.1304646159999265],[119.4913656220001,-5.1304499069999565],[119.49137850500006,-5.1304509329999632],[119.49137819900011,-5.1304642059999424],[119.49141326600011,-5.1304662219999386],[119.49141321200011,-5.1304522319999251],[119.49148083000011,-5.1304530449999675],[119.49148008000009,-5.1304440799999611],[119.4914868730001,-5.1304429769999729],[119.49148846700007,-5.1303927529999669],[119.49148166700002,-5.1303920619999417],[119.49148470000011,-5.1303439849999677],[119.49163247000001,-5.1303487889999246],[119.49163578200012,-5.1302802639999641],[119.49161574400011,-5.1302792659999454],[119.49161675800008,-5.1302641959999278],[119.49158133300011,-5.1302621819999672],[119.49158067100007,-5.1302758159999371],[119.49156779000009,-5.1302755069999648],[119.49156845800007,-5.130263308999929],[119.49153267100007,-5.1302602199999683],[119.49153129600006,-5.1302745729999515],[119.49151913000003,-5.1302739039999778],[119.49151944200003,-5.130262064999954],[119.49148294000008,-5.1302593379999735],[119.4914822720001,-5.1302715359999524],[119.49141501600002,-5.1302717989999564],[119.49141488000009,-5.1302717989999564],[119.49141503100009,-5.1302757439999596],[119.49137444600001,-5.1302755839999463]]]},"properties":{"OBJECTID":254,"Id":253,"KODE":" ","BANGUNAN":"Asrama Mahasiswa Ramsis","UNIT":" ","LOKASI":"Kampus Unhas Tamalanrea","TAHUN":2021,"Skala":"1 : 100","Luas_m2":1030.46,"FOTO":" ","Shape_Length":0.0029368192531810445,"Shape_Area":8.3951613048608821e-08}},{"type":"Feature","id":255,"geometry":{"type":"Polygon","coordinates":[[[119.49113078000005,-5.1299921509999535],[119.49109172900012,-5.1299903589999758],[119.4910967830001,-5.1298791419999361],[119.49105074200008,-5.1298764519999622],[119.49105223700008,-5.1298314889999688],[119.49103625500004,-5.1298308339999608],[119.49103671300009,-5.1298260499999628],[119.49092555300001,-5.1298212219999755],[119.49092557000006,-5.12982552699998],[119.49090195200006,-5.1298239449999414],[119.49089950300004,-5.1298689119999494],[119.49069627000006,-5.129861094999967],[119.49069409100002,-5.1299144309999747],[119.49055716400005,-5.1299073119999434],[119.49055084500003,-5.129999881999936],[119.49073595000004,-5.1300070519999394],[119.49073422400011,-5.1300539289999278],[119.49079338200011,-5.1300565669999401],[119.49079249600004,-5.1300740279999673],[119.49083376300007,-5.1300755409999397],[119.49083393800004,-5.1300592789999655],[119.49087854000004,-5.1300598219999642],[119.49088241800007,-5.1300143719999483],[119.49108852000006,-5.1300238509999758],[119.49108965000005,-5.1300078239999607],[119.4911299260001,-5.1300095119999582],[119.49113078000005,-5.1299921509999535]]]},"properties":{"OBJECTID":255,"Id":254,"KODE":" ","BANGUNAN":"SUBSTATION V","UNIT":" ","LOKASI":"Kampus Unhas Tamalanrea","TAHUN":2021,"Skala":"1 : 100","Luas_m2":1059.75,"FOTO":" ","Shape_Length":0.0016699789934906735,"Shape_Area":8.6338435261199925e-08}},{"type":"Feature","id":256,"geometry":{"type":"Polygon","coordinates":[[[119.49019390100011,-5.1297317299999463],[119.49016080100012,-5.1297294669999474],[119.49016054200001,-5.1297396319999393],[119.49014205500009,-5.129738806999967],[119.49013726200008,-5.1298096689999397],[119.4902854500001,-5.1298147709999284],[119.4902811070001,-5.129924788999972],[119.49034640500008,-5.1299269259999392],[119.49034705000008,-5.1299394779999261],[119.49038164300009,-5.1299420339999529],[119.4903821900001,-5.1299295169999368],[119.49039697300009,-5.1299285029999737],[119.49039655200011,-5.1299428519999424],[119.49042756400002,-5.129944643999977],[119.49042750900003,-5.1299302969999303],[119.49044658800005,-5.1299302219999277],[119.49044616900005,-5.1299450499999466],[119.49047193000001,-5.1299459059999322],[119.49047281900005,-5.1299291629999288],[119.49049189900006,-5.1299290889999725],[119.49050952100004,-5.1299300269999435],[119.49051190400007,-5.1298599209999338],[119.49035505900008,-5.1298521629999527],[119.49035579000008,-5.1298100129999398],[119.49036145500008,-5.1298102899999662],[119.49036364200003,-5.1297591659999284],[119.49035946800007,-5.1297591819999298],[119.49035972700005,-5.1297490179999272],[119.49029353000003,-5.1297456889999467],[119.49029348800002,-5.129734927999948],[119.49025830300002,-5.1297332719999531],[119.49025864300006,-5.1297440319999623],[119.49024224700008,-5.129744394999932],[119.49024279500009,-5.129731837999941],[119.49021089300004,-5.129731364999941],[119.4902103390001,-5.1297421279999753],[119.49019394000004,-5.1297415939999382],[119.49019390100011,-5.1297317299999463]]]},"properties":{"OBJECTID":256,"Id":255,"KODE":" ","BANGUNAN":"Ramsis Unhasp Putra Unit 1","UNIT":" ","LOKASI":"Kampus Unhas Tamalanrea","TAHUN":2021,"Skala":"1 : 100","Luas_m2":455.89999999999998,"FOTO":" ","Shape_Length":0.0012656158210618965,"Shape_Area":3.7142226441135727e-08}},{"type":"Feature","id":257,"geometry":{"type":"Polygon","coordinates":[[[119.49027107400002,-5.1298590309999668],[119.49024082000005,-5.1298569679999559],[119.49023688800003,-5.1299191579999501],[119.49026789700008,-5.1299202329999503],[119.49027107400002,-5.1298590309999668]]]},"properties":{"OBJECTID":257,"Id":256,"KODE":" ","BANGUNAN":"Ramsis Unhasp Putra Unit 1","UNIT":" ","LOKASI":"Kampus Unhas Tamalanrea","TAHUN":2021,"Skala":"1 : 100","Luas_m2":23.27,"FOTO":" ","Shape_Length":0.00018495046504652719,"Shape_Area":1.8954180347842962e-09}},{"type":"Feature","id":258,"geometry":{"type":"Polygon","coordinates":[[[119.49013871500006,-5.1297881869999742],[119.49001315100008,-5.1297831859999405],[119.4900172450001,-5.1296702979999509],[119.48997120800004,-5.1296688039999481],[119.48997198300003,-5.1296226479999518],[119.48982862300011,-5.1296172279999723],[119.48982736500011,-5.1296619509999459],[119.48961388200007,-5.1296556099999293],[119.48961390200009,-5.1296606309999788],[119.48958623300007,-5.1296600219999391],[119.48958531900007,-5.1296703079999588],[119.48950899100009,-5.1296684529999652],[119.48951288500007,-5.1295653709999556],[119.48949809600003,-5.1295649509999635],[119.48949282900003,-5.1296828639999603],[119.48958418800009,-5.1296860949999541],[119.48958375000007,-5.129696140999954],[119.48961642500001,-5.1296962519999738],[119.48961253000004,-5.129799094999953],[119.48965832900001,-5.1298005909999347],[119.48965708200001,-5.1298481829999787],[119.48979924500009,-5.1298524119999342],[119.48980169200001,-5.1298067279999486],[119.49001065600009,-5.1298161959999788],[119.49001179000004,-5.1298011259999612],[119.49013768900011,-5.1298033489999284],[119.49013871500006,-5.1297881869999742]]]},"properties":{"OBJECTID":258,"Id":257,"KODE":" ","BANGUNAN":"Kantor Ramsis","UNIT":" ","LOKASI":"Kampus Unhas Tamalanrea","TAHUN":2021,"Skala":"1 : 100","Luas_m2":949.58000000000004,"FOTO":" ","Shape_Length":0.001971861639739335,"Shape_Area":7.7362638435726334e-08}},{"type":"Feature","id":259,"geometry":{"type":"Polygon","coordinates":[[[119.4893462440001,-5.129568547999952],[119.48934620800003,-5.1295592059999535],[119.48935980200008,-5.1295591529999456],[119.48935961200004,-5.1295715879999761],[119.48939372400002,-5.1295731289999367],[119.48939319800002,-5.1295604569999682],[119.48940798600006,-5.1295608779999498],[119.48940804000006,-5.1295747469999355],[119.48944262600003,-5.1295755689999396],[119.48944376700001,-5.1295624119999275],[119.48945593400003,-5.1295630819999474],[119.48945550600001,-5.1295757579999304],[119.48949057100003,-5.1295772949999332],[119.48949099900005,-5.1295646199999396],[119.48949809600003,-5.1295649509999635],[119.48951288500007,-5.1295653709999556],[119.48955820100002,-5.1295655529999635],[119.48955870200007,-5.1295564639999611],[119.48956323200002,-5.1295559679999769],[119.48956590400007,-5.129506934999938],[119.48956041800011,-5.1295069569999328],[119.48956213300005,-5.1294572099999414],[119.48971049900001,-5.1294618929999274],[119.48971333500003,-5.1293934889999377],[119.48969282100006,-5.1293928519999668],[119.48969301800003,-5.1293820899999787],[119.48966248300007,-5.1293802959999653],[119.48966204500005,-5.1293903409999757],[119.48964463100003,-5.1293896919999611],[119.48964459100011,-5.129379169999936],[119.48961048000001,-5.1293778679999491],[119.48960980100003,-5.129387435999945],[119.48959739800011,-5.1293870059999449],[119.48959736000006,-5.1293772019999437],[119.48956372600003,-5.129375897999978],[119.48956257800012,-5.1293873809999582],[119.48948051900004,-5.1293836359999432],[119.48948029500002,-5.1293874629999436],[119.48945167200009,-5.1293866179999554],[119.48944836300007,-5.129455979999932],[119.48948199600011,-5.1294570439999347],[119.48948022100001,-5.1294912469999758],[119.48923023300006,-5.1294814609999548],[119.48923250300004,-5.1294517989999804],[119.48922200700008,-5.1294511229999671],[119.48922246400002,-5.1294460989999493],[119.4892649200001,-5.1294466509999666],[119.48926727800006,-5.1293782489999558],[119.48922625200009,-5.1293772139999305],[119.48922623700003,-5.1293733879999763],[119.48915873600004,-5.1293719769999484],[119.48915890800004,-5.1293549969999503],[119.48912432200007,-5.1293541759999357],[119.48912366700006,-5.1293697219999785],[119.48910888000012,-5.1293697799999336],[119.48910929300007,-5.1293532779999396],[119.48907470800009,-5.1293526949999659],[119.48907452800006,-5.1293677609999691],[119.4890614090001,-5.1293673339999373],[119.48906159400008,-5.1293534639999621],[119.48902939300001,-5.1293526319999501],[119.48902898400002,-5.1293700909999416],[119.48900489500011,-5.1293701849999707],[119.48900372000003,-5.1294361899999785],[119.48915256400005,-5.1294411109999487],[119.48914989600007,-5.1294910999999388],[119.48914345500009,-5.1294906469999546],[119.48914150500002,-5.1295413509999435],[119.48914818300011,-5.1295415639999646],[119.48914750900008,-5.129552088999958],[119.48926711600006,-5.1295531689999621],[119.48926689000007,-5.1295673579999743],[119.48929767300001,-5.129567819999977],[119.48929802000009,-5.1295534479999674],[119.48931398900004,-5.1295535919999793],[119.48931383800004,-5.1295680619999757],[119.4893462440001,-5.129568547999952]]]},"properties":{"OBJECTID":259,"Id":258,"KODE":" ","BANGUNAN":"Asrama Mahasiswa","UNIT":" ","LOKASI":"Kampus Unhas Tamalanrea","TAHUN":2021,"Skala":"1 : 100","Luas_m2":949.48000000000002,"FOTO":" ","Shape_Length":0.0024453032055649958,"Shape_Area":7.7354374990923171e-08}},{"type":"Feature","id":260,"geometry":{"type":"Polygon","coordinates":[[[119.49007490600002,-5.1291134559999705],[119.49004031700008,-5.1291116779999584],[119.49003987600008,-5.1291210049999449],[119.48992561300008,-5.1291157119999298],[119.48992104400008,-5.1292288399999393],[119.4897736370001,-5.1292255879999402],[119.4897707990001,-5.1292932739999628],[119.48978916600004,-5.1292939199999523],[119.48978898100006,-5.1293075519999434],[119.48982309100006,-5.1293088529999409],[119.48982375600008,-5.1292956989999539],[119.48983783000006,-5.1292963609999447],[119.48983764400009,-5.1293099919999463],[119.48987246700005,-5.1293103349999569],[119.48987289700005,-5.129298376999941],[119.48988625700008,-5.1292992809999305],[119.48988654100003,-5.1293109979999372],[119.48992089000001,-5.1293122979999453],[119.48992084000008,-5.1292993849999675],[119.48998787000005,-5.1293022329999758],[119.48998878900011,-5.1292931419999377],[119.48999451300006,-5.129293119999943],[119.48999646200002,-5.1292421769999805],[119.48999145000005,-5.1292414789999725],[119.48999316800007,-5.1291924499999482],[119.49026247500001,-5.1292023999999401],[119.49026052200009,-5.1292523869999513],[119.49025503700011,-5.1292526469999302],[119.49025357000005,-5.1293047839999417],[119.49025786300001,-5.129304766999951],[119.49025790000007,-5.129314332999968],[119.49032445000012,-5.1293164639999418],[119.49032449600008,-5.1293281819999379],[119.49035837000008,-5.1293299629999751],[119.49035951300004,-5.129317283999967],[119.49037263300011,-5.1293179499999724],[119.49037244500005,-5.1293308639999395],[119.49040798500005,-5.1293316819999291],[119.49040865200004,-5.1293192449999765],[119.49042177100011,-5.1293196719999514],[119.4904218150001,-5.1293309109999541],[119.49045783300005,-5.1293319659999383],[119.4904582690001,-5.1293214429999807],[119.49047687100006,-5.1293211309999265],[119.49047802000007,-5.1292528069999435],[119.49046801800012,-5.1292522949999579],[119.49046752800007,-5.1292489489999298],[119.49033155500001,-5.1292420659999607],[119.4903315470001,-5.1292399139999247],[119.49034251800003,-5.1292398709999247],[119.49034312800006,-5.1292126069999426],[119.49033167800008,-5.1292121739999743],[119.49033186200006,-5.1291980639999792],[119.49033615600001,-5.1291982859999621],[119.49033595700007,-5.1292085699999461],[119.49037650700006,-5.1292098469999701],[119.49037885500002,-5.1291388149999761],[119.49034140600008,-5.129137764999939],[119.49034118800012,-5.129143026999941],[119.49033403400006,-5.1291432939999595],[119.49033425100004,-5.1291375539999535],[119.4902710340001,-5.1291339739999557],[119.49027169800002,-5.1291208189999793],[119.49023615100009,-5.1291180879999274],[119.49023572900001,-5.1291321989999688],[119.49022117700008,-5.1291312989999369],[119.49022184300009,-5.1291186219999645],[119.49018772600004,-5.1291156459999456],[119.49018706300001,-5.1291292799999724],[119.49017227500008,-5.129128858999934],[119.49017294300006,-5.129116660999955],[119.49013978800008,-5.1291158329999575],[119.49013911700001,-5.1291273139999589],[119.49012408900001,-5.1291266559999258],[119.49012476400003,-5.1291163699999629],[119.49009113000011,-5.1291148269999667],[119.49009069500005,-5.1291255899999442],[119.49007471500011,-5.1291256519999706],[119.49007490600002,-5.1291134559999705]]]},"properties":{"OBJECTID":260,"Id":259,"KODE":" ","BANGUNAN":"Asrama Mahasiswa","UNIT":" ","LOKASI":"Kampus Unhas Tamalanrea","TAHUN":2021,"Skala":"1 : 100","Luas_m2":911.40999999999997,"FOTO":" ","Shape_Length":0.0024163900262507668,"Shape_Area":7.4252928013426756e-08}},{"type":"Feature","id":261,"geometry":{"type":"Polygon","coordinates":[[[119.49031836600011,-5.1293162689999576],[119.49030129200003,-5.1293157229999338],[119.49029835300007,-5.1293836589999273],[119.49031415600007,-5.1293844939999644],[119.49031141600005,-5.1294466799999441],[119.49025804400003,-5.1294447959999729],[119.49025504800011,-5.1295177429999512],[119.49028486800012,-5.1295197189999726],[119.49028380700008,-5.1295535009999753],[119.49015053300002,-5.1295507329999737],[119.49014723000005,-5.1296212899999318],[119.49029780600006,-5.129626979999955],[119.49036369600003,-5.1296282179999366],[119.49036426000009,-5.1296198459999687],[119.49036932800004,-5.1296198259999528],[119.49037181000006,-5.1295678049999651],[119.49036614400006,-5.1295675279999386],[119.49036774600006,-5.1295193959999779],[119.49051324900006,-5.1295239109999784],[119.49051656100005,-5.1294554449999623],[119.49049867100007,-5.1294546179999543],[119.49049892500011,-5.1294432589999701],[119.49046672100008,-5.1294415909999316],[119.49046587000009,-5.1294529529999409],[119.49045125900011,-5.1294521129999566],[119.49045181400004,-5.1294416489999435],[119.49041692600008,-5.1294396919999485],[119.49041607700008,-5.129451352999979],[119.49040235900009,-5.1294502109999485],[119.49040291400001,-5.1294397469999353],[119.49036862100002,-5.1294374889999403],[119.49036807000005,-5.1294491489999245],[119.49032960400007,-5.1294472069999415],[119.49033168500011,-5.1293688819999375],[119.49031677700009,-5.1293683429999533],[119.49031836600011,-5.1293162689999576]]]},"properties":{"OBJECTID":261,"Id":260,"KODE":" ","BANGUNAN":"Asrama Mahasiswa","UNIT":" ","LOKASI":"Kampus Unhas Tamalanrea","TAHUN":2021,"Skala":"1 : 100","Luas_m2":500.77999999999997,"FOTO":" ","Shape_Length":0.0015060917821595333,"Shape_Area":4.0798581253447454e-08}},{"type":"Feature","id":262,"geometry":{"type":"Polygon","coordinates":[[[119.49062413900003,-5.1301932809999471],[119.49062397800003,-5.1301517189999686],[119.49033303600004,-5.1301592629999391],[119.49033463300009,-5.1302020619999666],[119.49062413900003,-5.1301932809999471]]]},"properties":{"OBJECTID":262,"Id":261,"KODE":" ","BANGUNAN":"Parkiran Motor","UNIT":" ","LOKASI":"Kampus Unhas Tamalanrea","TAHUN":2021,"Skala":"1 : 100","Luas_m2":150.34999999999999,"FOTO":" ","Shape_Length":0.00066507002404370076,"Shape_Area":1.2248968269265344e-08}},{"type":"Feature","id":263,"geometry":{"type":"Polygon","coordinates":[[[119.49062846600009,-5.1302633299999343],[119.49062901200011,-5.1302207529999464],[119.49037144600004,-5.1302236799999719],[119.49037185600002,-5.1302679179999586],[119.49062846600009,-5.1302633299999343]]]},"properties":{"OBJECTID":263,"Id":262,"KODE":" ","BANGUNAN":"Parkiran Motor","UNIT":" ","LOKASI":"Kampus Unhas Tamalanrea","TAHUN":2021,"Skala":"1 : 100","Luas_m2":136.97,"FOTO":" ","Shape_Length":0.00060105404334662106,"Shape_Area":1.1159291849658517e-08}},{"type":"Feature","id":264,"geometry":{"type":"Polygon","coordinates":[[[119.49067456000012,-5.1302796509999666],[119.49056235300009,-5.1302802919999522],[119.49056032200008,-5.1302808139999456],[119.49056011500011,-5.1302889449999611],[119.49036837500012,-5.1302928009999391],[119.49036853600001,-5.1303344099999322],[119.49055908500009,-5.1303307969999423],[119.49055912400001,-5.1303408409999633],[119.49067716600007,-5.1303367939999589],[119.49067456000012,-5.1302796509999666]]]},"properties":{"OBJECTID":264,"Id":263,"KODE":" ","BANGUNAN":"Parkiran Motor","UNIT":" ","LOKASI":"Kampus Unhas Tamalanrea","TAHUN":2021,"Skala":"1 : 100","Luas_m2":181.87,"FOTO":" ","Shape_Length":0.00073176862699145164,"Shape_Area":1.4816794927037797e-08}},{"type":"Feature","id":265,"geometry":{"type":"Polygon","coordinates":[[[119.49082862600005,-5.1304110089999426],[119.49075874100004,-5.1304123769999705],[119.49075880800001,-5.1304295939999633],[119.49074426200002,-5.1304303679999634],[119.49074435300008,-5.1304538029999662],[119.49076104700009,-5.1304534989999411],[119.4907615620001,-5.1304633009999634],[119.49082928700011,-5.130460884999934],[119.49082862600005,-5.1304110089999426]]]},"properties":{"OBJECTID":265,"Id":264,"KODE":" ","BANGUNAN":"Pos Satpam","UNIT":" ","LOKASI":"Kampus Unhas Tamalanrea","TAHUN":2021,"Skala":"1 : 100","Luas_m2":47.369999999999997,"FOTO":" ","Shape_Length":0.0002692780205166541,"Shape_Area":3.8591801310498095e-09}},{"type":"Feature","id":266,"geometry":{"type":"Polygon","coordinates":[[[119.49047430200005,-5.1331437709999364],[119.49047396000003,-5.1331513349999796],[119.49041303500007,-5.1338610839999319],[119.49056037100002,-5.1338704799999277],[119.49073272200008,-5.1338853039999321],[119.49074316100007,-5.1337725829999385],[119.49081377800007,-5.1336795229999552],[119.4909050120001,-5.133687393999935],[119.49090602800004,-5.1336874319999311],[119.49091020800006,-5.1336496619999252],[119.4907980800001,-5.1336414909999348],[119.49070835400005,-5.133751841999981],[119.49069890100009,-5.1338355759999672],[119.49067170300009,-5.1338335299999471],[119.49067752000008,-5.1337345059999393],[119.49077179800008,-5.1336296359999665],[119.49074522500007,-5.1336039139999343],[119.49064453300002,-5.1337155039999516],[119.49063496400004,-5.1338310429999297],[119.49060633300007,-5.1338282849999359],[119.49061464800002,-5.1336969679999811],[119.49071855400007,-5.1335838109999372],[119.49069520800003,-5.1335602279999648],[119.49058261300002,-5.1336776039999563],[119.49057031000007,-5.1338257949999502],[119.49056029000008,-5.133825116999958],[119.49046725400001,-5.1338199799999416],[119.49051832100008,-5.1331511619999333],[119.49052215600011,-5.133118149999973],[119.49048441500008,-5.1331155049999779],[119.49048171300001,-5.1331446129999563],[119.49047430200005,-5.1331437709999364]]]},"properties":{"OBJECTID":266,"Id":265,"KODE":" ","BANGUNAN":"Parkiran Motor","UNIT":" ","LOKASI":"Kampus Unhas Tamalanrea","TAHUN":2021,"Skala":"1 : 100","Luas_m2":967.5,"FOTO":" ","Shape_Length":0.0038510412457074894,"Shape_Area":7.882306764407199e-08}},{"type":"Feature","id":267,"geometry":{"type":"Polygon","coordinates":[[[119.48445119200005,-5.1269055319999666],[119.4844512300001,-5.1269055339999454],[119.48473143900003,-5.1268978679999577],[119.48473069000011,-5.126830325999947],[119.48444917800009,-5.1268373889999452],[119.48445038200009,-5.1268773619999592],[119.48445119200005,-5.1269055319999666]]]},"properties":{"OBJECTID":267,"Id":266,"KODE":" ","BANGUNAN":" ","UNIT":" ","LOKASI":"Kampus Unhas Tamalanrea","TAHUN":2021,"Skala":"1 : 100","Luas_m2":234.02000000000001,"FOTO":" ","Shape_Length":0.00069767141062292452,"Shape_Area":1.906539674228198e-08}},{"type":"Feature","id":268,"geometry":{"type":"Polygon","coordinates":[[[119.48429284100007,-5.1267612999999415],[119.48442492100003,-5.1269037789999743],[119.48445119200005,-5.1269055319999666],[119.48445038200009,-5.1268773619999592],[119.4844325680001,-5.1268768469999486],[119.48430894500007,-5.1267432519999261],[119.48429284100007,-5.1267612999999415]]]},"properties":{"OBJECTID":268,"Id":267,"KODE":" ","BANGUNAN":" ","UNIT":" ","LOKASI":"Kampus Unhas Tamalanrea","TAHUN":2021,"Skala":"1 : 100","Luas_m2":62.920000000000002,"FOTO":" ","Shape_Length":0.00047281966764129628,"Shape_Area":5.1258081334340968e-09}},{"type":"Feature","id":269,"geometry":{"type":"Polygon","coordinates":[[[119.4951174150001,-5.1348905989999594],[119.49496735300011,-5.1350938509999651],[119.49523106800007,-5.1352907029999528],[119.49565202300005,-5.1355969399999708],[119.4956793230001,-5.1355639529999735],[119.4958201710001,-5.1356699989999584],[119.49590527700002,-5.1355570899999634],[119.4957832990001,-5.1354690879999794],[119.49580462900008,-5.1354343309999422],[119.49578070900009,-5.1354164889999652],[119.49578781500009,-5.1354039069999544],[119.49555222100003,-5.1352320549999604],[119.49555518200009,-5.135226662999969],[119.49550495500011,-5.1351903909999805],[119.49552274000007,-5.1351640169999655],[119.49551496100003,-5.1351568739999607],[119.49552267000001,-5.1351460819999488],[119.49546167200003,-5.1350996899999473],[119.49545277700008,-5.1351122789999408],[119.49544381200008,-5.135106933999964],[119.49543373200004,-5.1351213209999287],[119.4951174150001,-5.1348905989999594]]]},"properties":{"OBJECTID":269,"Id":268,"KODE":" ","BANGUNAN":"Rumah Sakit Universitas hasanuddin","UNIT":" ","LOKASI":"Kampus Unhas Tamalanrea","TAHUN":2021,"Skala":"1 : 100","Luas_m2":2937.98,"FOTO":" ","Shape_Length":0.0026252162665453107,"Shape_Area":2.3935817033121617e-07}},{"type":"Feature","id":270,"geometry":{"type":"Polygon","coordinates":[[[119.49536823900007,-5.1349924449999662],[119.49532399100008,-5.1349603359999492],[119.49529077300008,-5.1350047049999716],[119.49533551100001,-5.1350380749999545],[119.49536823900007,-5.1349924449999662]]]},"properties":{"OBJECTID":270,"Id":269,"KODE":" ","BANGUNAN":"PCS 199 MAKASSAR","UNIT":" ","LOKASI":"Kampus Unhas Tamalanrea","TAHUN":2021,"Skala":"1 : 100","Luas_m2":37.829999999999998,"FOTO":" ","Shape_Length":0.00022206273231044479,"Shape_Area":3.0816822865492454e-09}},{"type":"Feature","id":271,"geometry":{"type":"Polygon","coordinates":[[[119.49527675700006,-5.1349270419999584],[119.49519124500011,-5.1348634079999442],[119.49515742600011,-5.1349065839999639],[119.49524377200009,-5.1349719919999757],[119.49527675700006,-5.1349270419999584]]]},"properties":{"OBJECTID":271,"Id":270,"KODE":" ","BANGUNAN":"PCS 199 MAKASSAR","UNIT":" ","LOKASI":"Kampus Unhas Tamalanrea","TAHUN":2021,"Skala":"1 : 100","Luas_m2":72.930000000000007,"FOTO":" ","Shape_Length":0.00032551188043740886,"Shape_Area":5.941419968553513e-09}},{"type":"Feature","id":272,"geometry":{"type":"Polygon","coordinates":[[[119.49598957300009,-5.1334691289999341],[119.49599009700012,-5.1334686199999737],[119.4959737480001,-5.1334476679999739],[119.49594450800009,-5.1334721739999623],[119.49596033000012,-5.1334929169999555],[119.49598957300009,-5.1334691289999341]]]},"properties":{"OBJECTID":272,"Id":271,"KODE":" ","BANGUNAN":" ","UNIT":" ","LOKASI":"Kampus Unhas Tamalanrea","TAHUN":2021,"Skala":"1 : 100","Luas_m2":12.380000000000001,"FOTO":" ","Shape_Length":0.0001292425783877252,"Shape_Area":1.008794431295373e-09}},{"type":"Feature","id":273,"geometry":{"type":"Polygon","coordinates":[[[119.49584608300006,-5.1333692539999447],[119.49579469900004,-5.1334031729999765],[119.4957839110001,-5.133388866999951],[119.4955256720001,-5.133587878999947],[119.49553647100004,-5.1336050539999292],[119.49548295200009,-5.1336418509999362],[119.49553759700007,-5.1337105069999325],[119.49561036000011,-5.1336542659999509],[119.4955981380001,-5.1336392479999517],[119.49568374300009,-5.1335736299999439],[119.49571610500004,-5.1336158299999397],[119.49563049400001,-5.133680012999946],[119.49561899300011,-5.1336664279999695],[119.49554621900006,-5.1337197999999375],[119.49559728400004,-5.1337877529999787],[119.49564581000004,-5.1337545629999681],[119.49565731100006,-5.1337681489999341],[119.49577574800003,-5.1336815979999528],[119.49578653900005,-5.1336966209999559],[119.49582078800006,-5.1336720949999517],[119.49580784500006,-5.1336556459999656],[119.49591840900007,-5.1335684079999737],[119.49590904900003,-5.1335533789999772],[119.49595541100007,-5.1335158929999807],[119.49595036900007,-5.133507303999977],[119.49595821700007,-5.1335015339999472],[119.49595841400003,-5.133500731999959],[119.49592658200004,-5.1334622009999293],[119.49591659000009,-5.1334686969999552],[119.49590363300001,-5.1334486599999423],[119.49589578200005,-5.1334537129999376],[119.49588786900006,-5.1334429829999522],[119.49589571200011,-5.1334357779999777],[119.49584608300006,-5.1333692539999447]]]},"properties":{"OBJECTID":273,"Id":272,"KODE":" ","BANGUNAN":" ","UNIT":" ","LOKASI":"Kampus Unhas Tamalanrea","TAHUN":2021,"Skala":"1 : 100","Luas_m2":1116.8800000000001,"FOTO":" ","Shape_Length":0.0018965117323185945,"Shape_Area":9.0992013014421377e-08}},{"type":"Feature","id":274,"geometry":{"type":"Polygon","coordinates":[[[119.49551522800004,-5.1329260709999289],[119.49546529400004,-5.1329651249999415],[119.49545271700003,-5.1329508259999557],[119.49533974400003,-5.1330319749999376],[119.49532716300007,-5.1330164809999701],[119.4952926950001,-5.1330459089999749],[119.49530288700009,-5.1330602179999687],[119.4951905260001,-5.1331455489999485],[119.49520012700009,-5.1331610549999596],[119.49515316300005,-5.1331971089999797],[119.49520530600012,-5.1332662539999774],[119.49521779400004,-5.133257834999938],[119.49522618800006,-5.1332697589999725],[119.49521608500004,-5.1332781679999471],[119.49526822300004,-5.1333461169999737],[119.49531400600006,-5.1333130569999526],[119.49532778000003,-5.1333285469999623],[119.49558994300003,-5.1331266499999515],[119.49557855600005,-5.1331117489999656],[119.49562608200006,-5.1330745209999691],[119.49557277400004,-5.1330047599999489],[119.49549906700008,-5.1330636349999281],[119.49551106000001,-5.1330809259999342],[119.49542722900003,-5.1331428299999402],[119.49539545300001,-5.1330981169999745],[119.4954780920001,-5.1330362169999262],[119.49548888700008,-5.1330523159999757],[119.49556617600001,-5.1329946219999556],[119.49551522800004,-5.1329260709999289]]]},"properties":{"OBJECTID":274,"Id":273,"KODE":" ","BANGUNAN":" ","UNIT":" ","LOKASI":"Kampus Unhas Tamalanrea","TAHUN":2021,"Skala":"1 : 100","Luas_m2":1118.04,"FOTO":" ","Shape_Length":0.0018919046494864755,"Shape_Area":9.1086475941486837e-08}},{"type":"Feature","id":275,"geometry":{"type":"Polygon","coordinates":[[[119.49495991000003,-5.1334144729999593],[119.49494762900008,-5.1333951969999703],[119.49492859300005,-5.1334066299999677],[119.49494178500004,-5.1334257099999263],[119.49495991000003,-5.1334144729999593]]]},"properties":{"OBJECTID":275,"Id":274,"KODE":" ","BANGUNAN":" ","UNIT":" ","LOKASI":"Kampus Unhas Tamalanrea","TAHUN":2021,"Skala":"1 : 100","Luas_m2":6.1500000000000004,"FOTO":" ","Shape_Length":8.9583414125061296e-05,"Shape_Area":5.0070505564992658e-10}},{"type":"Feature","id":276,"geometry":{"type":"Polygon","coordinates":[[[119.49490920300002,-5.1334797279999407],[119.49495211500005,-5.1334476809999501],[119.49493362500004,-5.133425792999958],[119.49488962100008,-5.13345645499993],[119.49490920300002,-5.1334797279999407]]]},"properties":{"OBJECTID":276,"Id":275,"KODE":" ","BANGUNAN":" ","UNIT":" ","LOKASI":"Kampus Unhas Tamalanrea","TAHUN":2021,"Skala":"1 : 100","Luas_m2":19.370000000000001,"FOTO":" ","Shape_Length":0.00016625874758192087,"Shape_Area":1.5781676295858767e-09}},{"type":"Feature","id":277,"geometry":{"type":"Polygon","coordinates":[[[119.49516441300011,-5.1334594809999317],[119.49515772800009,-5.1334511699999439],[119.49517360000004,-5.1334391379999715],[119.4950850570001,-5.1333163439999794],[119.49506247000011,-5.1333343669999749],[119.49505048700007,-5.1333194679999679],[119.49496607600008,-5.1333855599999652],[119.49499603200002,-5.1334225079999669],[119.49490744900004,-5.1334892139999511],[119.49497397000005,-5.1335756399999468],[119.49503757500008,-5.1335257709999382],[119.49504596700001,-5.1335370969999303],[119.49508638800012,-5.1335052539999424],[119.49509358000012,-5.133514790999925],[119.49516441300011,-5.1334594809999317]]]},"properties":{"OBJECTID":277,"Id":276,"KODE":" ","BANGUNAN":" ","UNIT":" ","LOKASI":"Kampus Unhas Tamalanrea","TAHUN":2021,"Skala":"1 : 100","Luas_m2":434.75,"FOTO":" ","Shape_Length":0.00085290371375834877,"Shape_Area":3.5419518079253088e-08}},{"type":"Feature","id":278,"geometry":{"type":"Polygon","coordinates":[[[119.49491104100002,-5.1339406579999718],[119.4947761950001,-5.1340394689999584],[119.49484166200011,-5.1341310399999429],[119.49481241300009,-5.1341533939999522],[119.49486132400011,-5.1342192029999296],[119.4948884260001,-5.1341968579999389],[119.49495674100001,-5.1342848309999454],[119.49522136900009,-5.1340870829999403],[119.49512215100003,-5.1339498759999742],[119.4949915950001,-5.1340479529999357],[119.49491104100002,-5.1339406579999718]]]},"properties":{"OBJECTID":278,"Id":277,"KODE":" ","BANGUNAN":" ","UNIT":" ","LOKASI":"Kampus Unhas Tamalanrea","TAHUN":2021,"Skala":"1 : 100","Luas_m2":1005.78,"FOTO":" ","Shape_Length":0.0013421898171388266,"Shape_Area":8.1941292400038315e-08}},{"type":"Feature","id":279,"geometry":{"type":"Polygon","coordinates":[[[119.4952636050001,-5.1338940829999729],[119.4952158000001,-5.1339287049999598],[119.4952071670001,-5.1339165429999412],[119.49515010300001,-5.1339619629999333],[119.4952194010001,-5.134058060999962],[119.49531048800009,-5.1339907489999632],[119.49530257900005,-5.1339807359999554],[119.4953182700001,-5.1339677619999406],[119.4952636050001,-5.1338940829999729]]]},"properties":{"OBJECTID":279,"Id":278,"KODE":" ","BANGUNAN":"Gudang","UNIT":" ","LOKASI":"Kampus Unhas Tamalanrea","TAHUN":2021,"Skala":"1 : 100","Luas_m2":181.31999999999999,"FOTO":" ","Shape_Length":0.00050347426189655388,"Shape_Area":1.4771878626451055e-08}},{"type":"Feature","id":280,"geometry":{"type":"Polygon","coordinates":[[[119.49490675700008,-5.1336027339999646],[119.49477068800002,-5.1334451719999379],[119.49464707300001,-5.1335496779999517],[119.49468062100004,-5.1335901999999578],[119.49466695400008,-5.1336022099999354],[119.49472087700008,-5.1336689569999407],[119.4947351400001,-5.133656943999938],[119.49478007000005,-5.133711170999959],[119.49490675700008,-5.1336027339999646]]]},"properties":{"OBJECTID":280,"Id":279,"KODE":" ","BANGUNAN":"Gudang","UNIT":" ","LOKASI":"Kampus Unhas Tamalanrea","TAHUN":2021,"Skala":"1 : 100","Luas_m2":440.39999999999998,"FOTO":" ","Shape_Length":0.00078249092849398737,"Shape_Area":3.5879304603934668e-08}},{"type":"Feature","id":281,"geometry":{"type":"Polygon","coordinates":[[[119.49478264200002,-5.1337592669999594],[119.49466129400003,-5.1336067169999637],[119.49451002900003,-5.1337271729999543],[119.49454267900001,-5.133773319999932],[119.49450732600008,-5.1337989229999721],[119.4945281900001,-5.1338281749999624],[119.49447775500005,-5.1338608949999411],[119.49444417500001,-5.1338122429999657],[119.49438521000002,-5.1338593429999264],[119.49447967600008,-5.133987149999939],[119.4945904650001,-5.1339101059999734],[119.4945905190001,-5.1339101939999523],[119.49478264200002,-5.1337592669999594]]]},"properties":{"OBJECTID":281,"Id":280,"KODE":" ","BANGUNAN":"CFC","UNIT":" ","LOKASI":"Kampus Unhas Tamalanrea","TAHUN":2021,"Skala":"1 : 100","Luas_m2":769.32000000000005,"FOTO":" ","Shape_Length":0.0012573985436563424,"Shape_Area":6.2676915854299347e-08}},{"type":"Feature","id":282,"geometry":{"type":"Polygon","coordinates":[[[119.49469937100002,-5.1326769159999799],[119.49467322200007,-5.132699137999964],[119.49466962600002,-5.1326943699999674],[119.49439147100009,-5.1329238289999353],[119.49439566500007,-5.1329291929999386],[119.4943267220001,-5.1329862569999705],[119.49434530100007,-5.133010694999939],[119.49416402400004,-5.1331602639999687],[119.49415780300001,-5.1332469739999738],[119.49409123200007,-5.1333010399999353],[119.49423980800009,-5.1334821999999463],[119.49423743000011,-5.1334840029999782],[119.49427876600009,-5.1335340599999313],[119.49422706400003,-5.1335785009999313],[119.49428875400008,-5.1336494029999358],[119.49433928200006,-5.1336097479999694],[119.49437821700008,-5.1336556289999749],[119.49440139100011,-5.1336352119999447],[119.49441037700001,-5.1336459379999724],[119.49469030400007,-5.1334122869999419],[119.49468132800007,-5.1334039519999806],[119.4947496640001,-5.1333439019999787],[119.49471372000005,-5.1333003999999391],[119.49476959200001,-5.1332553439999629],[119.49477378200004,-5.1332595129999277],[119.4949039390001,-5.1331507959999385],[119.49491950700008,-5.1331674749999365],[119.49497463900002,-5.1331207819999349],[119.4949741800001,-5.1331206299999508],[119.49497411300001,-5.1331032929999765],[119.49497642100005,-5.1330835559999741],[119.49498406000009,-5.133054829999935],[119.49497986100005,-5.1330482699999607],[119.49498342700008,-5.1330452669999431],[119.49486659000002,-5.1328992549999271],[119.49490343800005,-5.1328686209999432],[119.49486508100006,-5.1328179549999504],[119.49481216200002,-5.1328558249999787],[119.4947816020001,-5.1328170859999318],[119.49479942500011,-5.1328002769999443],[119.49469937100002,-5.1326769159999799]]]},"properties":{"OBJECTID":282,"Id":281,"KODE":" ","BANGUNAN":"Rumah Sakit Unhas","UNIT":" ","LOKASI":"Kampus Unhas Tamalanrea","TAHUN":2021,"Skala":"1 : 100","Luas_m2":5503.9399999999996,"FOTO":" ","Shape_Length":0.0031119267277751597,"Shape_Area":4.4840654665220017e-07}},{"type":"Feature","id":283,"geometry":{"type":"Polygon","coordinates":[[[119.49462494800002,-5.1326052529999515],[119.49462467500007,-5.1326041529999316],[119.4945767480001,-5.1325457529999312],[119.49452266200001,-5.1325902039999391],[119.49457000000007,-5.1326503999999318],[119.49462494800002,-5.1326052529999515]]]},"properties":{"OBJECTID":283,"Id":282,"KODE":" ","BANGUNAN":"Rumah Sakit Unhas","UNIT":" ","LOKASI":"Kampus Unhas Tamalanrea","TAHUN":2021,"Skala":"1 : 100","Luas_m2":66.540000000000006,"FOTO":" ","Shape_Length":0.00029438623038531992,"Shape_Area":5.4211250998639722e-09}},{"type":"Feature","id":284,"geometry":{"type":"Polygon","coordinates":[[[119.49441130100001,-5.1329074699999637],[119.49428356400006,-5.1327538279999771],[119.49454804900006,-5.1325357809999446],[119.4945396600001,-5.132525052999938],[119.49456104600006,-5.1325046429999475],[119.49446937900007,-5.1323914129999366],[119.49447294000004,-5.132387213999948],[119.49446874500006,-5.1323818499999447],[119.49450916000001,-5.1323482129999434],[119.49427791700009,-5.1320681349999404],[119.49423154700003,-5.1321035889999393],[119.49418422600002,-5.1320475769999803],[119.4941901740001,-5.1320439669999587],[119.49413804500011,-5.1319784089999416],[119.49386228200001,-5.1322096519999718],[119.4938443210001,-5.1321905919999722],[119.49382054700004,-5.1322104129999389],[119.49374147600008,-5.1321162639999329],[119.49347877900004,-5.1323343039999259],[119.49348417100009,-5.1323408589999531],[119.4934743340001,-5.132418017999953],[119.49345828200001,-5.1324300369999492],[119.49353856200003,-5.1325283659999741],[119.4935100350001,-5.1325523909999333],[119.49360349300002,-5.1326662119999469],[119.49363331200004,-5.1326678889999471],[119.49364461300001,-5.1326606709999396],[119.49380756100004,-5.1328579179999565],[119.49379983500012,-5.132864523999956],[119.49379700700001,-5.1329039919999673],[119.49397194300002,-5.1331173329999729],[119.4940172690001,-5.1331201449999639],[119.49419852000005,-5.1329639999999586],[119.49419373400008,-5.132959833999962],[119.49425317000009,-5.1329111769999258],[119.49432445100001,-5.1329951929999424],[119.49433040400004,-5.1329910999999697],[119.4943267220001,-5.1329862569999705],[119.49439566500007,-5.1329291929999386],[119.49439147100009,-5.1329238289999353],[119.49441130100001,-5.1329074699999637]]]},"properties":{"OBJECTID":284,"Id":283,"KODE":" ","BANGUNAN":"Rumah Sakit Unhas","UNIT":" ","LOKASI":"Kampus Unhas Tamalanrea","TAHUN":2021,"Skala":"1 : 100","Luas_m2":8754.2199999999993,"FOTO":" ","Shape_Length":0.0039192239436868434,"Shape_Area":7.1320790547179395e-07}},{"type":"Feature","id":285,"geometry":{"type":"Polygon","coordinates":[[[119.49336771000003,-5.1322814109999513],[119.4933664780001,-5.1322712529999421],[119.49340818000007,-5.1322621219999291],[119.49340299400001,-5.1322295279999253],[119.49340268600008,-5.1322292629999424],[119.49333878700008,-5.1318965189999517],[119.49308974000007,-5.1319447199999786],[119.49315618700007,-5.1323193029999743],[119.49336771000003,-5.1322814109999513]]]},"properties":{"OBJECTID":285,"Id":284,"KODE":" ","BANGUNAN":"Parkiran RS Unhas","UNIT":" ","LOKASI":"Kampus Unhas Tamalanrea","TAHUN":2021,"Skala":"1 : 100","Luas_m2":1196.6400000000001,"FOTO":" ","Shape_Length":0.001274146199109294,"Shape_Area":9.7490444065385799e-08}},{"type":"Feature","id":286,"geometry":{"type":"Polygon","coordinates":[[[119.49444148100008,-5.1320644859999334],[119.49443147600005,-5.1320382409999752],[119.49440230400012,-5.1320497139999475],[119.49441194800011,-5.1320765789999427],[119.49444148100008,-5.1320644859999334]]]},"properties":{"OBJECTID":286,"Id":285,"KODE":" ","BANGUNAN":"WC","UNIT":" ","LOKASI":"Kampus Unhas Tamalanrea","TAHUN":2021,"Skala":"1 : 100","Luas_m2":10.99,"FOTO":" ","Shape_Length":0.00011989092837723318,"Shape_Area":8.9521771905378408e-10}},{"type":"Feature","id":287,"geometry":{"type":"Polygon","coordinates":[[[119.49439570700008,-5.1320001829999455],[119.49439495100012,-5.1319989269999269],[119.49437041900001,-5.131976902999952],[119.49435378700002,-5.1319931099999394],[119.49438012200005,-5.1320187139999689],[119.49439570700008,-5.1320001829999455]]]},"properties":{"OBJECTID":287,"Id":286,"KODE":" ","BANGUNAN":"WC","UNIT":" ","LOKASI":"Kampus Unhas Tamalanrea","TAHUN":2021,"Skala":"1 : 100","Luas_m2":10.42,"FOTO":" ","Shape_Length":0.00011859987828053855,"Shape_Area":8.4912492658567709e-10}},{"type":"Feature","id":288,"geometry":{"type":"Polygon","coordinates":[[[119.49463976000004,-5.1323943339999687],[119.49472743000001,-5.1322463269999616],[119.49472782200007,-5.132245849999947],[119.49466166200011,-5.1321999529999403],[119.49458215700008,-5.1321476539999367],[119.49453257100004,-5.1321227389999535],[119.49452179900004,-5.132112617999951],[119.49448355100003,-5.1320900489999417],[119.49446563800007,-5.1320835429999647],[119.49445908400003,-5.132084764999945],[119.49443840100002,-5.1321326719999547],[119.49443310700008,-5.1321512259999622],[119.49443551800005,-5.1321577919999299],[119.49445231300001,-5.1321834339999555],[119.49446668500002,-5.1321995189999257],[119.49448046600003,-5.1322168019999594],[119.49449361800009,-5.1322257179999724],[119.49450376800007,-5.1322292659999675],[119.49452226100004,-5.1322315849999427],[119.49453241100002,-5.1322351319999484],[119.49454077500002,-5.1322392839999793],[119.49454675600009,-5.1322440439999468],[119.49454916400009,-5.132250011999929],[119.49455038700012,-5.1322577799999749],[119.49454982600002,-5.132266748999939],[119.49454629700006,-5.1322793169999272],[119.49454335500002,-5.1322894919999271],[119.49454338300006,-5.1322966659999452],[119.4945457980001,-5.1323044279999408],[119.49462070300001,-5.1324003869999615],[119.49462846400002,-5.1324027479999472],[119.49463976000004,-5.1323943339999687]]]},"properties":{"OBJECTID":288,"Id":287,"KODE":" ","BANGUNAN":"Kolam","UNIT":" ","LOKASI":"Kampus Unhas Tamalanrea","TAHUN":2021,"Skala":"1 : 100","Luas_m2":497.18000000000001,"FOTO":" ","Shape_Length":0.00092071185272465082,"Shape_Area":4.0505117624636849e-08}},{"type":"Feature","id":289,"geometry":{"type":"Polygon","coordinates":[[[119.49523700700001,-5.1329709659999594],[119.4952094360001,-5.1329323789999535],[119.49516069000003,-5.1329702329999805],[119.49518706900005,-5.1330071959999373],[119.49523700700001,-5.1329709659999594]]]},"properties":{"OBJECTID":289,"Id":288,"KODE":" ","BANGUNAN":"Gudang","UNIT":" ","LOKASI":"Kampus Unhas Tamalanrea","TAHUN":2021,"Skala":"1 : 100","Luas_m2":35.140000000000001,"FOTO":" ","Shape_Length":0.0002162494225263137,"Shape_Area":2.8631019984137517e-09}},{"type":"Feature","id":290,"geometry":{"type":"Polygon","coordinates":[[[119.49515551900004,-5.133006752999961],[119.49513926700001,-5.1329810779999434],[119.49511369100003,-5.1329973189999691],[119.49512750300005,-5.1330223739999497],[119.49515551900004,-5.133006752999961]]]},"properties":{"OBJECTID":290,"Id":289,"KODE":" ","BANGUNAN":"Gudang","UNIT":" ","LOKASI":"Kampus Unhas Tamalanrea","TAHUN":2021,"Skala":"1 : 100","Luas_m2":11.279999999999999,"FOTO":" ","Shape_Length":0.00012136981374383821,"Shape_Area":9.1915533207219625e-10}},{"type":"Feature","id":291,"geometry":{"type":"Polygon","coordinates":[[[119.49520677400005,-5.1328612469999371],[119.49517798900001,-5.1328189139999267],[119.49512149000009,-5.1328561999999351],[119.49515867600007,-5.1329122509999365],[119.49521220300005,-5.1328773679999813],[119.49521580900011,-5.13287493699994],[119.49520677400005,-5.1328612469999371]]]},"properties":{"OBJECTID":291,"Id":290,"KODE":" ","BANGUNAN":"Gudang","UNIT":" ","LOKASI":"Kampus Unhas Tamalanrea","TAHUN":2021,"Skala":"1 : 100","Luas_m2":56.350000000000001,"FOTO":" ","Shape_Length":0.00027079198967431959,"Shape_Area":4.5906221092070131e-09}},{"type":"Feature","id":292,"geometry":{"type":"Polygon","coordinates":[[[119.49527602900002,-5.1328842919999715],[119.49523888100009,-5.1328378059999409],[119.49520677400005,-5.1328612469999371],[119.49521580900011,-5.13287493699994],[119.49521220300005,-5.1328773679999813],[119.49523897400002,-5.1329109689999655],[119.49527602900002,-5.1328842919999715]]]},"properties":{"OBJECTID":292,"Id":291,"KODE":" ","BANGUNAN":"Gudang","UNIT":" ","LOKASI":"Kampus Unhas Tamalanrea","TAHUN":2021,"Skala":"1 : 100","Luas_m2":32.170000000000002,"FOTO":" ","Shape_Length":0.00020863137873353697,"Shape_Area":2.6212928088416606e-09}},{"type":"Feature","id":293,"geometry":{"type":"Polygon","coordinates":[[[119.49578424000003,-5.1340201489999799],[119.49570754100012,-5.1340760469999509],[119.4957003510001,-5.1340671079999538],[119.49563495000007,-5.1341151899999318],[119.49564154600012,-5.1341247299999395],[119.49557021900011,-5.1341823999999292],[119.49560439400011,-5.1342306909999706],[119.49552829100003,-5.1342865869999628],[119.49553786100012,-5.1342943219999597],[119.49552180900002,-5.1343063409999559],[119.49553559000003,-5.1343236239999328],[119.49550646000012,-5.1343458579999606],[119.49545310500002,-5.1342719349999584],[119.49543645200004,-5.1342827619999412],[119.49541727700012,-5.134258324999962],[119.49540467200006,-5.1342368529999476],[119.49539205800011,-5.1342129889999342],[119.49538543000006,-5.1341950799999267],[119.49538060400005,-5.134180750999974],[119.49537699200005,-5.134171796999965],[119.49535022300006,-5.1341880429999378],[119.49534302900008,-5.1341779079999696],[119.49533707300009,-5.1341797249999672],[119.49530891000006,-5.1341439649999643],[119.49527144700005,-5.1341698189999647],[119.49527803300009,-5.1341769669999735],[119.49525484300011,-5.1341931989999807],[119.49524345800012,-5.1341788949999341],[119.49518697500002,-5.1342203669999549],[119.49520134500005,-5.1342358539999395],[119.49518468300005,-5.1342442889999802],[119.49517929400008,-5.1342383319999385],[119.49514065200003,-5.1342677769999341],[119.49517001200002,-5.134304727999961],[119.49516346700011,-5.1343083399999614],[119.49517365200006,-5.1343208549999417],[119.49515344000008,-5.1343364779999661],[119.49515108100002,-5.1343430629999602],[119.49515766000002,-5.134348417999945],[119.49517977300002,-5.1343614839999532],[119.49519712400001,-5.1343769589999511],[119.49521448500002,-5.1343948269999373],[119.4952318600001,-5.1344162809999716],[119.49524145300006,-5.1344299929999693],[119.49523253500001,-5.1344366039999727],[119.49522778400001,-5.1344414059999508],[119.49523497400003,-5.1344503449999479],[119.49524994700005,-5.1344676239999671],[119.49526854300007,-5.1344962469999587],[119.49527276700007,-5.1345093829999655],[119.49527825700011,-5.1345410459999812],[119.49523593700007,-5.1345447989999684],[119.49524080000003,-5.1345686929999488],[119.49524742200003,-5.1345848089999322],[119.49526363500001,-5.1346140389999277],[119.49528521800005,-5.1346444439999459],[119.49531037000008,-5.1346724439999321],[119.49532712500002,-5.1346879219999551],[119.49535044100003,-5.1347039719999543],[119.49537055600001,-5.1346632409999415],[119.49538728800007,-5.1346727409999744],[119.49540639300005,-5.1346792419999474],[119.49543035000011,-5.134706648999952],[119.49544955100009,-5.1347376609999742],[119.49546620900003,-5.1347280309999519],[119.4954853910001,-5.1347542599999656],[119.49550279800008,-5.1347840839999321],[119.49551244000008,-5.1348103509999419],[119.49551847300006,-5.1348282619999281],[119.49552509000011,-5.1348431819999405],[119.49555005500008,-5.1348233559999699],[119.49556204100008,-5.1348388529999625],[119.49556619800001,-5.1348346519999382],[119.49559316900002,-5.1348704159999556],[119.49563301500007,-5.1348439559999406],[119.49562463000007,-5.1348344229999725],[119.49564246200009,-5.1348200059999272],[119.49566161600001,-5.1348390609999797],[119.49571214600007,-5.1348000049999314],[119.49569836000001,-5.1347815259999265],[119.49572154200007,-5.1347629019999772],[119.49572873400007,-5.1347724389999598],[119.49575965500003,-5.1347507959999348],[119.49573087200008,-5.1347090609999668],[119.4957386000001,-5.1347030519999635],[119.49572781200004,-5.134688745999938],[119.49574327200003,-5.1346779249999486],[119.49575159200003,-5.1346707179999385],[119.49575038100011,-5.1346659399999339],[119.49573066500011,-5.1346558539999592],[119.49571452000009,-5.1346439609999379],[119.49569058600002,-5.1346225329999697],[119.49567560800006,-5.1346040579999794],[119.49566002000006,-5.1345819989999768],[119.49567428500006,-5.134570584999949],[119.49561733500002,-5.1344918939999502],[119.49564170700012,-5.134472667999944],[119.49566505600001,-5.1344970869999429],[119.49570607800001,-5.1344664379999472],[119.49590925200005,-5.1347346679999646],[119.49591996400011,-5.13472924499996],[119.49593315300001,-5.1347477269999331],[119.49608357300008,-5.1346365389999278],[119.49608570700002,-5.134635044999925],[119.4960906980001,-5.1346287389999361],[119.49610196100002,-5.1346119559999579],[119.49610786100004,-5.1345957909999811],[119.49611493200007,-5.1345742419999283],[119.49612019100005,-5.1345467209999356],[119.49612007700011,-5.134517427999981],[119.49611761600011,-5.1344977089999588],[119.49611335800012,-5.1344762029999629],[119.49610133100009,-5.1344499459999611],[119.49578424000003,-5.1340201489999799]]]},"properties":{"OBJECTID":293,"Id":292,"KODE":" ","BANGUNAN":"Private Care Center","UNIT":" ","LOKASI":"Kampus Unhas Tamalanrea","TAHUN":2021,"Skala":"1 : 100","Luas_m2":5415.8500000000004,"FOTO":" ","Shape_Length":0.0041903269211589576,"Shape_Area":4.4123032592300413e-07}},{"type":"Feature","id":294,"geometry":{"type":"Polygon","coordinates":[[[119.49596304800002,-5.1342625119999639],[119.49601262600004,-5.1342246109999792],[119.49596168000005,-5.1341566569999486],[119.49591232700004,-5.1341937629999279],[119.49596304800002,-5.1342625119999639]]]},"properties":{"OBJECTID":294,"Id":293,"KODE":" ","BANGUNAN":"Private Care Center","UNIT":" ","LOKASI":"Kampus Unhas Tamalanrea","TAHUN":2021,"Skala":"1 : 100","Luas_m2":64.900000000000006,"FOTO":" ","Shape_Length":0.0002945169320974707,"Shape_Area":5.2874752914687211e-09}},{"type":"Feature","id":295,"geometry":{"type":"Polygon","coordinates":[[[119.49578380200001,-5.1339534919999323],[119.49573825500011,-5.1338938869999424],[119.49558248700009,-5.1340098779999721],[119.49562624300006,-5.1340688919999593],[119.49562639200008,-5.1340690519999725],[119.49578380200001,-5.1339534919999323]]]},"properties":{"OBJECTID":295,"Id":294,"KODE":" ","BANGUNAN":"Gudang","UNIT":" ","LOKASI":"Kampus Unhas Tamalanrea","TAHUN":2021,"Skala":"1 : 100","Luas_m2":177.72,"FOTO":" ","Shape_Length":0.00053818414692129396,"Shape_Area":1.4478813484040194e-08}},{"type":"Feature","id":296,"geometry":{"type":"Polygon","coordinates":[[[119.49580517600009,-5.1339300929999467],[119.49591516300006,-5.1338477599999806],[119.4958750190001,-5.1337976989999561],[119.49576682100007,-5.1338800249999395],[119.49580482500005,-5.133930285999952],[119.49580517600009,-5.1339300929999467]]]},"properties":{"OBJECTID":296,"Id":295,"KODE":" ","BANGUNAN":"Gudang","UNIT":" ","LOKASI":"Kampus Unhas Tamalanrea","TAHUN":2021,"Skala":"1 : 100","Luas_m2":106.86,"FOTO":" ","Shape_Length":0.00040092784019044969,"Shape_Area":8.7055413689936192e-09}},{"type":"Feature","id":297,"geometry":{"type":"Polygon","coordinates":[[[119.49524345800012,-5.1341788949999341],[119.49523668900008,-5.1341708509999648],[119.49522598200008,-5.1341774689999511],[119.49520139900005,-5.134142292999968],[119.49489521800001,-5.1343712649999702],[119.49486411800001,-5.1343468749999488],[119.49470334400007,-5.1345555499999591],[119.49476911300007,-5.1346019239999805],[119.49492452900006,-5.1343956609999282],[119.49519325600011,-5.134194933999936],[119.49520345500002,-5.1342082659999733],[119.49524345800012,-5.1341788949999341]]]},"properties":{"OBJECTID":297,"Id":296,"KODE":" ","BANGUNAN":" ","UNIT":" ","LOKASI":"Kampus Unhas Tamalanrea","TAHUN":2021,"Skala":"1 : 100","Luas_m2":434.86000000000001,"FOTO":" ","Shape_Length":0.0014918598145985881,"Shape_Area":3.5427651808590267e-08}},{"type":"Feature","id":298,"geometry":{"type":"Polygon","coordinates":[[[119.49375331100009,-5.1317815279999763],[119.49374040200007,-5.1316817399999763],[119.49355385900003,-5.1317033929999525],[119.49355269400007,-5.1317045669999288],[119.4935613990001,-5.1318026039999722],[119.49375331100009,-5.1317815279999763]]]},"properties":{"OBJECTID":298,"Id":297,"KODE":" ","BANGUNAN":"Gudang","UNIT":" ","LOKASI":"Kampus Unhas Tamalanrea","TAHUN":2021,"Skala":"1 : 100","Luas_m2":234.55000000000001,"FOTO":" ","Shape_Length":0.00058155747438508277,"Shape_Area":1.9108699356139578e-08}},{"type":"Feature","id":299,"geometry":{"type":"Polygon","coordinates":[[[119.49377975800007,-5.1319894709999403],[119.49377822400004,-5.1319877719999454],[119.49364258900005,-5.1319816369999671],[119.49364345200001,-5.1318967409999345],[119.49355997800001,-5.1318970669999544],[119.49355422300005,-5.132103939999979],[119.49352738500011,-5.1321022519999246],[119.49352289800004,-5.1321752049999532],[119.49364753600003,-5.1321806959999776],[119.49367071600011,-5.1321614749999753],[119.49366929500002,-5.132102892999967],[119.49363708700002,-5.1321000299999469],[119.49364052200008,-5.1320635479999623],[119.49377291700011,-5.132070204999934],[119.49377975800007,-5.1319894709999403]]]},"properties":{"OBJECTID":299,"Id":298,"KODE":" ","BANGUNAN":"Rumah Sakit Unhas","UNIT":" ","LOKASI":"Kampus Unhas Tamalanrea","TAHUN":2021,"Skala":"1 : 100","Luas_m2":482.16000000000003,"FOTO":" ","Shape_Length":0.0011094071721660984,"Shape_Area":3.9281784553520888e-08}},{"type":"Feature","id":300,"geometry":{"type":"Polygon","coordinates":[[[119.4899130980001,-5.1381781439999372],[119.49014288800004,-5.1380836849999696],[119.49008207500003,-5.1379317729999343],[119.48996747000001,-5.1379767599999582],[119.49001353000006,-5.1380916629999547],[119.48992006800006,-5.1381305879999672],[119.48989110600007,-5.1381193429999712],[119.4899130980001,-5.1381781439999372]]]},"properties":{"OBJECTID":300,"Id":299,"KODE":" ","BANGUNAN":"Masjid Ikhtiar Kampus Unhas","UNIT":" ","LOKASI":"Kampus Unhas Tamalanrea","TAHUN":2021,"Skala":"1 : 100","Luas_m2":315.39999999999998,"FOTO":" ","Shape_Length":0.00085407986238023492,"Shape_Area":2.5695793495766165e-08}},{"type":"Feature","id":301,"geometry":{"type":"Polygon","coordinates":[[[119.49097880800002,-5.1361371389999704],[119.49093278300006,-5.1361080239999524],[119.49089992200004,-5.1360908149999318],[119.49087961000009,-5.1360807319999253],[119.4908479390001,-5.1360629199999721],[119.49082644400005,-5.1360552319999329],[119.4907983810001,-5.1360451789999502],[119.49077867000005,-5.136036287999957],[119.49076071200011,-5.136018422999939],[119.49075230200003,-5.1360023139999385],[119.49074209900004,-5.135985016999939],[119.49073014100009,-5.1359766939999645],[119.49070268100002,-5.1359684319999701],[119.49068774700004,-5.135961315999964],[119.49065844500001,-5.1359393099999693],[119.49063630700005,-5.1359196679999286],[119.49061538300009,-5.1359054019999348],[119.49059744200008,-5.1358917219999398],[119.49058070700005,-5.1358816239999783],[119.4905538270001,-5.1358691739999358],[119.49053232500012,-5.1358596929999294],[119.49050546400008,-5.1358520259999523],[119.49049530400009,-5.1358460869999476],[119.49048273400001,-5.1358335819999752],[119.4904570650001,-5.1358259099999373],[119.49043976700011,-5.1358241839999437],[119.4904147200001,-5.1358230859999594],[119.4903890600001,-5.1358178059999773],[119.49037115900001,-5.1358142889999385],[119.49034668000002,-5.1358060139999679],[119.49032397400003,-5.1357935489999704],[119.49030661800009,-5.1357768769999552],[119.49029283700008,-5.1357595939999783],[119.49028501100008,-5.1357404929999575],[119.49027241100009,-5.1357202159999247],[119.49026399900004,-5.135703509999928],[119.49026389400001,-5.1356766069999367],[119.49026197300009,-5.1356425379999564],[119.49026008400006,-5.1356168389999652],[119.49026830200012,-5.1355833279999388],[119.49027658200009,-5.1355659579999724],[119.49028603400006,-5.13554320399993],[119.49028833300008,-5.1355210749999287],[119.49026975600009,-5.1354972339999563],[119.49024759800011,-5.1354722109999784],[119.49022965000006,-5.1354567379999594],[119.49020391800002,-5.1354329249999751],[119.49016863700001,-5.135406757999931],[119.49014114300007,-5.135389527999962],[119.49009991100002,-5.1353663729999539],[119.49006289200008,-5.1353533649999576],[119.49003783400008,-5.1353492779999783],[119.49000682900009,-5.1353493989999492],[119.48997523200001,-5.1353507179999269],[119.48994840600005,-5.135352017999935],[119.48992218900003,-5.1353569029999449],[119.48989001900009,-5.1353642029999378],[119.48987157100009,-5.1353732429999468],[119.48981924400005,-5.1354105129999539],[119.48978889800003,-5.1354267729999492],[119.48976152400007,-5.1354406299999482],[119.48974070200006,-5.1354526679999708],[119.48970739300012,-5.135473721999972],[119.48968241600005,-5.1354905589999476],[119.48964610200005,-5.135505645999956],[119.48960917400007,-5.1355159539999704],[119.48957878400006,-5.1355208549999247],[119.48954600400009,-5.1355245699999728],[119.48951505000002,-5.1355378429999519],[119.48947580200002,-5.1355648989999736],[119.48945203100004,-5.1355853179999258],[119.48943841300002,-5.1356098819999261],[119.48941882200006,-5.1356320789999472],[119.48939868200011,-5.1356662339999275],[119.48937672300008,-5.1356926239999439],[119.48935296600007,-5.1357166299999335],[119.48933934000001,-5.1357394009999666],[119.48932632500009,-5.1357657569999446],[119.48931746500011,-5.1357873139999697],[119.48930980400007,-5.1358106589999579],[119.48930337700006,-5.1358447609999303],[119.48929156400004,-5.1358735029999707],[119.48928211600003,-5.1358974529999273],[119.48928101700005,-5.1359213709999381],[119.48928525800011,-5.1359386919999679],[119.48928293800009,-5.1359554399999752],[119.48927940700003,-5.1359674109999673],[119.48928069700003,-5.1359925149999412],[119.48928970100008,-5.1360080229999312],[119.48931239100011,-5.136016303999952],[119.48931841100011,-5.1360312269999326],[119.48932446700007,-5.1360551169999553],[119.48933826900009,-5.1360777809999263],[119.48935740400009,-5.1360920539999597],[119.48937711300005,-5.1361003469999673],[119.48938192900005,-5.1361122849999674],[119.48938082000006,-5.1361338109999792],[119.48938863700005,-5.1361505199999442],[119.48940542000003,-5.1361731719999284],[119.48940790900008,-5.1362000649999686],[119.48941158200012,-5.1362245619999385],[119.4894146470001,-5.136246071999949],[119.48942429400006,-5.1362735349999298],[119.48943271300004,-5.1362920349999399],[119.48943932500003,-5.1363057589999812],[119.48943579200011,-5.136317131999931],[119.48943525800007,-5.1363332759999594],[119.48943414200005,-5.1363530089999472],[119.48943779900003,-5.1363733209999509],[119.48943607500007,-5.1363900669999794],[119.48943976100009,-5.1364181509999298],[119.48944281200011,-5.1364360739999597],[119.48944348100008,-5.1364546039999368],[119.48944413000004,-5.1364683519999517],[119.48944124600007,-5.1364934719999269],[119.4894329870001,-5.1365162219999547],[119.48941937100005,-5.13654138499993],[119.48941704100002,-5.1365557419999277],[119.48941830800004,-5.1365748679999683],[119.48942316200009,-5.1365963709999392],[119.48942621300012,-5.136614293999969],[119.48943405200009,-5.136636980999981],[119.48943651100001,-5.1366561019999608],[119.48943001100008,-5.1366710729999454],[119.48940921800011,-5.1366908829999716],[119.48939136100012,-5.1366987249999738],[119.48937113000011,-5.1367095649999328],[119.48935210600007,-5.1367239869999253],[119.48934203200008,-5.1367401679999602],[119.48933495900008,-5.1367611199999601],[119.48933681900007,-5.1367796449999332],[119.48933781800008,-5.1367851909999445],[119.48933864800006,-5.1367898009999635],[119.48934349000001,-5.1368083149999393],[119.48934712700009,-5.1368238449999808],[119.48934241500001,-5.1368388089999257],[119.48932874600007,-5.1368502219999641],[119.48931450300006,-5.1368676139999252],[119.48931095800003,-5.1368759979999368],[119.48928898500003,-5.1368988009999725],[119.4892753150001,-5.1369102139999541],[119.48925569200003,-5.1369240399999399],[119.48924738700009,-5.1369348339999306],[119.48924090700007,-5.136955185999966],[119.48923501600007,-5.136973740999963],[119.48923031800007,-5.1369922929999348],[119.4892238430001,-5.1370138399999519],[119.48922272000004,-5.1370317799999725],[119.48921686400001,-5.1370593029999441],[119.48921279000001,-5.1370850259999656],[119.48921346100008,-5.1371041539999283],[119.48921176900001,-5.1371292699999458],[119.48921123600007,-5.1371454129999279],[119.48921072300004,-5.1371669369999609],[119.48920008400012,-5.1371908919999782],[119.4891942160001,-5.1372154259999547],[119.48917819200005,-5.1372346199999583],[119.48916455700009,-5.1372549989999357],[119.48915984000007,-5.1372687679999558],[119.48916050600008,-5.1372866999999474],[119.48915638300002,-5.1372998689999463],[119.4891415300001,-5.1373136769999519],[119.48912429000006,-5.1373268969999799],[119.48911358500004,-5.1373341129999517],[119.48910469000009,-5.1373467019999453],[119.48908983500007,-5.1373599119999653],[119.4890803620001,-5.1373772859999463],[119.48907324000004,-5.1373856839999803],[119.48904406100007,-5.1373953629999392],[119.48902738700008,-5.1374008089999279],[119.48900591500001,-5.1373990989999356],[119.48898982000003,-5.1374003579999794],[119.48898273000009,-5.1374171249999563],[119.48897024400003,-5.1374261409999349],[119.48895420100007,-5.13744055199993],[119.48892620700008,-5.1374484329999746],[119.48889760100008,-5.137452130999975],[119.48887493900008,-5.1374510239999722],[119.48884869200003,-5.1374481369999785],[119.4888242180001,-5.1374410589999684],[119.48880807000012,-5.1374285669999722],[119.48879549300011,-5.1374142679999295],[119.48878052200007,-5.1373975869999526],[119.48876795900003,-5.1373868749999474],[119.48874883200006,-5.1373749929999803],[119.48873330700008,-5.137369074999981],[119.48870112800012,-5.1373739839999644],[119.48867312900006,-5.137380668999981],[119.48863443100004,-5.1373957659999405],[119.48860170400008,-5.1374132309999254],[119.48857851300011,-5.1374294629999326],[119.48855412300009,-5.1374439059999304],[119.48853571800009,-5.1374643049999804],[119.48853356200004,-5.1374721009999575],[119.48867680500007,-5.1376927409999666],[119.48871679300009,-5.1376717799999483],[119.48873433100005,-5.1377047129999482],[119.48870958200007,-5.1377189179999618],[119.48874731900003,-5.1377940979999721],[119.48876723400008,-5.1378248689999282],[119.48877921600001,-5.1378394089999802],[119.48878773700005,-5.1378532459999633],[119.48880157600001,-5.1378854749999618],[119.48881841700006,-5.1379230729999676],[119.48883581300004,-5.1379499069999497],[119.48885020400007,-5.1379707759999746],[119.48887234400001,-5.137991015999944],[119.48889268000005,-5.1380070779999301],[119.48891837400004,-5.1380213259999437],[119.48893921000001,-5.1380250799999772],[119.48897544900001,-5.1380215909999265],[119.48899974100004,-5.1380124089999413],[119.48902256300005,-5.1379931889999284],[119.4890368450001,-5.1379859589999342],[119.48905259800006,-5.1379887669999675],[119.48907454700009,-5.1379905949999625],[119.48909503800007,-5.1379852539999433],[119.48911261400008,-5.1379665329999398],[119.48911730500004,-5.1379459489999704],[119.48912777400005,-5.1379396899999392],[119.48914400000001,-5.1379415399999289],[119.48916452000003,-5.1379438509999318],[119.48917930700009,-5.1379437939999661],[119.48919452100006,-5.1379308209999408],[119.48920162400009,-5.1379174019999709],[119.48921064500007,-5.1379063659999247],[119.48921824100012,-5.1378972499999804],[119.48923350000007,-5.1378957549999313],[119.48924926300003,-5.1379014329999677],[119.48926980400006,-5.1379090049999263],[119.48928938500001,-5.1379151459999548],[119.48930420000011,-5.1379222619999609],[119.48931565700002,-5.137924608999981],[119.48933187200009,-5.1379235889999677],[119.4893537800001,-5.1379148949999376],[119.48938616500004,-5.1379013769999347],[119.48940855800004,-5.1378945939999312],[119.48942948400008,-5.137878728999965],[119.48943560400005,-5.1378576609999413],[119.48944696600006,-5.1378356169999506],[119.48946317900004,-5.1378342379999253],[119.48948699200002,-5.1378245799999718],[119.48951314600004,-5.1378035529999693],[119.48953035400007,-5.1377819639999416],[119.48956009200003,-5.13776271699993],[119.48959761600008,-5.1377524079999262],[119.48962561700012,-5.1377463199999625],[119.48965421900004,-5.1377414259999341],[119.48968399600005,-5.1377323419999357],[119.48971260000008,-5.1377280449999603],[119.4897364410001,-5.1377255609999679],[119.48976029100004,-5.1377254679999282],[119.48978412000008,-5.1377199939999514],[119.48983889900001,-5.1377000519999569],[119.48987638800008,-5.1376807749999784],[119.48991270400006,-5.1376662849999661],[119.4899353290001,-5.1376578269999413],[119.4899585500001,-5.1376493669999377],[119.48998060000008,-5.1376462909999532],[119.48999726300008,-5.1376378559999694],[119.49001390700005,-5.1376246389999665],[119.49002998200001,-5.1376185979999605],[119.49005264200002,-5.1376191069999777],[119.49006873200005,-5.1376166529999523],[119.49008059400001,-5.1376004649999345],[119.49008113000002,-5.1375849199999379],[119.49009296200006,-5.1375609599999734],[119.49009228400007,-5.1375400379999405],[119.49010115400006,-5.1375208729999713],[119.49012317300003,-5.1375100259999726],[119.49014345800003,-5.1375129359999505],[119.49016907300006,-5.1375068579999379],[119.49018272000001,-5.1374894669999662],[119.49019878100012,-5.1374798389999796],[119.49021187100004,-5.1374726139999325],[119.49022558200011,-5.1374719619999496],[119.49023693000004,-5.1374767009999687],[119.49024888500003,-5.1374844259999577],[119.4902620260001,-5.1374903529999756],[119.49027394100005,-5.1374879149999515],[119.49029302100007,-5.1374878409999383],[119.49030260100005,-5.1374979659999553],[119.49030802100003,-5.1375116949999438],[119.4903134330001,-5.137523630999965],[119.49033014000008,-5.1375265549999654],[119.49035219700011,-5.1375252729999374],[119.49037425100005,-5.1375233939999703],[119.49039510600005,-5.1375197249999474],[119.49040404000004,-5.1375172989999669],[119.49041593100003,-5.1375082849999671],[119.49042540800008,-5.1374921059999679],[119.49043965500005,-5.1374759089999316],[119.49045094000007,-5.137464505999958],[119.49046580700008,-5.137454284999933],[119.49047350000001,-5.1374393089999444],[119.49048655500007,-5.1374231169999689],[119.49050140800011,-5.1374093079999739],[119.49051685900008,-5.1373960959999749],[119.49053052600004,-5.1373840859999405],[119.49054716300009,-5.137369074999981],[119.49056262900001,-5.1373594489999732],[119.49058169500006,-5.1373557869999331],[119.49059778700007,-5.1373539309999501],[119.49061331000007,-5.1373592509999639],[119.49063839900009,-5.1373711099999468],[119.49066588900007,-5.1373871439999448],[119.49068261000002,-5.1373936549999257],[119.49071663800009,-5.1374042829999667],[119.49073931600003,-5.1374095749999356],[119.49075721100007,-5.1374112989999503],[119.49078702800011,-5.137412377999965],[119.49081801700004,-5.1374080719999711],[119.49084126100001,-5.1374055899999576],[119.49087284900008,-5.1374018789999809],[119.49090621100004,-5.1373945749999734],[119.49094256800004,-5.1373908459999598],[119.4909699750001,-5.1373853579999604],[119.49099918400009,-5.1373834509999483],[119.49103673900004,-5.1373809129999586],[119.49113001600006,-5.137325308999948],[119.49115718300004,-5.1373194629999261],[119.49119724000002,-5.1373164369999813],[119.49124298200002,-5.1373033449999639],[119.49127440300003,-5.137287439999966],[119.49129148000009,-5.1372629809999353],[119.49130996000008,-5.1372313429999394],[119.49132705400007,-5.1372111889999701],[119.4913469820001,-5.1371838499999285],[119.49136555700011,-5.1371766039999329],[119.49139698900001,-5.1371635679999486],[119.49143130500011,-5.1371562599999265],[119.4914627710001,-5.1371518319999723],[119.49148705300001,-5.1371402589999775],[119.49151270000004,-5.1371114629999397],[119.49152830700007,-5.1370769669999277],[119.49154962700004,-5.1370395779999285],[119.49156806800011,-5.1369978969999579],[119.49158221700009,-5.1369562319999318],[119.49159060200009,-5.1369045469999719],[119.49159759000008,-5.1368614749999324],[119.49159887000008,-5.1368227309999384],[119.49159713200004,-5.1367438229999607],[119.49159686500002,-5.1366749539999432],[119.49158092900007,-5.1366247979999571],[119.4915721640001,-5.136578917999941],[119.49157061100004,-5.1365473589999624],[119.49155610000003,-5.1364957629999708],[119.49154590500007,-5.1364498889999481],[119.49152716800006,-5.1364155269999401],[119.49150559100008,-5.1363869149999459],[119.49149553000007,-5.1363754759999551],[119.49147513500009,-5.1363522139999418],[119.4914494840001,-5.1363493249999692],[119.49140590900004,-5.1363369409999677],[119.49134618000005,-5.1363102719999461],[119.4913216760001,-5.136295420999943],[119.49130134000006,-5.1362793589999569],[119.49125711800002,-5.1362538249999261],[119.49123440700009,-5.1362401639999575],[119.49120750400004,-5.1362217359999249],[119.49117283800001,-5.1362003489999779],[119.49115609600005,-5.1361884579999355],[119.49111786000003,-5.1361688789999675],[119.49108620000004,-5.1361540559999526],[119.49104677600008,-5.1361356769999702],[119.49102057100004,-5.1361435519999645],[119.49097880800002,-5.1361371389999704]],[[119.48983343600003,-5.1366864069999565],[119.48985421900011,-5.13669493499998],[119.48987072600005,-5.1367077839999524],[119.48989942700007,-5.1367284759999734],[119.48992018700005,-5.1367312649999803],[119.48993308600006,-5.1367362359999333],[119.48996393600009,-5.1367576379999491],[119.48997756900008,-5.1367676279999728],[119.48999194300006,-5.1367840729999443],[119.49000490300011,-5.1368048269999349],[119.49001426600012,-5.1368205729999659],[119.49002731500002,-5.1368642839999552],[119.49004240200009,-5.1368800079999346],[119.49004891700008,-5.1368993519999435],[119.49005184800001,-5.1369172759999628],[119.49004623000008,-5.1369445589999714],[119.49004130500009,-5.1369660999999383],[119.49002993000011,-5.1369847969999682],[119.4900149990001,-5.1370092469999804],[119.48999928800004,-5.1370171999999457],[119.48997071800011,-5.1370302249999327],[119.48994573700008,-5.1370461049999676],[119.48992148500008,-5.137065568999958],[119.48989649000009,-5.137077862999945],[119.4898629170001,-5.1370923419999599],[119.4898350520001,-5.1371024939999756],[119.48981935000006,-5.1371125989999769],[119.48981009600004,-5.1371248309999373],[119.48980443300002,-5.1371406359999696],[119.48978662600007,-5.1371615099999417],[119.48976664500003,-5.1371752189999711],[119.48972946100002,-5.1371811029999321],[119.48970513100005,-5.137180480999973],[119.48968145300012,-5.1371633559999736],[119.48966564200009,-5.1371454819999371],[119.4896519670001,-5.1371247309999717],[119.48964044100001,-5.1371046889999548],[119.48962674300003,-5.1370781979999265],[119.48962309600006,-5.1370602779999786],[119.48962086600011,-5.1370387639999535],[119.48961935400007,-5.1370179649999272],[119.48961490800002,-5.1369785259999503],[119.48960985200006,-5.136966349999966],[119.48959976000003,-5.1369470189999333],[119.48958037200009,-5.1369291599999656],[119.48955815000011,-5.1369184849999669],[119.48954022000009,-5.136907793999967],[119.48952302600003,-5.1369021219999809],[119.48950725400005,-5.1368942919999654],[119.48949717300002,-5.1368778309999357],[119.48949139900003,-5.1368649409999421],[119.4894849210001,-5.1368549219999409],[119.48948057200005,-5.1368405909999524],[119.48948119000011,-5.1368154799999388],[119.48948541900006,-5.1367989629999329],[119.48948838100011,-5.1367924619999599],[119.48950397200008,-5.1367859769999313],[119.48952251300011,-5.1367701219999731],[119.4895595910001,-5.1367369769999414],[119.48957813600009,-5.1367218389999607],[119.48962024500008,-5.1366944129999297],[119.48964454400004,-5.13668714399995],[119.48966743400001,-5.1366856199999802],[119.48969106000004,-5.1366891149999674],[119.48970610200001,-5.1366933609999705],[119.48972614200011,-5.1366947169999548],[119.48974759000009,-5.1366903289999755],[119.48977118200003,-5.1366852149999431],[119.48979548900002,-5.1366800989999319],[119.48981481900012,-5.1366828929999429],[119.48983343600003,-5.1366864069999565]]]},"properties":{"OBJECTID":301,"Id":300,"KODE":" ","BANGUNAN":"Danau Unhas","UNIT":" ","LOKASI":"Kampus Unhas Tamalanrea","TAHUN":2021,"Skala":"1 : 100","Luas_m2":48346.93,"FOTO":" ","Shape_Length":0.011527628707908254,"Shape_Area":3.9388796075096766e-06}},{"type":"Feature","id":302,"geometry":{"type":"Polygon","coordinates":[[[119.48950725400005,-5.1368942919999654],[119.48952302600003,-5.1369021219999809],[119.48954022000009,-5.136907793999967],[119.48955815000011,-5.1369184849999669],[119.48958037200009,-5.1369291599999656],[119.48959976000003,-5.1369470189999333],[119.48960985200006,-5.136966349999966],[119.48961490800002,-5.1369785259999503],[119.48961935400007,-5.1370179649999272],[119.48962086600011,-5.1370387639999535],[119.48962309600006,-5.1370602779999786],[119.48962674300003,-5.1370781979999265],[119.48964044100001,-5.1371046889999548],[119.4896519670001,-5.1371247309999717],[119.48966564200009,-5.1371454819999371],[119.48968145300012,-5.1371633559999736],[119.48970513100005,-5.137180480999973],[119.48972946100002,-5.1371811029999321],[119.48976664500003,-5.1371752189999711],[119.48978662600007,-5.1371615099999417],[119.48980443300002,-5.1371406359999696],[119.48981009600004,-5.1371248309999373],[119.48981935000006,-5.1371125989999769],[119.4898350520001,-5.1371024939999756],[119.4898629170001,-5.1370923419999599],[119.48989649000009,-5.137077862999945],[119.48992148500008,-5.137065568999958],[119.48994573700008,-5.1370461049999676],[119.48997071800011,-5.1370302249999327],[119.48999928800004,-5.1370171999999457],[119.4900149990001,-5.1370092469999804],[119.49002993000011,-5.1369847969999682],[119.49004130500009,-5.1369660999999383],[119.49004623000008,-5.1369445589999714],[119.49005184800001,-5.1369172759999628],[119.49004891700008,-5.1368993519999435],[119.49004240200009,-5.1368800079999346],[119.49002731500002,-5.1368642839999552],[119.49001426600012,-5.1368205729999659],[119.49000490300011,-5.1368048269999349],[119.48999194300006,-5.1367840729999443],[119.48997756900008,-5.1367676279999728],[119.48996393600009,-5.1367576379999491],[119.48993308600006,-5.1367362359999333],[119.48992018700005,-5.1367312649999803],[119.48989942700007,-5.1367284759999734],[119.48987072600005,-5.1367077839999524],[119.48985421900011,-5.13669493499998],[119.48983343600003,-5.1366864069999565],[119.48981481900012,-5.1366828929999429],[119.48979548900002,-5.1366800989999319],[119.48977118200003,-5.1366852149999431],[119.48974759000009,-5.1366903289999755],[119.48972614200011,-5.1366947169999548],[119.48970610200001,-5.1366933609999705],[119.48969106000004,-5.1366891149999674],[119.48966743400001,-5.1366856199999802],[119.48964454400004,-5.13668714399995],[119.48962024500008,-5.1366944129999297],[119.48957813600009,-5.1367218389999607],[119.4895595910001,-5.1367369769999414],[119.48952251300011,-5.1367701219999731],[119.48950397200008,-5.1367859769999313],[119.48948838100011,-5.1367924619999599],[119.48948541900006,-5.1367989629999329],[119.48948119000011,-5.1368154799999388],[119.48946262000004,-5.1368241609999359],[119.48944472700009,-5.1368227959999331],[119.4894275580001,-5.1368235809999305],[119.48941040300008,-5.136827951999976],[119.48939825600007,-5.1368323039999382],[119.48939116200006,-5.1368481139999744],[119.4893898150001,-5.1368696419999651],[119.48939418600003,-5.1368897119999701],[119.48940069200012,-5.1369069039999431],[119.48941718200001,-5.1369154489999573],[119.4894329120001,-5.1369125179999742],[119.48944788200004,-5.1368981109999368],[119.48946430500007,-5.1368894379999688],[119.48947930000008,-5.1368814879999718],[119.48948932500002,-5.1368836009999654],[119.48950725400005,-5.1368942919999654]]]},"properties":{"OBJECTID":302,"Id":301,"KODE":" ","BANGUNAN":"Danau Unhas","UNIT":" ","LOKASI":"Kampus Unhas Tamalanrea","TAHUN":2021,"Skala":"1 : 100","Luas_m2":2346.1199999999999,"FOTO":" ","Shape_Length":0.0018739697777400406,"Shape_Area":1.9114129526045807e-07}},{"type":"Feature","id":303,"geometry":{"type":"Polygon","coordinates":[[[119.48024826300002,-5.1299265719999312],[119.48022189900007,-5.1299244319999389],[119.48020278400008,-5.1299816249999708],[119.48026985600006,-5.130056930999956],[119.4802838380001,-5.1300336809999294],[119.48030843700008,-5.1300424329999714],[119.48029765500007,-5.1300912589999257],[119.48032565900007,-5.1301786739999784],[119.48040323700002,-5.1301953509999407],[119.48041559100011,-5.1301170119999711],[119.48041533800006,-5.1301173459999632],[119.48038407500007,-5.130112444999952],[119.48039723400007,-5.1300614579999433],[119.48039198000004,-5.1300595659999431],[119.48039994200008,-5.130021511999928],[119.48039206400006,-5.1300196299999357],[119.48039768700005,-5.1299935419999656],[119.48024826300002,-5.1299265719999312]]]},"properties":{"OBJECTID":303,"Id":302,"KODE":" ","BANGUNAN":" ","UNIT":" ","LOKASI":"Kampus Unhas Tamalanrea","TAHUN":2021,"Skala":"1 : 100","Luas_m2":350.94,"FOTO":" ","Shape_Length":0.00086900478433342985,"Shape_Area":2.8591791940071925e-08}},{"type":"Feature","id":304,"geometry":{"type":"Polygon","coordinates":[[[119.48003074600001,-5.1301027399999271],[119.48002626300001,-5.1301154309999788],[119.48002124300001,-5.1301123419999612],[119.48001292200001,-5.1301193089999515],[119.48000700800003,-5.1301320069999292],[119.48000080100007,-5.1301303569999277],[119.4799891560001,-5.130141162999962],[119.47994950000009,-5.1302479719999496],[119.4800545810001,-5.1302841509999553],[119.48009285400008,-5.1301649009999437],[119.48012187000006,-5.130174831999966],[119.48011939100002,-5.1301812979999681],[119.48016957100003,-5.1302058539999393],[119.48018446900005,-5.1301727959999539],[119.48019089900004,-5.130170259999943],[119.48017757600007,-5.1301480719999404],[119.48016757700009,-5.1301527739999528],[119.48017113000003,-5.1301463029999468],[119.48013456800004,-5.1301277929999287],[119.48013632200002,-5.1301188179999713],[119.48010014200008,-5.1301067629999579],[119.48013185800005,-5.1300747149999779],[119.48012066800004,-5.1300489319999656],[119.48011281300001,-5.1300529079999251],[119.4801070530001,-5.1300436039999795],[119.48004034400003,-5.1300930059999246],[119.48003074600001,-5.1301027399999271]]]},"properties":{"OBJECTID":304,"Id":303,"KODE":" ","BANGUNAN":" ","UNIT":" ","LOKASI":"Kampus Unhas Tamalanrea","TAHUN":2021,"Skala":"1 : 100","Luas_m2":317.18000000000001,"FOTO":" ","Shape_Length":0.00087565850554450738,"Shape_Area":2.5840870676627959e-08}},{"type":"Feature","id":305,"geometry":{"type":"Polygon","coordinates":[[[119.47988319600006,-5.1298867979999727],[119.47990315400011,-5.1298671109999532],[119.47988735400008,-5.1298518679999461],[119.47985558500011,-5.1299010139999268],[119.4799142600001,-5.1299636789999568],[119.47993648000011,-5.129939841999942],[119.47992055200007,-5.1299253929999509],[119.47992387400006,-5.1299210749999702],[119.47990136500005,-5.1298977269999568],[119.47989708900002,-5.1299022879999256],[119.47988319600006,-5.1298867979999727]]]},"properties":{"OBJECTID":305,"Id":304,"KODE":" ","BANGUNAN":" ","UNIT":" ","LOKASI":"Kampus Unhas Tamalanrea","TAHUN":2021,"Skala":"1 : 100","Luas_m2":41.710000000000001,"FOTO":" ","Shape_Length":0.00031338621093686988,"Shape_Area":3.3984456071434452e-09}},{"type":"Feature","id":306,"geometry":{"type":"Polygon","coordinates":[[[119.47992760200009,-5.1298364069999707],[119.47989577400006,-5.1298087909999595],[119.47987461900004,-5.1298272859999656],[119.47990271500009,-5.1298582649999389],[119.47992760200009,-5.1298364069999707]]]},"properties":{"OBJECTID":306,"Id":305,"KODE":" ","BANGUNAN":" ","UNIT":" ","LOKASI":"Kampus Unhas Tamalanrea","TAHUN":2021,"Skala":"1 : 100","Luas_m2":15.699999999999999,"FOTO":" ","Shape_Length":0.00014518352062550696,"Shape_Area":1.2789860409027668e-09}},{"type":"Feature","id":307,"geometry":{"type":"Polygon","coordinates":[[[119.47987436100004,-5.1297605679999378],[119.47985137900002,-5.1297384179999312],[119.47983379400011,-5.1297549859999663],[119.47985293800002,-5.1297714129999576],[119.47985768900003,-5.1297666109999795],[119.47986460200002,-5.129773413999942],[119.47987436100004,-5.1297605679999378]]]},"properties":{"OBJECTID":307,"Id":306,"KODE":" ","BANGUNAN":" ","UNIT":" ","LOKASI":"Kampus Unhas Tamalanrea","TAHUN":2021,"Skala":"1 : 100","Luas_m2":8.8000000000000007,"FOTO":" ","Shape_Length":0.00011389143315101034,"Shape_Area":7.1682602500375268e-10}},{"type":"Feature","id":308,"geometry":{"type":"Polygon","coordinates":[[[119.47965816300007,-5.1297174679999671],[119.47965787200008,-5.1297174079999763],[119.47963749900009,-5.1296914209999613],[119.47961396100004,-5.1297106429999531],[119.47963171200001,-5.1297368789999496],[119.47965816300007,-5.1297174679999671]]]},"properties":{"OBJECTID":308,"Id":307,"KODE":" ","BANGUNAN":" ","UNIT":" ","LOKASI":"Kampus Unhas Tamalanrea","TAHUN":2021,"Skala":"1 : 100","Luas_m2":12.539999999999999,"FOTO":" ","Shape_Length":0.00012819366615350364,"Shape_Area":1.0212454776506456e-09}},{"type":"Feature","id":309,"geometry":{"type":"Polygon","coordinates":[[[119.47966525100003,-5.1295901589999744],[119.47965328000009,-5.129578247999973],[119.47964545000002,-5.1295888009999544],[119.47965675400008,-5.1295992089999345],[119.47966525100003,-5.1295901589999744]]]},"properties":{"OBJECTID":309,"Id":308,"KODE":" ","BANGUNAN":" ","UNIT":" ","LOKASI":"Kampus Unhas Tamalanrea","TAHUN":2021,"Skala":"1 : 100","Luas_m2":2.52,"FOTO":" ","Shape_Length":5.7807284939424429e-05,"Shape_Area":2.0516553417669743e-10}},{"type":"Feature","id":310,"geometry":{"type":"Polygon","coordinates":[[[119.47958165300008,-5.1294844339999486],[119.47957024000004,-5.129493565999951],[119.47956592600008,-5.1294880819999662],[119.47954644600009,-5.1295082449999541],[119.47955290900006,-5.1295141989999706],[119.47953674900009,-5.1295293269999434],[119.47949964100007,-5.1294931219999285],[119.47947493100003,-5.1295173709999631],[119.47955896400003,-5.1295997859999716],[119.47956656200006,-5.1295911479999745],[119.47957684700009,-5.1295987599999648],[119.47958635300006,-5.1295898749999651],[119.47959185800005,-5.1295948759999419],[119.47961205700005,-5.129575665999937],[119.47960989700005,-5.1295723269999485],[119.47963372900006,-5.1295473189999257],[119.47962168200002,-5.1295359319999534],[119.47963427900004,-5.1295246439999573],[119.47961104600006,-5.1294991469999331],[119.47960200900002,-5.1295061169999485],[119.47958165300008,-5.1294844339999486]]]},"properties":{"OBJECTID":310,"Id":309,"KODE":" ","BANGUNAN":" ","UNIT":" ","LOKASI":"Kampus Unhas Tamalanrea","TAHUN":2021,"Skala":"1 : 100","Luas_m2":123.59999999999999,"FOTO":" ","Shape_Length":0.00050500590056373816,"Shape_Area":1.0069529910429795e-08}},{"type":"Feature","id":311,"geometry":{"type":"Polygon","coordinates":[[[119.47923061600011,-5.1300031879999324],[119.47920675500006,-5.1300623469999778],[119.47933551900007,-5.1301168489999327],[119.47933812500003,-5.1301122949999467],[119.4793603390001,-5.1301208179999662],[119.47935821300007,-5.1301263259999246],[119.47947883400002,-5.1301720109999565],[119.47948119900002,-5.1301667409999254],[119.47949600800007,-5.1301724229999763],[119.47949436600004,-5.1301796029999309],[119.47975612800008,-5.1302732849999302],[119.47978777800006,-5.1301808889999734],[119.47963317600011,-5.1301180839999461],[119.47962538100001,-5.130137723999951],[119.47964735200003,-5.1301450519999321],[119.4796409810001,-5.1301627729999382],[119.47950888100002,-5.1301090019999265],[119.47951406600009,-5.1300929589999669],[119.47950355100011,-5.1300874999999451],[119.4795080240001,-5.1300724169999512],[119.47940244500001,-5.1300309779999793],[119.47938968700009,-5.1300623539999606],[119.47925184500002,-5.1300038229999245],[119.47924781900008,-5.1300112519999743],[119.47923061600011,-5.1300031879999324]]]},"properties":{"OBJECTID":311,"Id":310,"KODE":" ","BANGUNAN":" ","UNIT":" ","LOKASI":"Kampus Unhas Tamalanrea","TAHUN":2021,"Skala":"1 : 100","Luas_m2":609.88,"FOTO":" ","Shape_Length":0.0015137836435526247,"Shape_Area":4.9688270595648605e-08}},{"type":"Feature","id":312,"geometry":{"type":"Polygon","coordinates":[[[119.4792146850001,-5.1299104049999755],[119.47922204300005,-5.1298702019999496],[119.47919411700002,-5.1298649299999397],[119.47918568700004,-5.1299051369999802],[119.47921474100008,-5.1299106229999438],[119.4792146850001,-5.1299104049999755]]]},"properties":{"OBJECTID":312,"Id":311,"KODE":" ","BANGUNAN":" ","UNIT":" ","LOKASI":"Kampus Unhas Tamalanrea","TAHUN":2021,"Skala":"1 : 100","Luas_m2":14.59,"FOTO":" ","Shape_Length":0.0001401637793315341,"Shape_Area":1.1889293702226988e-09}},{"type":"Feature","id":313,"geometry":{"type":"Polygon","coordinates":[[[119.48036071900003,-5.1305528899999331],[119.48034783300011,-5.1305511469999487],[119.48034624200011,-5.1305099019999716],[119.48033073700003,-5.1304834169999367],[119.48033039900008,-5.1304834189999724],[119.48025958400001,-5.1304887159999453],[119.48024556300004,-5.1305637399999569],[119.48027492800009,-5.1305711579999524],[119.48027140600004,-5.1305855199999542],[119.48023452600012,-5.1305774129999691],[119.48021900500009,-5.1306345079999573],[119.4803314400001,-5.1306602559999419],[119.48034339700007,-5.1306067629999461],[119.4803501990001,-5.1306081709999489],[119.48036071900003,-5.1305528899999331]]]},"properties":{"OBJECTID":313,"Id":312,"KODE":" ","BANGUNAN":" ","UNIT":" ","LOKASI":"Kampus Unhas Tamalanrea","TAHUN":2021,"Skala":"1 : 100","Luas_m2":205.69999999999999,"FOTO":" ","Shape_Length":0.00060802296818958509,"Shape_Area":1.675848364136796e-08}},{"type":"Feature","id":314,"geometry":{"type":"Polygon","coordinates":[[[119.48187714700009,-5.1325399839999477],[119.48183657800007,-5.1325339239999721],[119.48182008800006,-5.1325253789999579],[119.4818031420001,-5.1325223359999654],[119.48178876700001,-5.1326288079999358],[119.48185059900004,-5.1326411539999413],[119.48185058600006,-5.1326407629999267],[119.48185312800001,-5.1326197099999717],[119.48187412800007,-5.1326227369999629],[119.4818794360001,-5.13257680199996],[119.48187514300002,-5.1325768189999508],[119.48187714700009,-5.1325399839999477]]]},"properties":{"OBJECTID":314,"Id":313,"KODE":" ","BANGUNAN":" ","UNIT":" ","LOKASI":"Kampus Unhas Tamalanrea","TAHUN":2021,"Skala":"1 : 100","Luas_m2":98.920000000000002,"FOTO":" ","Shape_Length":0.00037753651087209949,"Shape_Area":8.0591562944514029e-09}},{"type":"Feature","id":315,"geometry":{"type":"Polygon","coordinates":[[[119.48173642000006,-5.1325374219999276],[119.48169823800004,-5.1325320709999573],[119.48169754900005,-5.1325387689999502],[119.48167964700008,-5.1325352519999683],[119.48167405800007,-5.1325701869999421],[119.48168408700008,-5.1325730179999596],[119.48167826100007,-5.132608432999973],[119.48169186600001,-5.1326110099999482],[119.48169116500003,-5.1326148389999275],[119.48172936800006,-5.1326210169999626],[119.48173120600006,-5.1326077479999412],[119.48173359200007,-5.1326079779999532],[119.48173840100003,-5.1325563059999695],[119.48173577500006,-5.1325558379999734],[119.48173642000006,-5.1325374219999276]]]},"properties":{"OBJECTID":315,"Id":314,"KODE":" ","BANGUNAN":" ","UNIT":" ","LOKASI":"Kampus Unhas Tamalanrea","TAHUN":2021,"Skala":"1 : 100","Luas_m2":55.789999999999999,"FOTO":" ","Shape_Length":0.00029044543306951836,"Shape_Area":4.5454808348958935e-09}},{"type":"Feature","id":316,"geometry":{"type":"Polygon","coordinates":[[[119.48156621800001,-5.1317628189999596],[119.48154467500001,-5.1318045119999738],[119.48155853800006,-5.1318121109999311],[119.48152963200005,-5.1318764909999572],[119.48153925000008,-5.1318820129999381],[119.48157794200006,-5.1318959719999384],[119.48160890800011,-5.1318241109999576],[119.48163065000006,-5.1318340699999681],[119.48164199200005,-5.1318065249999449],[119.48163195800009,-5.1318020209999418],[119.48163763600007,-5.1317902809999509],[119.48162018500011,-5.1317798269999457],[119.48161710900001,-5.1317860559999531],[119.48156621800001,-5.1317628189999596]]]},"properties":{"OBJECTID":316,"Id":315,"KODE":" ","BANGUNAN":" ","UNIT":" ","LOKASI":"Kampus Unhas Tamalanrea","TAHUN":2021,"Skala":"1 : 100","Luas_m2":94.060000000000002,"FOTO":" ","Shape_Length":0.00042476025701616729,"Shape_Area":7.6635061613823846e-09}},{"type":"Feature","id":317,"geometry":{"type":"Polygon","coordinates":[[[119.48148888100002,-5.1317468579999286],[119.48150408600009,-5.1317317339999704],[119.4814844440001,-5.1317098089999718],[119.48144521900008,-5.1317429629999651],[119.48146486600001,-5.131766081999956],[119.4814594070001,-5.1317727989999753],[119.48150804400007,-5.1318300029999477],[119.48154575900003,-5.1317943729999342],[119.48151038700007,-5.1317575359999523],[119.48150396900007,-5.1317630609999583],[119.48148888100002,-5.1317468579999286]]]},"properties":{"OBJECTID":317,"Id":316,"KODE":" ","BANGUNAN":" ","UNIT":" ","LOKASI":"Kampus Unhas Tamalanrea","TAHUN":2021,"Skala":"1 : 100","Luas_m2":62.68,"FOTO":" ","Shape_Length":0.00034988511868072001,"Shape_Area":5.1067624659680354e-09}},{"type":"Feature","id":318,"geometry":{"type":"Polygon","coordinates":[[[119.48265104300003,-5.1317986489999612],[119.48265745100002,-5.1318130739999788],[119.48266135600011,-5.13182186399996],[119.48266817900003,-5.1318372209999552],[119.4826685160001,-5.1318379819999791],[119.4826710640001,-5.1318437159999348],[119.48267125100006,-5.1318435279999335],[119.48271840200005,-5.1318246919999524],[119.48269699800005,-5.1317790999999602],[119.48266138300005,-5.1317942499999276],[119.48265104300003,-5.1317986489999612]]]},"properties":{"OBJECTID":318,"Id":317,"KODE":" ","BANGUNAN":"Gazebo Unhas","UNIT":" ","LOKASI":"Kampus Unhas Tamalanrea","TAHUN":2021,"Skala":"1 : 100","Luas_m2":30.82,"FOTO":" ","Shape_Length":0.00020065982855625288,"Shape_Area":2.5112783566656934e-09}},{"type":"Feature","id":319,"geometry":{"type":"Polygon","coordinates":[[[119.48979654700008,-5.1387648569999556],[119.48981284500007,-5.1387853589999395],[119.48983234100001,-5.1387694999999667],[119.48981651600002,-5.138748039999939],[119.48979654700008,-5.1387648569999556]]]},"properties":{"OBJECTID":319,"Id":318,"KODE":"Masjid","BANGUNAN":"Masjid Ikhtiar Kampus Unhas","UNIT":"1","LOKASI":"Kampus Unhas Tamalanrea","TAHUN":2021,"Skala":"1 : 100","Luas_m2":8.3000000000000007,"FOTO":" ","Shape_Length":0.00010409328560810166,"Shape_Area":6.7642036805002513e-10}},{"type":"Feature","id":320,"geometry":{"type":"Polygon","coordinates":[[[119.48001063700008,-5.1300671079999347],[119.48002170600012,-5.1300565249999295],[119.48002458300004,-5.1300603399999432],[119.48010087900002,-5.1299921289999588],[119.48010103200011,-5.1299918709999588],[119.48007404100008,-5.1299594709999496],[119.48006191600007,-5.1299695619999284],[119.48003414200002,-5.1299416909999422],[119.48002178000002,-5.1299520219999408],[119.47999042100002,-5.1299222519999716],[119.47992008200004,-5.1299890049999703],[119.47999960700008,-5.1300776549999796],[119.48000326100009,-5.130074160999925],[119.48001063700008,-5.1300671079999347]]]},"properties":{"OBJECTID":320,"Id":319,"KODE":" ","BANGUNAN":" ","UNIT":" ","LOKASI":"Kampus Unhas Tamalanrea","TAHUN":2021,"Skala":"1 : 100","Luas_m2":176.38,"FOTO":" ","Shape_Length":0.00051070073101759607,"Shape_Area":1.4370315476148886e-08}},{"type":"Feature","id":321,"geometry":{"type":"Polygon","coordinates":[[[119.48178914000005,-5.1278959169999325],[119.4817869200001,-5.1281238219999636],[119.48196651400008,-5.1281243199999267],[119.48197113100002,-5.1278995139999779],[119.48178914000005,-5.1278959169999325]]]},"properties":{"OBJECTID":321,"Id":320,"KODE":" ","BANGUNAN":" ","UNIT":" ","LOKASI":" ","TAHUN":0,"Skala":" ","Luas_m2":502.38999999999999,"FOTO":" ","Shape_Length":0.00081439045219627989,"Shape_Area":4.0930376104983736e-08}},{"type":"Feature","id":322,"geometry":{"type":"Polygon","coordinates":[[[119.48016463200008,-5.1273168869999495],[119.48018276200003,-5.127379709999957],[119.48021969500007,-5.1273707179999519],[119.48020227800009,-5.1273074149999616],[119.48016463200008,-5.1273168869999495]]]},"properties":{"OBJECTID":322,"Id":321,"KODE":" ","BANGUNAN":" ","UNIT":" ","LOKASI":" ","TAHUN":0,"Skala":" ","Luas_m2":30.879999999999999,"FOTO":" ","Shape_Length":0.00020787326874971933,"Shape_Area":2.5156726918311533e-09}},{"type":"Feature","id":323,"geometry":{"type":"Polygon","coordinates":[[[119.4802831180001,-5.1272422949999736],[119.48023990200011,-5.1274155969999811],[119.48032258500007,-5.1274573639999517],[119.48036769200007,-5.1272797509999464],[119.4802831180001,-5.1272422949999736]]]},"properties":{"OBJECTID":323,"Id":322,"KODE":" ","BANGUNAN":" ","UNIT":" ","LOKASI":" ","TAHUN":0,"Skala":" ","Luas_m2":201.58000000000001,"FOTO":" ","Shape_Length":0.00054699090775536428,"Shape_Area":1.6422550789141491e-08}},{"type":"Feature","id":324,"geometry":{"type":"Polygon","coordinates":[[[119.48197581200009,-5.1252049779999425],[119.48194716800003,-5.1251988709999523],[119.48194272100011,-5.1252206499999602],[119.48197017400003,-5.1252272389999689],[119.48197581200009,-5.1252049779999425]]]},"properties":{"OBJECTID":324,"Id":323,"KODE":" ","BANGUNAN":" ","UNIT":" ","LOKASI":" ","TAHUN":0,"Skala":" ","Luas_m2":7.9699999999999998,"FOTO":" ","Shape_Length":0.00010271266656248728,"Shape_Area":6.4963776009809234e-10}},{"type":"Feature","id":325,"geometry":{"type":"Polygon","coordinates":[[[119.48194442700003,-5.1251685119999593],[119.48187041000006,-5.1251472769999395],[119.48185605100002,-5.1251963559999467],[119.48193317000005,-5.1252178179999532],[119.48194442700003,-5.1251685119999593]]]},"properties":{"OBJECTID":325,"Id":324,"KODE":" ","BANGUNAN":" ","UNIT":" ","LOKASI":" ","TAHUN":0,"Skala":" ","Luas_m2":48.979999999999997,"FOTO":" ","Shape_Length":0.00025876367808219387,"Shape_Area":3.990810428372558e-09}},{"type":"Feature","id":326,"geometry":{"type":"Polygon","coordinates":[[[119.48190973800001,-5.1252889799999366],[119.48190556700001,-5.1253208009999298],[119.48194517900004,-5.1253261469999529],[119.48194911300004,-5.1252948049999532],[119.48190973800001,-5.1252889799999366]]]},"properties":{"OBJECTID":326,"Id":325,"KODE":" ","BANGUNAN":" ","UNIT":" ","LOKASI":" ","TAHUN":0,"Skala":" ","Luas_m2":15.59,"FOTO":" ","Shape_Length":0.00014345577779926392,"Shape_Area":1.2698992097758311e-09}},{"type":"Feature","id":327,"geometry":{"type":"Polygon","coordinates":[[[119.48503663700001,-5.1300079179999329],[119.48488333500006,-5.1298453899999572],[119.48491347900006,-5.1298786849999374],[119.48503663700001,-5.1300079179999329]]]},"properties":{"OBJECTID":327,"Id":326,"KODE":" ","BANGUNAN":" ","UNIT":" ","LOKASI":"Kampus Unhas Tamalanrea","TAHUN":2021,"Skala":"1 : 100","Luas_m2":3727.3600000000001,"FOTO":" ","Shape_Length":0.00044685332570712494,"Shape_Area":1.0247302748502808e-10}},{"type":"Feature","id":328,"geometry":{"type":"Polygon","coordinates":[[[119.48481393000009,-5.1297753219999436],[119.48479112000007,-5.1297976499999436],[119.48477794900009,-5.12978383199993],[119.48479173100009,-5.1297706259999813],[119.4847658540001,-5.1297398779999526],[119.48475064600007,-5.1297545239999636],[119.48474298500003,-5.1297469019999653],[119.4847170810001,-5.1297709159999272],[119.48475036800005,-5.1298059389999366],[119.48465270300005,-5.1298988649999728],[119.48464120600011,-5.1298859959999277],[119.48454093500004,-5.1299834749999604],[119.48467504300004,-5.1301247599999442],[119.48466031600003,-5.1301403609999738],[119.48475562800002,-5.1302406669999527],[119.48472900800004,-5.1302644449999661],[119.48478097800012,-5.130319960999941],[119.4848220770001,-5.1302781909999453],[119.48490635600001,-5.1303625169999805],[119.48499095700004,-5.1302832739999644],[119.48495913600004,-5.1302524019999396],[119.48501518100011,-5.1301951779999513],[119.4850422400001,-5.1302230509999731],[119.48508049200007,-5.1301851189999752],[119.48507259100006,-5.1301772579999465],[119.48513970800002,-5.1301142239999535],[119.48515508500009,-5.1301300019999303],[119.48503663700001,-5.1300079179999329],[119.48507102600001,-5.1300440029999663],[119.4850701040001,-5.1300449919999664],[119.48502497100003,-5.1300922769999602],[119.48503072200003,-5.1300991899999531],[119.48499864500002,-5.1301304019999634],[119.48484467000003,-5.1299707809999404],[119.48488149400009,-5.1299335719999704],[119.4848280760001,-5.1298735179999539],[119.48484684800007,-5.1298555089999809],[119.48480326400011,-5.1298100039999781],[119.48482685600004,-5.1297883719999504],[119.48481393000009,-5.1297753219999436]]]},"properties":{"OBJECTID":328,"Id":327,"KODE":" ","BANGUNAN":" ","UNIT":" ","LOKASI":"Kampus Unhas Tamalanrea","TAHUN":2021,"Skala":"1 : 100","Luas_m2":3727.3600000000001,"FOTO":" ","Shape_Length":0.0024545795024980797,"Shape_Area":1.4917315894635754e-07}},{"type":"Feature","id":329,"geometry":{"type":"Polygon","coordinates":[[[119.48598101700009,-5.1290328419999582],[119.48591548900004,-5.1290311439999527],[119.48591592600008,-5.1290208599999687],[119.48557508300007,-5.1290147729999376],[119.4855747790001,-5.1289977949999752],[119.48567208800011,-5.1289978949999409],[119.48567689100003,-5.1288030609999282],[119.48558958600006,-5.1287995739999701],[119.48559079800009,-5.128743133999933],[119.48568787300007,-5.1287441909999529],[119.48568810300003,-5.1287420379999276],[119.48570026800007,-5.1287424689999739],[119.48570029500002,-5.1287494039999615],[119.48589446100004,-5.1287560609999332],[119.48589446300002,-5.1286948429999484],[119.48570196500009,-5.128687938999974],[119.48570198100003,-5.128692004999948],[119.48569077100001,-5.1286918089999745],[119.48569518400006,-5.1284148739999296],[119.48561683200001,-5.1284123149999346],[119.48562075000007,-5.1283126699999571],[119.48553464800011,-5.1283118089999675],[119.4855313490001,-5.1283832219999681],[119.48538117800001,-5.1283792679999465],[119.48537655900009,-5.1286031169999546],[119.48540613400007,-5.1286032409999507],[119.48540427100011,-5.12873811999998],[119.4855452380001,-5.1287413979999315],[119.48554452900009,-5.1288047719999668],[119.48555120900005,-5.1288052239999615],[119.48554710200006,-5.1289764609999793],[119.48551728700011,-5.1289758589999792],[119.48551537100002,-5.1290354109999612],[119.48545526400005,-5.1290344489999597],[119.48545374100001,-5.1291339359999597],[119.48551267000005,-5.1291387279999299],[119.4855127080001,-5.129148531999931],[119.48552129500001,-5.1291487379999694],[119.48552131200006,-5.1291532819999475],[119.48555995100003,-5.1291536099999462],[119.4855598470001,-5.1291882849999411],[119.48573158400006,-5.1291923989999759],[119.4857292690001,-5.1292720399999325],[119.48578556100006,-5.1292734949999499],[119.48578740000005,-5.1291940949999457],[119.48579765600005,-5.1291942939999444],[119.48579613800007,-5.1292332789999477],[119.48583167700008,-5.1292338579999637],[119.48583138900005,-5.1292211849999489],[119.48588601500001,-5.1292236029999572],[119.48588815100004,-5.1291592669999773],[119.48598255400009,-5.1291613319999669],[119.48598101700009,-5.1290328419999582]]]},"properties":{"OBJECTID":329,"Id":328,"KODE":" ","BANGUNAN":"Pasca Sarjana","UNIT":" ","LOKASI":"Kampus Unhas Tamalanrea","TAHUN":2021,"Skala":"1 : 100","Luas_m2":6618.7600000000002,"FOTO":"IMG_0919.jpg","Shape_Length":0.004216190373756255,"Shape_Area":2.4367607808026927e-07}},{"type":"Feature","id":330,"geometry":{"type":"Polygon","coordinates":[[[119.49030713100001,-5.1314520979999543],[119.49030931300001,-5.1314193769999292],[119.49056787100005,-5.1314250639999273],[119.49056781600007,-5.1314724129999263],[119.49061790200005,-5.1314726959999462],[119.49061668800005,-5.1315284189999488],[119.49065151200011,-5.1315292399999635],[119.49065271300003,-5.1314699299999802],[119.49096159700002,-5.1314761379999254],[119.49096140100005,-5.1314871389999439],[119.49089342400009,-5.1314859689999253],[119.49089307300005,-5.1315184929999305],[119.49096200300005,-5.1315194189999715],[119.49096209000004,-5.1315416589999359],[119.49104150000005,-5.1315428669999505],[119.49104184500004,-5.1315089089999333],[119.49103135000007,-5.1315087109999808],[119.49103198800003,-5.1314886209999599],[119.49098762000006,-5.1314871199999743],[119.49098758000002,-5.1314765979999493],[119.49102812500007,-5.1314766789999453],[119.49103192300004,-5.1313489669999512],[119.49064027500003,-5.1313418859999729],[119.4906389030001,-5.1312954989999753],[119.49059906500008,-5.1312935019999486],[119.49060075400007,-5.1311756029999742],[119.49053062900009,-5.1311742019999542],[119.49052584800006,-5.1312942659999408],[119.49018190900006,-5.1312893899999494],[119.49017859100002,-5.1314175789999581],[119.49021890100005,-5.131418377999978],[119.49021808800001,-5.1314503079999554],[119.49030713100001,-5.1314520979999543]]]},"properties":{"OBJECTID":330,"Id":329,"KODE":" ","BANGUNAN":"Fakultas Ekonomi dan Bisnis","UNIT":" ","LOKASI":"Kampus Unhas Tamalanrea","TAHUN":2021,"Skala":"1 : 100","Luas_m2":3459.3400000000001,"FOTO":"IMG_0922.jpg","Shape_Length":0.0028373268204134857,"Shape_Area":1.328895811870756e-07}},{"type":"Feature","id":331,"geometry":{"type":"Polygon","coordinates":[[[119.4854042820001,-5.1314258079999604],[119.48535681800001,-5.1314252749999696],[119.48535677000007,-5.1314128409999284],[119.48526903000004,-5.1314203559999783],[119.48519642400004,-5.1314557919999402],[119.48513915800004,-5.1315110159999335],[119.48510532100011,-5.1315802569999391],[119.48509927300006,-5.1316199769999571],[119.48509513600004,-5.1316601679999394],[119.4851128900001,-5.1317488179999486],[119.48512336800002,-5.1317447119999429],[119.48513202900006,-5.1317640479999795],[119.48514714300006,-5.131786945999977],[119.48516079900003,-5.1318026759999498],[119.48518065900009,-5.131819337999957],[119.48520745700012,-5.1318414729999517],[119.48519628800011,-5.1318520389999662],[119.48518146000004,-5.1318413359999795],[119.48512211200011,-5.1319130679999603],[119.48516374600001,-5.1319478199999367],[119.48526429700007,-5.1319842549999635],[119.48528409800008,-5.1319856129999266],[119.48527852500001,-5.1320863099999769],[119.48535938800001,-5.1320888649999574],[119.48536304800007,-5.1319872179999493],[119.48538426800008,-5.1319854619999319],[119.48546335000003,-5.1319593269999473],[119.48548668700005,-5.1319499099999462],[119.48556517000009,-5.1318922119999684],[119.4855825190001,-5.1318763619999572],[119.48560100900011,-5.1318471149999709],[119.48554266000008,-5.1318074069999398],[119.48556922000012,-5.1317678459999456],[119.48556635200009,-5.1317664229999309],[119.48557629900006,-5.1317484489999288],[119.48558642500006,-5.1317149559999393],[119.48559034100003,-5.1316790699999615],[119.48559335000004,-5.1316553839999415],[119.48559395100006,-5.1316259679999803],[119.48559432900004,-5.1316003789999627],[119.4855559340001,-5.1315994359999308],[119.4855553750001,-5.1316539319999492],[119.48554984600003,-5.1317044109999301],[119.4855361650001,-5.1317436819999784],[119.48550675600006,-5.1317249049999418],[119.48543756800007,-5.1317191959999491],[119.48542333600005,-5.1317393389999779],[119.48539361700011,-5.1317636069999253],[119.4853543370001,-5.1317824129999394],[119.48530210900003,-5.1317833329999303],[119.4852603060001,-5.1317667569999799],[119.4852452340001,-5.1317546189999348],[119.48522944100012,-5.1317412889999332],[119.48528651100003,-5.1316973059999782],[119.48526420400003,-5.1316646309999783],[119.48521253600006,-5.131687071999977],[119.48521109000001,-5.1316832509999699],[119.48520574200006,-5.131657205999943],[119.48520963400006,-5.131615341999975],[119.48522546900006,-5.1315777359999402],[119.48525731000007,-5.1315472419999537],[119.48529634700003,-5.1315272419999474],[119.48530897400008,-5.131523844999947],[119.4853671620001,-5.1315219449999745],[119.48536735800008,-5.1315726409999343],[119.48540873200011,-5.1315731829999436],[119.4854042820001,-5.1314258079999604]]]},"properties":{"OBJECTID":331,"Id":330,"KODE":" ","BANGUNAN":"Fakultas Farmasi", "kode_id" : "Areasbuilding1770" ,"UNIT":" ","LOKASI":"Kampus Unhas Tamalanrea","TAHUN":2021,"Skala":"1 : 100","Luas_m2":4344.3599999999997,"FOTO":"IMG_0914.jpg","Shape_Length":0.0030798474612714084,"Shape_Area":1.5607627103169971e-07}}]}